subject_id,sub_id,split,scan_key,visit,image_id,image_path,seg_path,follow_up,capture_time,age,sex,diagnosis,dx_gap_days,source,sequence,head_size,accumbens_area,amygdala,brain_stem,caudate,cerebellum_cortex,cerebellum_white_matter,cerebral_cortex,cerebral_white_matter,csf,fourth_ventricle,hippocampus,inferior_lateral_ventricle,lateral_ventricle,pallidum,putamen,thalamus,third_ventricle,ventral_dc
ADNI_002_S_0413,002_S_0413,val,002_S_0413_MR_2006-05-02,2006-05-02,I14437,Image/ADNI_002_S_0413/2006-05-02/t1.nii.gz,Image/ADNI_002_S_0413/2006-05-02/seg.nii.gz,0.0,2006-05-02T12:31:52,76.37782340862422,0.0,0.0,8.0,ADNI,MP-RAGE,0.385253809049843,0.4175824175824176,0.6765188834154351,0.2896877459984256,0.30988023952095806,0.2995757424507113,0.2929277566539924,0.6405502867400594,0.5234201928440513,0.291971621659516,0.08674101610904585,0.5134168157423972,0.12782420303311667,0.18928698277393002,0.4144144144144144,0.16660563896008787,0.4498502994011976,0.5617886178861788,0.473944048272079
ADNI_002_S_0413,002_S_0413,val,002_S_0413_MR_2006-11-15,2006-11-15,I29705,Image/ADNI_002_S_0413/2006-11-15/t1.nii.gz,Image/ADNI_002_S_0413/2006-11-15/seg.nii.gz,6.471747700394218,2006-11-15T09:30:01,76.91718001368925,0.0,0.0,7.0,ADNI,MP-RAGE,0.3756680192940816,0.47692307692307695,0.7200328407224958,0.28706376279191814,0.34231536926147704,0.29847766408784626,0.25749049429657794,0.6857297177079859,0.5419555343055223,0.22575082022377388,0.10285006195786865,0.5180679785330948,0.13030021665119157,0.1884656366542355,0.416988416988417,0.18344928597583302,0.4921407185628742,0.5552845528455285,0.49972572682391664
ADNI_002_S_0413,002_S_0413,val,002_S_0413_MR_2007-06-01,2007-06-01,I55771,Image/ADNI_002_S_0413/2007-06-01/t1.nii.gz,Image/ADNI_002_S_0413/2007-06-01/seg.nii.gz,12.976346911957949,2007-06-01T07:04:09,77.45927446954141,0.0,0.0,13.0,ADNI,MP-RAGE,0.4245004211009877,0.44395604395604393,0.7233169129720853,0.3182891629493571,0.3383233532934132,0.3265285749937609,0.27543726235741445,0.6914804047721171,0.5290620766594948,0.26666386248282437,0.12639405204460966,0.5162790697674419,0.12875270813989476,0.1882436512164802,0.4337194337194337,0.1812522885389967,0.44573353293413176,0.5471544715447154,0.5255074053757542
ADNI_002_S_0413,002_S_0413,val,002_S_0413_MR_2008-07-31,2008-07-31,I115006,Image/ADNI_002_S_0413/2008-07-31/t1.nii.gz,Image/ADNI_002_S_0413/2008-07-31/seg.nii.gz,26.971090670170828,2008-07-31T09:17:17,78.62559890485969,0.0,0.0,0.0,ADNI,MPRAGE,0.7635403108490927,0.5186813186813187,0.8087027914614121,0.3482025715035424,0.36327345309381237,0.38861991514849015,0.2956653992395437,0.7617277478593782,0.5852418519403937,0.402049858388716,0.1412639405204461,0.5474060822898033,0.1590838749613123,0.2317305984727402,0.46589446589446587,0.26180886122299524,0.5213323353293413,0.6357723577235772,0.5995611629182666
ADNI_002_S_0413,002_S_0413,val,002_S_0413_MR_2009-04-30,2009-04-30,I142972,Image/ADNI_002_S_0413/2009-04-30/t1.nii.gz,Image/ADNI_002_S_0413/2009-04-30/seg.nii.gz,35.939553219448094,2009-04-30T10:58:19,79.37303216974675,0.0,0.0,5.0,ADNI,MPRAGE,0.6442998239032234,0.4967032967032967,0.7372742200328407,0.32353712936237206,0.36427145708582837,0.38123284252558026,0.27361216730038024,0.7589636054583869,0.5299227030042234,0.3622024059897367,0.12763320941759604,0.5366726296958855,0.134942742185082,0.22074231930385366,0.4851994851994852,0.2361772244599048,0.5190868263473054,0.608130081300813,0.5458036204059243
ADNI_002_S_0413,002_S_0413,val,002_S_0413_MR_2010-05-06,2010-05-06,I173460,Image/ADNI_002_S_0413/2010-05-06/t1.nii.gz,Image/ADNI_002_S_0413/2010-05-06/seg.nii.gz,48.12746386333771,2010-05-06T12:37:46,80.38877481177276,0.0,0.0,0.0,ADNI,MP-RAGE,0.41183676594441465,0.45494505494505494,0.6781609195402298,0.2951981107320913,0.3028942115768463,0.2645370601447467,0.284106463878327,0.6318130550127882,0.49900390469360106,0.3411429853341185,0.13197026022304834,0.4930232558139535,0.13865676261219437,0.21124134256792754,0.3667953667953668,0.14866349322592456,0.43300898203592814,0.6048780487804878,0.51947339550192
ADNI_002_S_0413,002_S_0413,val,002_S_0413_MR_2011-06-16,2011-06-16,I240812,Image/ADNI_002_S_0413/2011-06-16/t1.nii.gz,Image/ADNI_002_S_0413/2011-06-16/seg.nii.gz,61.465177398160314,2011-06-16T12:27:07,81.5003422313484,0.0,0.0,0.0,ADNI,MPRAGE,0.6185131306944338,0.5714285714285714,0.8078817733990148,0.3151403831015481,0.3907185628742515,0.3530821063139506,0.29399239543726235,0.8246834739233347,0.5548011793768428,0.2496705083985306,0.14002478314745972,0.5381037567084078,0.15134633240482823,0.23663647664713194,0.42084942084942084,0.22226290735994142,0.5804640718562875,0.651219512195122,0.5518376302797586
ADNI_002_S_0413,002_S_0413,val,002_S_0413_MR_2012-05-15,2012-05-15,I304793,Image/ADNI_002_S_0413/2012-05-15/t1.nii.gz,Image/ADNI_002_S_0413/2012-05-15/seg.nii.gz,72.43758212877792,2012-05-15T16:42:32,82.41478439425052,0.0,0.0,0.0,ADNI,MPRAGE,0.5405864788301049,0.4879120879120879,0.7824302134646962,0.2936237208081868,0.37475049900199603,0.3213875717494385,0.2573384030418251,0.7586776596927671,0.48991951549924295,0.31304506323434567,0.13444857496902107,0.5084078711985689,0.15010832559579076,0.23876753684958266,0.3732303732303732,0.19663127059685098,0.5243263473053892,0.651219512195122,0.5150850246845858
ADNI_002_S_0413,002_S_0413,val,002_S_0413_MR_2013-05-10,2013-05-10,I371991,Image/ADNI_002_S_0413/2013-05-10/t1.nii.gz,Image/ADNI_002_S_0413/2013-05-10/seg.nii.gz,84.26412614980289,2013-05-10T07:21:47,83.40041067761807,0.0,0.0,4.0,ADNI,MPRAGE,0.5151672919378302,0.512087912087912,0.7422003284072249,0.30149567042770925,0.37375249500998003,0.32258547541801846,0.24653992395437263,0.7609811116935933,0.47667543230536297,0.30112728190460164,0.12701363073110286,0.5141323792486583,0.15010832559579076,0.23923370626886875,0.3655083655083655,0.18015378982057853,0.5112275449101796,0.6528455284552845,0.5106966538672518
ADNI_002_S_0413,002_S_0413,val,002_S_0413_MR_2014-05-01,2014-05-01,I423202,Image/ADNI_002_S_0413/2014-05-01/t1.nii.gz,Image/ADNI_002_S_0413/2014-05-01/seg.nii.gz,95.9592641261498,2014-05-01T07:08:25,84.3750855578371,0.0,0.0,0.0,ADNI,MPRAGE,0.5768011637700023,0.49230769230769234,0.7471264367816092,0.3185515612700079,0.38922155688622756,0.33476416271524834,0.26509505703422054,0.7844922079778869,0.5051079767312137,0.2953927259471131,0.14436183395291202,0.5277280858676208,0.15506035283194058,0.2494450364056118,0.43243243243243246,0.1933357744415965,0.5422904191616766,0.6658536585365854,0.5008228195282501
ADNI_002_S_0413,002_S_0413,val,002_S_0413_MR_2015-06-09,2015-06-09,I569631,Image/ADNI_002_S_0413/2015-06-09/t1.nii.gz,Image/ADNI_002_S_0413/2015-06-09/seg.nii.gz,109.23127463863337,2015-06-09T07:01:52,85.48117727583846,0.0,0.0,7.0,ADNI,MPRAGE_SENSE2,0.5762192787688538,0.48131868131868133,0.729064039408867,0.304906848596169,0.3522954091816367,0.3181931619665585,0.2856273764258555,0.7233157000111201,0.49014264084787634,0.3595945150164045,0.13816604708798016,0.49838998211091234,0.1696069328381306,0.2635855087906233,0.3204633204633205,0.18344928597583302,0.5041167664670658,0.6959349593495935,0.5611629182665935
ADNI_002_S_0413,002_S_0413,val,002_S_0413_MR_2017-06-21,2017-06-21,I863056,Image/ADNI_002_S_0413/2017-06-21/t1.nii.gz,Image/ADNI_002_S_0413/2017-06-21/seg.nii.gz,133.63994743758212,2017-06-21T13:23:38,87.51540041067761,0.0,0.0,6.0,ADNI,Accelerated_Sagittal_MPRAGE,0.5471403414746191,0.4989010989010989,0.8152709359605911,0.296510102335345,0.38173652694610777,0.31574744197654103,0.22859315589353613,0.7510365534003717,0.4628416606900948,0.31481169905499007,0.15055762081784388,0.49803220035778173,0.1739399566697617,0.2906011365654413,0.4465894465894466,0.22226290735994142,0.5329341317365269,0.7560975609756098,0.5293472298409215
ADNI_002_S_0413,002_S_0413,val,002_S_0413_MR_2019-08-27,2019-08-27,I1221051,Image/ADNI_002_S_0413/2019-08-27/t1.nii.gz,Image/ADNI_002_S_0413/2019-08-27/seg.nii.gz,159.8226018396846,2019-08-27T09:39:37,89.6974674880219,0.0,0.0,5.0,ADNI,Accelerated_Sagittal_MPRAGE,0.4653242477605084,0.45494505494505494,0.7619047619047619,0.27997900813434795,0.3777445109780439,0.30057399550786124,0.15695817490494296,0.7217747700519468,0.42653597896246714,0.3044923025153529,0.14745972738537794,0.48372093023255813,0.19003404518724853,0.30201118806606286,0.4465894465894466,0.19663127059685098,0.5082335329341318,0.775609756097561,0.5485463521667581
ADNI_002_S_1268,002_S_1268,train,002_S_1268_MR_2007-03-07,2007-03-07,I43201,Image/ADNI_002_S_1268/2007-03-07/t1.nii.gz,Image/ADNI_002_S_1268/2007-03-07/seg.nii.gz,0.0,2007-03-07T07:47:33,82.80903490759754,1.0,0.5,21.0,ADNI,MPRAGE,0.5852078707602787,0.22197802197802197,0.5073891625615764,0.45762267121490424,0.4481037924151697,0.5170950836036935,0.41429657794676805,0.3682504884906829,0.43762849629452544,0.497518297299571,0.20631970260223048,0.4146690518783542,0.2404828226555246,0.5127197655833777,0.5328185328185329,0.28304650311241303,0.3656437125748503,0.6325203252032521,0.4854635216675809
ADNI_002_S_1268,002_S_1268,train,002_S_1268_MR_2007-09-21,2007-09-21,I74471,Image/ADNI_002_S_1268/2007-09-21/t1.nii.gz,Image/ADNI_002_S_1268/2007-09-21/seg.nii.gz,6.504599211563732,2007-09-21T15:04:05,83.35112936344969,1.0,0.5,6.0,ADNI,MP-RAGE,0.3177704616798101,0.2021978021978022,0.5082101806239737,0.42009971136184726,0.3902195608782435,0.4009483404042925,0.448212927756654,0.25115569746938,0.3597099370467766,0.46755559294467347,0.20631970260223048,0.3849731663685152,0.2510058805323429,0.5067483573077606,0.5418275418275418,0.2416697180519956,0.31961077844311375,0.6268292682926829,0.4070213933077345
ADNI_002_S_1268,002_S_1268,train,002_S_1268_MR_2008-05-22,2008-05-22,I106715,Image/ADNI_002_S_1268/2008-05-22/t1.nii.gz,Image/ADNI_002_S_1268/2008-05-22/seg.nii.gz,14.520367936925098,2008-05-22T16:21:48,84.01916495550992,1.0,0.5,1.0,ADNI,MPRAGE,0.6076257560676824,0.14505494505494507,0.5188834154351396,0.44633954342692206,0.594311377245509,0.49263788370351885,0.41612167300380226,0.41096760869910565,0.36887401386564667,0.49992989540394267,0.23358116480793062,0.3599284436493739,0.3079541937480656,0.5827783697389451,0.5624195624195624,0.2969608202123764,0.3147455089820359,0.6520325203252032,0.4591332967635765
ADNI_002_S_1268,002_S_1268,train,002_S_1268_MR_2008-09-10,2008-09-10,I117767,Image/ADNI_002_S_1268/2008-09-10/t1.nii.gz,Image/ADNI_002_S_1268/2008-09-10/seg.nii.gz,18.166885676741128,2008-09-10T06:54:13,84.32306639288159,1.0,0.5,51.0,ADNI,MPRAGE,0.5735854835004977,0.16703296703296702,0.4860426929392447,0.4508003148779848,0.5773453093812375,0.480658847017719,0.4050190114068441,0.4193871229090216,0.3504980476531995,0.47455203163119375,0.2527881040892193,0.3313059033989267,0.34540389972144847,0.5924569348250754,0.5444015444015444,0.3108751373123398,0.30389221556886226,0.7048780487804878,0.46023038946791006
ADNI_002_S_1268,002_S_1268,train,002_S_1268_MR_2009-03-04,2009-03-04,I137716,Image/ADNI_002_S_1268/2009-03-04/t1.nii.gz,Image/ADNI_002_S_1268/2009-03-04/seg.nii.gz,23.915900131406044,2009-03-04T15:14:55,84.8021902806297,1.0,0.5,20.0,ADNI,MPRAGE,0.5803690375928336,0.13626373626373625,0.4794745484400657,0.4445027551823668,0.6077844311377245,0.5080109807836286,0.3864638783269962,0.3102352698216016,0.37505777352777114,0.5302431227391268,0.23667905824039653,0.32665474060822897,0.362116991643454,0.6267314864144912,0.5083655083655083,0.28194800439399487,0.28929640718562877,0.697560975609756,0.4360943499725727
ADNI_002_S_1268,002_S_1268,train,002_S_1268_MR_2010-03-04,2010-03-04,I167297,Image/ADNI_002_S_1268/2010-03-04/t1.nii.gz,Image/ADNI_002_S_1268/2010-03-04/seg.nii.gz,35.90670170827858,2010-03-04T12:17:44,85.80150581793292,1.0,0.5,5.0,ADNI,MP-RAGE,0.34124492764719394,0.1054945054945055,0.40804597701149425,0.4106533718184204,0.46706586826347307,0.38243074619416023,0.39726235741444865,0.24737485901285167,0.28561638377559967,0.5224054288999187,0.1939281288723668,0.26547406082289804,0.3571649644073042,0.5899041022908897,0.4671814671814672,0.2273892347125595,0.20546407185628743,0.6373983739837399,0.3609434997257268
ADNI_002_S_1268,002_S_1268,train,002_S_1268_MR_2012-03-22,2012-03-22,I292428,Image/ADNI_002_S_1268/2012-03-22/t1.nii.gz,Image/ADNI_002_S_1268/2012-03-22/seg.nii.gz,60.51248357424441,2012-03-22T08:31:01,87.85215605749487,1.0,0.5,9.0,ADNI,MPRAGE,0.46812648342393387,0.09010989010989011,0.33004926108374383,0.42456048281291,0.5593812375249501,0.3742949837783878,0.4250950570342205,0.19422071835930674,0.3666427603793131,0.4909004234317602,0.2620817843866171,0.1821109123434705,0.5979572887650882,0.7640960752974605,0.33462033462033464,0.2522885389967045,0.21444610778443113,0.6796747967479675,0.4136039495337356
ADNI_002_S_4213,002_S_4213,train,002_S_4213_MR_2012-03-16,2012-03-16,I290931,Image/ADNI_002_S_4213/2012-03-16/t1.nii.gz,Image/ADNI_002_S_4213/2012-03-16/seg.nii.gz,0.0,2012-03-16T16:45:04,78.5845311430527,0.0,0.0,1.0,ADNI,MPRAGE,0.6555547048464896,0.6813186813186813,0.7528735632183908,0.34977696142744685,0.24251497005988024,0.3497379585724981,0.29307984790874525,0.6748637786144339,0.44186787791855925,0.49712571156165,0.28376703841387857,0.6490161001788909,0.059424326833797586,0.26873557094654593,0.4749034749034749,0.3540827535701208,0.5130988023952096,0.36341463414634145,0.5425123422929238
ADNI_002_S_4213,002_S_4213,train,002_S_4213_MR_2012-09-19,2012-09-19,I335997,Image/ADNI_002_S_4213/2012-09-19/t1.nii.gz,Image/ADNI_002_S_4213/2012-09-19/seg.nii.gz,6.14323258869908,2012-09-19T15:38:08,79.0965092402464,0.0,0.0,1.0,ADNI,MPRAGE,0.7589005436030932,0.6461538461538462,0.7881773399014779,0.3505641563893991,0.25998003992015967,0.31340154729223857,0.3347528517110266,0.6917663505377369,0.48233325364570884,0.5308039595075853,0.2874845105328377,0.6561717352415026,0.07551841535128444,0.28986858462084886,0.5482625482625483,0.3647015745148297,0.5198353293413174,0.3951219512195122,0.5205704882062534
ADNI_002_S_4213,002_S_4213,train,002_S_4213_MR_2013-09-17,2013-09-17,I391153,Image/ADNI_002_S_4213/2013-09-17/t1.nii.gz,Image/ADNI_002_S_4213/2013-09-17/seg.nii.gz,18.068331143232587,2013-09-17T17:12:40,80.09034907597535,0.0,0.0,5.0,ADNI,MPRAGE_SENSE2,0.8151596355562362,0.643956043956044,0.777504105090312,0.3993702440304382,0.28043912175648705,0.35542800099825306,0.3294296577946768,0.7760409220162353,0.43160411188142483,0.5422730714225624,0.28314745972738536,0.651520572450805,0.06468585577220674,0.2846963239211508,0.5353925353925354,0.3482240937385573,0.5108532934131736,0.37154471544715445,0.5809105869445969
ADNI_002_S_4213,002_S_4213,train,002_S_4213_MR_2015-09-29,2015-09-29,I573756,Image/ADNI_002_S_4213/2015-09-29/t1.nii.gz,Image/ADNI_002_S_4213/2015-09-29/seg.nii.gz,42.44415243101182,2015-09-29T18:06:31,82.12183436002738,0.0,0.0,5.0,ADNI,MPRAGE_SENSE2,0.8048694586938213,0.5692307692307692,0.7422003284072249,0.4077669902912621,0.25449101796407186,0.3320688794609433,0.2850190114068441,0.7565489523264866,0.3852099768905889,0.5850088331791032,0.2862453531598513,0.6257602862254025,0.07675642216032189,0.3146421594743385,0.5006435006435006,0.3020871475649945,0.5067365269461078,0.43089430894308944,0.605595172792101
ADNI_002_S_4213,002_S_4213,train,002_S_4213_MR_2017-08-14,2017-08-14,I888008,Image/ADNI_002_S_4213/2017-08-14/t1.nii.gz,Image/ADNI_002_S_4213/2017-08-14/seg.nii.gz,64.94743758212877,2017-08-14T12:57:28,83.99726214921287,0.0,0.0,4.0,ADNI,Accelerated_Sagittal_MPRAGE,0.606645739223643,0.5912087912087912,0.6962233169129721,0.3374442403568617,0.19411177644710578,0.3452957324681807,0.21231939163498098,0.6111296446329568,0.3443780380906845,0.5758952356916519,0.2874845105328377,0.6064400715563506,0.07428040854224698,0.32112413425679276,0.5675675675675675,0.2932991578176492,0.46145209580838326,0.45772357723577234,0.5490948985189249
ADNI_002_S_4213,002_S_4213,train,002_S_4213_MR_2019-10-03,2019-10-03,I1236679,Image/ADNI_002_S_4213/2019-10-03/t1.nii.gz,Image/ADNI_002_S_4213/2019-10-03/seg.nii.gz,90.57161629434954,2019-10-03T10:19:44,86.1327857631759,0.0,0.0,9.0,ADNI,Accelerated_Sagittal_MPRAGE,0.6812342087129623,0.6153846153846154,0.7660098522167488,0.33534505379165575,0.249500998003992,0.33730970801098076,0.16015209125475285,0.6988991088023638,0.26245916009243764,0.6317826196685454,0.2707558859975217,0.6003577817531306,0.07613741875580315,0.3351980110104777,0.6113256113256114,0.31746612962284876,0.48278443113772457,0.4869918699186992,0.5573230938014262
ADNI_002_S_6053,002_S_6053,train,002_S_6053_MR_2017-07-18,2017-07-18,I878146,Image/ADNI_002_S_6053/2017-07-18/t1.nii.gz,Image/ADNI_002_S_6053/2017-07-18/seg.nii.gz,0.0,2017-07-18T12:23:40,65.75770020533881,1.0,0.0,0.0,ADNI,Accelerated_Sagittal_MPRAGE,0.6722762422479136,0.567032967032967,0.7865353037766831,0.4998688008396746,0.16467065868263472,0.4910905914649364,0.35984790874524714,0.6611224959888163,0.6208144075225117,0.3135918790835927,0.22676579925650558,0.6783542039355993,0.03311668214175178,0.25919019712306873,0.5160875160875161,0.3749542292200659,0.5471556886227545,0.6146341463414634,0.6407021393307735
ADNI_002_S_6053,002_S_6053,train,002_S_6053_MR_2019-11-05,2019-11-05,I1255412,Image/ADNI_002_S_6053/2019-11-05/t1.nii.gz,Image/ADNI_002_S_6053/2019-11-05/seg.nii.gz,27.59526938239159,2019-11-05T13:39:30,68.05749486652978,1.0,0.0,0.0,ADNI,Accelerated_Sagittal_MPRAGE,0.6824898552943879,0.6065934065934065,0.7635467980295566,0.5263710312254002,0.17415169660678642,0.4982281008235588,0.3376425855513308,0.6738311966830292,0.5865327914574866,0.33010852191469675,0.23667905824039653,0.6550983899821109,0.03899721448467967,0.27692683359971587,0.5585585585585585,0.3647015745148297,0.5243263473053892,0.6471544715447154,0.6297312122874383
ADNI_002_S_6053,002_S_6053,train,002_S_6053_MR_2025-01-15,2025-01-15,I11098084,Image/ADNI_002_S_6053/2025-01-15/t1.nii.gz,Image/ADNI_002_S_6053/2025-01-15/seg.nii.gz,89.94743758212877,2025-01-15T09:59:46,73.2539356605065,1.0,0.0,1.0,ADNI,Accelerated_Sagittal_MPRAGE__MSV21_,0.6423551029783324,0.578021978021978,0.6962233169129721,0.4410915770139071,0.22704590818363274,0.4321936610930871,0.3691254752851711,0.5956091439101495,0.4854251334767711,0.4269229690698522,0.25464684014869887,0.5928443649373882,0.0609718353450944,0.3543997513763097,0.44015444015444016,0.3321127792017576,0.46444610778443113,0.7707317073170732,0.5995611629182666
ADNI_002_S_6103,002_S_6103,train,002_S_6103_MR_2017-11-20,2017-11-20,I938767,Image/ADNI_002_S_6103/2017-11-20/t1.nii.gz,Image/ADNI_002_S_6103/2017-11-20/seg.nii.gz,0.0,2017-11-20T07:51:34,70.01505817932923,0.0,0.0,1.0,ADNI,Accelerated_Sagittal_MPRAGE,0.562529668478677,0.8483516483516483,0.8464696223316913,0.4111781684597219,0.4815369261477046,0.6121786872972298,0.29429657794676806,1.0,0.48858076340744283,0.043829393455034914,0.17905824039653037,0.6708407871198568,0.0560198081089446,0.15661072633635234,0.9317889317889317,0.712925668253387,0.5482784431137725,0.4089430894308943,0.7471201316511246
ADNI_002_S_6103,002_S_6103,train,002_S_6103_MR_2019-12-19,2019-12-19,I11152322,Image/ADNI_002_S_6103/2019-12-19/t1.nii.gz,Image/ADNI_002_S_6103/2019-12-19/seg.nii.gz,24.93429697766097,2019-12-19T13:36:02,72.0930869267625,0.0,0.0,0.0,ADNI,Accelerated_Sagittal_MPRAGE,0.6185131306944338,0.8395604395604396,0.8735632183908046,0.4103909734977696,0.499001996007984,0.6104317444472174,0.33718631178707226,0.9679740742505838,0.48298669216670653,0.09626763130590842,0.20817843866171004,0.6572450805008945,0.07273290003095018,0.1966347007636299,0.9266409266409267,0.7385573050164774,0.5722305389221557,0.4772357723577236,0.689522764673615
ADNI_002_S_6103,002_S_6103,train,002_S_6103_MR_2025-03-24,2025-03-24,I11175760,Image/ADNI_002_S_6103/2025-03-24/t1.nii.gz,Image/ADNI_002_S_6103/2025-03-24/seg.nii.gz,88.0749014454665,2025-03-24T14:07:27,77.35523613963039,0.0,0.0,4.0,ADNI,Accelerated_Sagittal_MPRAGE__MSV21_,0.5083224867927417,0.7626373626373626,0.8177339901477833,0.37286801364471267,0.5214570858283433,0.5467931120539057,0.30585551330798477,0.8595053138254778,0.4009243764443382,0.12307562883822663,0.22057001239157373,0.5967799642218247,0.13803775920767564,0.29877020067483573,0.8648648648648649,0.7176858293665324,0.4936377245508982,0.624390243902439,0.7015907844212836
ADNI_003_S_4119,003_S_4119,train,003_S_4119_MR_2012-02-21,2012-02-21,I287299,Image/ADNI_003_S_4119/2012-02-21/t1.nii.gz,Image/ADNI_003_S_4119/2012-02-21/seg.nii.gz,0.0,2012-02-21T12:24:58,79.93702943189597,1.0,0.0,2.0,ADNI,Sag_IR-SPGR,0.685368654773754,0.44835164835164837,0.7660098522167488,0.43951718709000265,0.12574850299401197,0.4232093835787372,0.34479087452471485,0.7016791370792229,0.46889792015300025,0.4744118224390791,0.36864931846344484,0.46940966010733454,0.12565769111730116,0.23301811401172084,0.592020592020592,0.4328084950567558,0.34805389221556887,0.5447154471544715,0.5562260010970927
ADNI_003_S_4119,003_S_4119,train,003_S_4119_MR_2012-08-28,2012-08-28,I333868,Image/ADNI_003_S_4119/2012-08-28/t1.nii.gz,Image/ADNI_003_S_4119/2012-08-28/seg.nii.gz,6.2089356110381075,2012-08-28T13:50:24,80.45448323066393,1.0,0.0,0.0,ADNI,Sag_IR-SPGR,0.5754383278462598,0.4065934065934066,0.7807881773399015,0.421411702965101,0.08982035928143713,0.43019715497878713,0.3108745247148289,0.6022335541470079,0.42605785321539563,0.508104091304226,0.39343246592317227,0.451520572450805,0.12472918601052306,0.23195258391049547,0.5212355212355212,0.3749542292200659,0.3184880239520958,0.5382113821138211,0.5298957761930884
ADNI_003_S_4119,003_S_4119,train,003_S_4119_MR_2013-07-31,2013-07-31,I384075,Image/ADNI_003_S_4119/2013-07-31/t1.nii.gz,Image/ADNI_003_S_4119/2013-07-31/seg.nii.gz,17.279894875164256,2013-07-31T09:19:39,81.37713894592744,1.0,0.0,0.0,ADNI,Sag_IR-SPGR,0.6956894571625449,0.46373626373626375,0.7389162561576355,0.4812385200734715,0.12674650698602793,0.45944596955328176,0.368212927756654,0.7014249630653386,0.45519164873695117,0.47435573876223325,0.39838909541511774,0.46833631484794275,0.1432992881460848,0.24362901793642336,0.525096525096525,0.41999267667521056,0.3551646706586826,0.5813008130081301,0.5463521667580911
ADNI_003_S_4119,003_S_4119,train,003_S_4119_MR_2016-08-23,2016-08-23,I1043735,Image/ADNI_003_S_4119/2016-08-23/t1.nii.gz,Image/ADNI_003_S_4119/2016-08-23/seg.nii.gz,54.040735873850196,2016-08-23T13:59:35,84.44079397672827,1.0,0.0,0.0,ADNI,Accelerated_SAG_IR-SPGR,0.6424929178470254,0.3978021978021978,0.7438423645320197,0.40225662555759645,0.10179640718562874,0.36371350137259795,0.351787072243346,0.624156062844525,0.40758626185353414,0.5667115336081433,0.39714993804213133,0.4372093023255814,0.14206128133704735,0.25765849760255727,0.4942084942084942,0.37458806298059316,0.3068862275449102,0.5910569105691057,0.5008228195282501
ADNI_003_S_4119,003_S_4119,train,003_S_4119_MR_2019-10-29,2019-10-29,I1249336,Image/ADNI_003_S_4119/2019-10-29/t1.nii.gz,Image/ADNI_003_S_4119/2019-10-29/seg.nii.gz,92.21419185282522,2019-10-29T11:00:40,87.62217659137578,1.0,0.0,5.0,ADNI,Accelerated_Sagittal_MPRAGE,0.5707985606002604,0.4197802197802198,0.7701149425287356,0.40881658357386513,0.08732534930139721,0.38517594210132267,0.2850190114068441,0.5650764904923032,0.32635269742608974,0.5781526036846976,0.44175960346964066,0.4264758497316637,0.16651191581553698,0.31721719055229974,0.4671814671814672,0.395825704870011,0.37574850299401197,0.7138211382113822,0.5628085573230938
ADNI_003_S_4119,003_S_4119,train,003_S_4119_MR_2021-11-09,2021-11-09,I1514449,Image/ADNI_003_S_4119/2021-11-09/t1.nii.gz,Image/ADNI_003_S_4119/2021-11-09/seg.nii.gz,116.59001314060447,2021-11-09T13:02:45,89.65366187542779,1.0,0.0,3.0,ADNI,Accelerated_Sagittal_MPRAGE,0.6037975652706531,0.3824175824175824,0.7536945812807881,0.3988454473891367,0.07734530938123753,0.3433990516595957,0.2971863117870722,0.513304421039254,0.31400111562674315,0.6611985081741959,0.45291201982651796,0.3935599284436494,0.1977715877437326,0.3453871426034452,0.44015444015444016,0.3782497253753204,0.34468562874251496,0.7373983739837399,0.5326385079539221
ADNI_003_S_4354,003_S_4354,train,003_S_4354_MR_2012-07-10,2012-07-10,I316327,Image/ADNI_003_S_4354/2012-07-10/t1.nii.gz,Image/ADNI_003_S_4354/2012-07-10/seg.nii.gz,0.0,2012-07-10T12:09:37,76.39972621492129,1.0,0.5,0.0,ADNI,Sag_IR-SPGR,0.381195926804992,0.6263736263736264,0.6691297208538588,0.3088428234059302,0.22355289421157684,0.400099825305715,0.27893536121673,0.6044893485202306,0.3958881185751853,0.4233195928325061,0.19454770755885997,0.47871198568872986,0.1606313834726091,0.14520067483573076,0.6537966537966537,0.479677773709264,0.38959580838323354,0.3642276422764228,0.4174437739989029
ADNI_003_S_4354,003_S_4354,train,003_S_4354_MR_2013-02-04,2013-02-04,I365553,Image/ADNI_003_S_4354/2013-02-04/t1.nii.gz,Image/ADNI_003_S_4354/2013-02-04/seg.nii.gz,6.865965834428383,2013-02-04T11:40:55,76.9719370294319,1.0,0.5,18.0,ADNI,Sag_IR-SPGR,0.491248755837991,0.621978021978022,0.8078817733990148,0.3846759380739963,0.31087824351297405,0.4440229598203144,0.33870722433460076,0.6589461309949324,0.4056896963901506,0.4277502033033286,0.19454770755885997,0.5259391771019678,0.18353450943980193,0.1523486059314509,0.6782496782496783,0.5122665690223361,0.43862275449101795,0.37642276422764226,0.4953373560065826
ADNI_003_S_4354,003_S_4354,train,003_S_4354_MR_2014-01-14,2014-01-14,I404879,Image/ADNI_003_S_4354/2014-01-14/t1.nii.gz,Image/ADNI_003_S_4354/2014-01-14/seg.nii.gz,18.166885676741128,2014-01-14T14:17:35,77.91375770020534,1.0,0.5,0.0,ADNI,Sag_IR-SPGR,0.40589541382742517,0.5692307692307692,0.6847290640394089,0.2810286014169509,0.24451097804391217,0.3498876965310706,0.33657794676806085,0.5882222116316383,0.4103753287114511,0.4430890889206696,0.1926889714993804,0.4518783542039356,0.22315072732900032,0.17110637542177234,0.5495495495495496,0.4401318198462102,0.3633982035928144,0.3983739837398374,0.3856280855732309
ADNI_003_S_4354,003_S_4354,train,003_S_4354_MR_2016-02-04,2016-02-04,I628934,Image/ADNI_003_S_4354/2016-02-04/t1.nii.gz,Image/ADNI_003_S_4354/2016-02-04/seg.nii.gz,42.83837056504599,2016-02-04T09:09:45,79.96988364134155,1.0,0.5,7.0,ADNI,Sag_IR-SPGR,0.32683561748717554,0.5846153846153846,0.6888341543513957,0.29834689057990027,0.282435129740519,0.3828300474170202,0.24699619771863118,0.5615657119255271,0.30850266953542116,0.4682706598244581,0.1970260223048327,0.43005366726296956,0.26152893840916125,0.1883324453915823,0.5173745173745173,0.4511168070303918,0.34505988023952094,0.41788617886178864,0.4185408667032364
ADNI_003_S_4354,003_S_4354,train,003_S_4354_MR_2017-06-13,2017-06-13,I863643,Image/ADNI_003_S_4354/2017-06-13/t1.nii.gz,Image/ADNI_003_S_4354/2017-06-13/seg.nii.gz,59.09986859395532,2017-06-13T11:43:32,81.32511978097193,1.0,0.5,330.0,ADNI,Accelerated_Sagittal_MPRAGE,0.5169129469412755,0.6131868131868132,0.7783251231527094,0.34610338493833637,0.3343313373253493,0.3852258547541802,0.2585551330798479,0.5724634227708145,0.34652960395250615,0.5568968901601189,0.22800495662949194,0.4150268336314848,0.32714329928814606,0.22185224649263008,0.6087516087516087,0.47857927499084585,0.5082335329341318,0.4845528455284553,0.4701042238069117
ADNI_003_S_4354,003_S_4354,train,003_S_4354_MR_2018-12-19,2018-12-19,I1091953,Image/ADNI_003_S_4354/2018-12-19/t1.nii.gz,Image/ADNI_003_S_4354/2018-12-19/seg.nii.gz,77.29960578186596,2018-12-19T14:31:05,82.84188911704312,1.0,0.5,43.0,ADNI,Accelerated_Sagittal_MPRAGE,0.49042186662583265,0.5824175824175825,0.7036124794745484,0.331933875623196,0.35479041916167664,0.3411529822810082,0.3130038022813688,0.5275381658167723,0.320949876484182,0.5939121168783825,0.22924411400247832,0.4107334525939177,0.37202104611575365,0.24236370094121826,0.49935649935649934,0.43427316001464666,0.4752994011976048,0.5227642276422764,0.4119583104772353
ADNI_003_S_4354,003_S_4354,train,003_S_4354_MR_2019-06-25,2019-06-25,I1181460,Image/ADNI_003_S_4354/2019-06-25/t1.nii.gz,Image/ADNI_003_S_4354/2019-06-25/seg.nii.gz,83.47568988173455,2019-06-25T13:16:56,83.35660506502396,1.0,0.5,14.0,ADNI,Accelerated_Sagittal_MPRAGE,0.5181532807595131,0.5758241758241758,0.6978653530377669,0.3230123327210706,0.36976047904191617,0.3343648614923883,0.2752851711026616,0.5071248153266931,0.3390867798230935,0.6101623622444687,0.25216852540272616,0.4075134168157424,0.4103992571959146,0.25756970342745517,0.5945945945945946,0.47345294763822776,0.47904191616766467,0.551219512195122,0.4854635216675809
ADNI_003_S_4354,003_S_4354,train,003_S_4354_MR_2021-06-23,2021-06-23,I1460759,Image/ADNI_003_S_4354/2021-06-23/t1.nii.gz,Image/ADNI_003_S_4354/2021-06-23/seg.nii.gz,107.42444152431011,2021-06-23T13:21:04,85.35249828884326,1.0,1.0,146.0,ADNI,Accelerated_Sagittal_MPRAGE,0.49385192557997093,0.5758241758241758,0.7323481116584565,0.2988716872212018,0.280938123752495,0.3219865235837285,0.235893536121673,0.45362118540405727,0.27788668419794404,0.6770561678023611,0.27757125154894674,0.35348837209302325,0.4828226555246054,0.295085242408098,0.5765765765765766,0.4166971805199561,0.4187874251497006,0.6048780487804878,0.5046626439934174
ADNI_003_S_6259,003_S_6259,train,003_S_6259_MR_2018-03-23,2018-03-23,I977365,Image/ADNI_003_S_6259/2018-03-23/t1.nii.gz,Image/ADNI_003_S_6259/2018-03-23/seg.nii.gz,0.0,2018-03-23T16:20:17,71.43600273785079,1.0,0.0,0.0,ADNI,Accelerated_Sagittal_MPRAGE,0.5855447515504173,0.6681318681318681,0.8998357963875205,0.42036210968249804,0.48952095808383234,0.7083603693536311,0.3867680608365019,0.6500500405089835,0.5029404733444895,0.15938980959591711,0.1734820322180917,0.5116279069767442,0.16094088517486846,0.45142958621914403,0.6563706563706564,0.330281948004394,0.5396706586826348,0.6016260162601627,0.5820076796489303
ADNI_003_S_6259,003_S_6259,train,003_S_6259_MR_2022-05-10,2022-05-10,I1578905,Image/ADNI_003_S_6259/2022-05-10/t1.nii.gz,Image/ADNI_003_S_6259/2022-05-10/seg.nii.gz,49.57293035479632,2022-05-10T13:24:47,75.56741957563312,1.0,0.0,3.0,ADNI,Accelerated_Sagittal_MPRAGE,0.5270499961718093,0.6285714285714286,0.8628899835796388,0.39753345578588295,0.6007984031936128,0.6509109059146494,0.32593155893536124,0.5809941381118048,0.43788349669296356,0.18967499509267827,0.18463444857496902,0.4440071556350626,0.24481584648715568,0.5380039069437045,0.6138996138996139,0.3489564262175027,0.5044910179640718,0.6333333333333333,0.562260010970927
ADNI_003_S_6259,003_S_6259,train,003_S_6259_MR_2024-03-05,2024-03-05,I10420795,Image/ADNI_003_S_6259/2024-03-05/t1.nii.gz,Image/ADNI_003_S_6259/2024-03-05/seg.nii.gz,71.41918528252299,2024-03-05T12:56:03,77.38809034907598,1.0,0.0,3.0,ADNI,Accelerated_Sagittal_MPRAGE__MSV21_,0.5638465661128551,0.5010989010989011,0.8596059113300493,0.36473366570453947,0.5923153692614771,0.5951584726728225,0.3178707224334601,0.5195157985035505,0.4038409435014742,0.29059757157679256,0.20322180916976457,0.4368515205724508,0.28381306097183534,0.5949431717279346,0.6138996138996139,0.3163676309044306,0.48877245508982037,0.7065040650406504,0.5211190345584202
ADNI_003_S_6259,003_S_6259,train,003_S_6259_MR_2026-02-26,2026-02-26,I11554480,Image/ADNI_003_S_6259/2026-02-26/t1.nii.gz,Image/ADNI_003_S_6259/2026-02-26/seg.nii.gz,95.17082785808147,2026-02-26T13:21:04,79.36755646817248,1.0,0.0,14.0,ADNI,Accelerated_Sagittal_MPRAGE__MSV21_,0.5573539545210934,0.5494505494505495,0.8399014778325123,0.3838887431120441,0.6012974051896207,0.5856750686298977,0.3178707224334601,0.5407234427870181,0.3842218503466412,0.2792686688539301,0.2094175960346964,0.4178890876565295,0.2906220984215413,0.6056650683715148,0.5482625482625483,0.3057488099597217,0.4869011976047904,0.7154471544715447,0.5172792100932528
ADNI_005_S_1224,005_S_1224,test,005_S_1224_MR_2007-08-15,2007-08-15,I67828,Image/ADNI_005_S_1224/2007-08-15/t1.nii.gz,Image/ADNI_005_S_1224/2007-08-15/seg.nii.gz,0.0,2007-08-15T11:20:04,81.66461327857631,1.0,0.5,19.0,ADNI,MP-RAGE,0.439950999157798,0.26593406593406593,0.6149425287356322,0.2739438467593807,0.25499001996007986,0.5283753431494884,0.41733840304182507,0.2984797216794548,0.2994342178659654,0.4805950478113345,0.46406443618339527,0.34633273703041145,0.6090993500464252,0.6140561179186645,0.30244530244530243,0.12303185646283413,0.39146706586826346,0.734959349593496,0.43828853538123974
ADNI_005_S_1224,005_S_1224,test,005_S_1224_MR_2008-10-06,2008-10-06,I119345,Image/ADNI_005_S_1224/2008-10-06/t1.nii.gz,Image/ADNI_005_S_1224/2008-10-06/seg.nii.gz,13.731931668856767,2008-10-06T13:19:54,82.80903490759754,1.0,0.5,17.0,ADNI,MP-RAGE,0.4444529515351045,0.34065934065934067,0.6091954022988506,0.27289425347677776,0.3532934131736527,0.44891439980034936,0.3577186311787072,0.31830529476242675,0.3091082954817117,0.46329323350438856,0.43246592317224286,0.32057245080500896,0.6363354998452492,0.6525039957378796,0.21235521235521235,0.16331014280483339,0.2780688622754491,0.7276422764227642,0.4448710916072408
ADNI_005_S_1224,005_S_1224,test,005_S_1224_MR_2009-03-05,2009-03-05,I137796,Image/ADNI_005_S_1224/2009-03-05/t1.nii.gz,Image/ADNI_005_S_1224/2009-03-05/seg.nii.gz,18.659658344283837,2009-03-05T11:01:04,83.21971252566735,1.0,0.5,1.0,ADNI,MP-RAGE,0.4111630043641375,0.32967032967032966,0.6469622331691297,0.24586722644975073,0.36676646706586824,0.3944097828799601,0.27513307984790875,0.3434208645093647,0.26355884931070206,0.46728919547965564,0.38971499380421315,0.2855098389982111,0.6431445372949551,0.6670884389984018,0.31917631917631917,0.1439033321127792,0.3181137724550898,0.732520325203252,0.3532638507953922
ADNI_005_S_1224,005_S_1224,test,005_S_1224_MR_2010-03-31,2010-03-31,I170642,Image/ADNI_005_S_1224/2010-03-31/t1.nii.gz,Image/ADNI_005_S_1224/2010-03-31/seg.nii.gz,31.50459921156373,2010-03-31T11:50:16,84.290212183436,1.0,1.0,19.0,ADNI,MP-RAGE,0.44557078324783705,0.35824175824175825,0.6124794745484401,0.29152453424298086,0.29840319361277445,0.42595457948589965,0.3155893536121673,0.2867559452890435,0.2474300741094908,0.5220689268388435,0.44175960346964066,0.2776386404293381,0.7171154441349428,0.7109971585863968,0.37194337194337196,0.0941047235444892,0.2286676646706587,0.7479674796747967,0.38014262205156335
ADNI_005_S_1341,005_S_1341,train,005_S_1341_MR_2007-03-07,2007-03-07,I43188,Image/ADNI_005_S_1341/2007-03-07/t1.nii.gz,Image/ADNI_005_S_1341/2007-03-07/seg.nii.gz,0.0,2007-03-07T12:44:49,71.64407939767283,0.0,1.0,28.0,ADNI,MP-RAGE,0.21741061174488938,0.42417582417582417,0.4269293924466338,0.3106796116504854,0.6701596806387226,0.33730970801098076,0.49338403041825096,0.3180352348726747,0.3870268547294605,0.4333725919071254,0.2899628252788104,0.42790697674418604,0.14732281027545652,0.25488367963061626,0.6833976833976834,0.7938484071768583,0.5838323353293413,0.38130081300813007,0.5145364783324191
ADNI_005_S_1341,005_S_1341,train,005_S_1341_MR_2007-10-02,2007-10-02,I76567,Image/ADNI_005_S_1341/2007-10-02/t1.nii.gz,Image/ADNI_005_S_1341/2007-10-02/seg.nii.gz,6.865965834428383,2007-10-02T13:27:12,72.21629021218344,0.0,1.0,1.0,ADNI,MP-RAGE,0.25553939208330145,0.34725274725274724,0.34236453201970446,0.21490422461296246,0.6432135728542914,0.22670326927876217,0.4473003802281369,0.3176698597277161,0.42218503466411667,0.47859005636409524,0.281908302354399,0.370304114490161,0.16651191581553698,0.2670040845320547,0.6833976833976834,0.757597949469059,0.500748502994012,0.3796747967479675,0.5403181568842568
ADNI_005_S_1341,005_S_1341,train,005_S_1341_MR_2008-04-15,2008-04-15,I102672,Image/ADNI_005_S_1341/2008-04-15/t1.nii.gz,Image/ADNI_005_S_1341/2008-04-15/seg.nii.gz,13.304862023653088,2008-04-15T10:40:26,72.75290896646133,0.0,1.0,25.0,ADNI,MP-RAGE,0.20013781486869306,0.421978021978022,0.3916256157635468,0.2067698766727893,0.6766467065868264,0.22211130521587222,0.41307984790874525,0.27781219717549127,0.3691130767391824,0.4973220044306105,0.2850061957868649,0.3595706618962433,0.1962240792324358,0.2883368851003374,0.6808236808236808,0.7579641157085317,0.5284431137724551,0.43089430894308944,0.48765770707624795
ADNI_005_S_1341,005_S_1341,train,005_S_1341_MR_2009-04-03,2009-04-03,I140378,Image/ADNI_005_S_1341/2009-04-03/t1.nii.gz,Image/ADNI_005_S_1341/2009-04-03/seg.nii.gz,24.901445466491456,2009-04-03T09:07:49,73.71937029431896,0.0,1.0,24.0,ADNI,MP-RAGE,0.41722685858663194,0.34505494505494505,0.3768472906403941,0.25085279454211495,0.7619760479041916,0.2157723983029698,0.4603802281368821,0.35825827256985815,0.4659654155709618,0.5192367011581279,0.2589838909541512,0.37245080500894456,0.19900959455277004,0.2990365832001421,0.7297297297297297,0.8026363969242036,0.6107784431137725,0.4398373983739837,0.5573230938014262
ADNI_005_S_4185,005_S_4185,train,005_S_4185_MR_2012-04-02,2012-04-02,I294901,Image/ADNI_005_S_4185/2012-04-02/t1.nii.gz,Image/ADNI_005_S_4185/2012-04-02/seg.nii.gz,0.0,2012-04-02T11:13:21,81.05133470225873,1.0,0.5,14.0,ADNI,Sag_IR-SPGR,0.30034453717173265,0.421978021978022,0.6371100164203612,0.41222776174232484,0.3208582834331337,0.5028200648864487,0.4725475285171103,0.3184641535211044,0.0783169973703084,0.5706514119065645,0.38166047087980176,0.3745974955277281,0.20767564221603219,0.5686378973539336,0.46589446589446587,0.38960087879897476,0.19835329341317365,0.5626016260162602,0.2945693911135491
ADNI_005_S_4185,005_S_4185,train,005_S_4185_MR_2012-09-27,2012-09-27,I337047,Image/ADNI_005_S_4185/2012-09-27/t1.nii.gz,Image/ADNI_005_S_4185/2012-09-27/seg.nii.gz,5.847568988173456,2012-09-27T11:26:53,81.53867214236824,1.0,0.5,8.0,ADNI,Sag_IR-SPGR,0.3285353342010566,0.41318681318681316,0.6018062397372742,0.3807399632642351,0.36327345309381237,0.4906413775892189,0.4879087452471483,0.33122051184292045,0.08850107578293091,0.5734275539104343,0.3822800495662949,0.35241502683363146,0.20334261838440112,0.5826451784762919,0.444015444015444,0.40388136213841086,0.12874251497005987,0.5699186991869919,0.30828304991771804
ADNI_005_S_4185,005_S_4185,train,005_S_4185_MR_2013-09-26,2013-09-26,I392201,Image/ADNI_005_S_4185/2013-09-26/t1.nii.gz,Image/ADNI_005_S_4185/2013-09-26/seg.nii.gz,17.805519053876477,2013-09-26T11:48:45,82.53524982888433,1.0,0.5,7.0,ADNI,Accelerated_Sag_IR-FSPGR,0.2724293698797948,0.34505494505494505,0.6502463054187192,0.38756231960115456,0.38223552894211577,0.48954329922635387,0.4305703422053232,0.26256175634243595,0.041421627221292535,0.6117887888729985,0.42069392812887235,0.3531305903398927,0.19529557412565768,0.6149218611259102,0.3963963963963964,0.35151958989381177,0.12050898203592815,0.573170731707317,0.2473944048272079
ADNI_005_S_4185,005_S_4185,train,005_S_4185_MR_2015-09-24,2015-09-24,I517448,Image/ADNI_005_S_4185/2015-09-24/t1.nii.gz,Image/ADNI_005_S_4185/2015-09-24/seg.nii.gz,41.72141918528252,2015-09-24T12:33:02,84.5284052019165,1.0,0.5,8.0,ADNI,Sag_IR-FSPGR,0.27645662659826964,0.3868131868131868,0.6108374384236454,0.3733928102860142,0.3837325349301397,0.49897679061642125,0.4530798479087452,0.21107563265500642,0.05922384253725396,0.6229213987269006,0.3828996282527881,0.33166368515205724,0.22500773754255649,0.6450896821168531,0.425997425997426,0.36909556938850235,0.0845808383233533,0.6056910569105691,0.24026330224904005
ADNI_005_S_4185,005_S_4185,train,005_S_4185_MR_2017-09-21,2017-09-21,I907427,Image/ADNI_005_S_4185/2017-09-21/t1.nii.gz,Image/ADNI_005_S_4185/2017-09-21/seg.nii.gz,65.63731931668856,2017-09-21T10:29:19,86.52156057494867,1.0,0.5,20.0,ADNI,Accelerated_Sagittal_IR-FSPGR,0.2936834851849016,0.45054945054945056,0.6715927750410509,0.4182629231172921,0.41966067864271456,0.521936610930871,0.45140684410646387,0.3015139239701981,0.022997848434138178,0.5610190404082892,0.35811648079306074,0.33094812164579607,0.21727019498607242,0.6674880127863612,0.5057915057915058,0.39655803734895645,0.156437125748503,0.6065040650406504,0.26933625891387825
ADNI_005_S_4185,005_S_4185,train,005_S_4185_MR_2018-09-27,2018-09-27,I1053466,Image/ADNI_005_S_4185/2018-09-27/t1.nii.gz,Image/ADNI_005_S_4185/2018-09-27/seg.nii.gz,77.82522996057818,2018-09-27T10:30:35,87.53730321697468,1.0,0.5,4.0,ADNI,Accelerated_Sagittal_IR-FSPGR,0.2963632187428221,0.432967032967033,0.6280788177339901,0.3896615061663605,0.4476047904191617,0.5264287496880459,0.436958174904943,0.27318940729797137,0.0,0.5959171083256218,0.3674101610904585,0.31627906976744186,0.2398638192510059,0.6941040667732197,0.462033462033462,0.3917978762358111,0.10479041916167664,0.6154471544715447,0.24684585847504115
ADNI_006_S_0484,006_S_0484,train,006_S_0484_MR_2006-09-13,2006-09-13,I24264,Image/ADNI_006_S_0484/2006-09-13/t1.nii.gz,Image/ADNI_006_S_0484/2006-09-13/seg.nii.gz,0.0,2006-09-13T13:04:49,71.08008213552361,1.0,0.0,0.0,ADNI,MP-RAGE,0.3959421177551489,0.5934065934065934,0.6921182266009852,0.39805825242718446,0.18013972055888225,0.3538807087596706,0.3152851711026616,0.5220416527665253,0.5525380508407044,0.4021059420655618,0.26022304832713755,0.5055456171735242,0.06004333023831631,0.10986059314508968,0.4066924066924067,0.38227755400952035,0.4981287425149701,0.275609756097561,0.5660998354360943
ADNI_006_S_0484,006_S_0484,train,006_S_0484_MR_2007-03-23,2007-03-23,I47327,Image/ADNI_006_S_0484/2007-03-23/t1.nii.gz,Image/ADNI_006_S_0484/2007-03-23/seg.nii.gz,6.274638633377135,2007-03-23T13:18:35,71.60301163586584,1.0,0.0,7.0,ADNI,MP-RAGE,0.45838756603629127,0.5582417582417583,0.7282430213464697,0.3670952505903962,0.2085828343313373,0.32248565011230346,0.35893536121673003,0.5095553543344612,0.5981512471113236,0.43227896020863127,0.26270136307311026,0.5273703041144902,0.0584958217270195,0.11188066062866275,0.46074646074646075,0.37861589161479314,0.531811377245509,0.2845528455284553,0.5337356006582556
ADNI_006_S_6291,006_S_6291,train,006_S_6291_MR_2018-04-26,2018-04-26,I989656,Image/ADNI_006_S_6291/2018-04-26/t1.nii.gz,Image/ADNI_006_S_6291/2018-04-26/seg.nii.gz,0.0,2018-04-26T10:42:04,72.36139630390144,1.0,0.5,29.0,ADNI,Sagittal_3D_Accelerated_MPRAGE,0.3352729500038282,0.6153846153846154,0.944991789819376,1.0,0.18962075848303392,0.5464936361367607,0.6567300380228137,0.44153203386868733,0.5396286556697745,0.27067384537730294,0.27757125154894674,0.679427549194991,0.06592386258124419,0.12222518202805896,0.8082368082368082,0.5148297326986452,0.6672904191616766,0.0943089430894309,0.8743828853538124
ADNI_006_S_6291,006_S_6291,train,006_S_6291_MR_2019-05-30,2019-05-30,I1170103,Image/ADNI_006_S_6291/2019-05-30/t1.nii.gz,Image/ADNI_006_S_6291/2019-05-30/seg.nii.gz,13.107752956636006,2019-05-30T11:35:32,73.45379876796714,1.0,0.5,69.0,ADNI,Sagittal_3D_Accelerated_MPRAGE,0.225847944261542,0.545054945054945,0.9622331691297209,0.9574914720545789,0.1686626746506986,0.5451959071624657,0.6056273764258555,0.3777025846320037,0.5066539166467448,0.2602422814839741,0.2701363073110285,0.6422182468694096,0.06530485917672547,0.13387941751021132,0.7683397683397684,0.504577077993409,0.6429640718562875,0.108130081300813,0.8535381239714755
ADNI_006_S_6291,006_S_6291,train,006_S_6291_MR_2022-10-27,2022-10-27,I1636863,Image/ADNI_006_S_6291/2022-10-27/t1.nii.gz,Image/ADNI_006_S_6291/2022-10-27/seg.nii.gz,54.040735873850196,2022-10-27T12:51:31,76.86516084873374,1.0,0.5,185.0,ADNI,Sagittal_3D_Accelerated_MPRAGE,0.3669550570400429,0.5494505494505495,0.896551724137931,0.9758593545001312,0.21007984031936128,0.517943598702271,0.7192395437262358,0.373063908878616,0.4826201290939517,0.3573932307002047,0.29677819083023543,0.6525939177101968,0.11730114515629836,0.20473716924169774,0.731016731016731,0.5144635664591725,0.7335329341317365,0.17886178861788618,0.8815139879319802
ADNI_007_S_0068,007_S_0068,val,007_S_0068_MR_2005-11-30,2005-11-30,I9113,Image/ADNI_007_S_0068/2005-11-30/t1.nii.gz,Image/ADNI_007_S_0068/2005-11-30/seg.nii.gz,0.0,2005-11-30T11:28:27,74.46132785763176,0.0,0.0,14.0,ADNI,MP-RAGE,0.447775821146926,0.5406593406593406,0.825944170771757,0.3925478876935188,0.27844311377245506,0.42730222111305216,0.5093536121673004,0.5535115728605696,0.4348234919117061,0.41710832562182776,0.05328376703841388,0.6508050089445439,0.09842154131847725,0.19687888474516071,0.646074646074646,0.5086049066276089,0.43637724550898205,0.3382113821138211,0.6204059243006034
ADNI_007_S_0068,007_S_0068,val,007_S_0068_MR_2006-06-20,2006-06-20,I17285,Image/ADNI_007_S_0068/2006-06-20/t1.nii.gz,Image/ADNI_007_S_0068/2006-06-20/seg.nii.gz,6.636005256241787,2006-06-20T10:37:15,75.01437371663245,0.0,0.0,1.0,ADNI,MP-RAGE,0.4371793890207488,0.545054945054945,0.7816091954022989,0.3849383363946471,0.26746506986027946,0.45819815323184426,0.5677566539923954,0.4959411587157858,0.41702127659574467,0.46786405316732566,0.07187112763320942,0.6178890876565295,0.09563602599814298,0.19430385366719943,0.6447876447876448,0.46576345660930063,0.39595808383233533,0.3333333333333333,0.591881513987932
ADNI_007_S_0068,007_S_0068,val,007_S_0068_MR_2006-11-29,2006-11-29,I30847,Image/ADNI_007_S_0068/2006-11-29/t1.nii.gz,Image/ADNI_007_S_0068/2006-11-29/seg.nii.gz,11.957950065703022,2006-11-29T13:54:46,75.45790554414785,0.0,0.0,0.0,ADNI,MP-RAGE,0.466579894341934,0.5230769230769231,0.7750410509031199,0.40960377853581736,0.23802395209580837,0.45440479161467434,0.5382509505703422,0.5711131233220543,0.4059925093632959,0.4310871820756569,0.07125154894671623,0.6622540250447227,0.09656453110492108,0.20458177943526903,0.6254826254826255,0.4866349322592457,0.41916167664670656,0.34552845528455284,0.6182117388919364
ADNI_007_S_0068,007_S_0068,val,007_S_0068_MR_2007-12-12,2007-12-12,I85162,Image/ADNI_007_S_0068/2007-12-12/t1.nii.gz,Image/ADNI_007_S_0068/2007-12-12/seg.nii.gz,24.375821287779235,2007-12-12T09:12:28,76.49281314168378,0.0,0.0,2.0,ADNI,MP-RAGE,0.4150677589771074,0.5142857142857142,0.8004926108374384,0.3657832589871425,0.25998003992015967,0.3942101322685301,0.47756653992395437,0.5435987863190836,0.3708821420033469,0.4523989792770814,0.061957868649318466,0.6565295169946332,0.10554008047044258,0.22158586396732374,0.6332046332046332,0.49798608568290004,0.3948353293413174,0.3772357723577236,0.605595172792101
ADNI_007_S_0068,007_S_0068,val,007_S_0068_MR_2008-12-02,2008-12-02,I129050,Image/ADNI_007_S_0068/2008-12-02/t1.nii.gz,Image/ADNI_007_S_0068/2008-12-02/seg.nii.gz,36.070959264126145,2008-12-02T09:28:54,77.46748802190281,0.0,0.0,0.0,ADNI,MP-RAGE,0.42554168899777967,0.5032967032967033,0.8037766830870279,0.40225662555759645,0.25149700598802394,0.47506862989767906,0.5320152091254753,0.5005004050898346,0.3576539963343693,0.4782535543030201,0.07434944237918216,0.6500894454382826,0.11389662643144537,0.22973272953294263,0.6306306306306306,0.4774807762724277,0.4000748502994012,0.3829268292682927,0.564454196379594
ADNI_007_S_0068,007_S_0068,val,007_S_0068_MR_2010-01-20,2010-01-20,I164313,Image/ADNI_007_S_0068/2010-01-20/t1.nii.gz,Image/ADNI_007_S_0068/2010-01-20/seg.nii.gz,49.67148488830486,2010-01-20T10:49:14,78.6009582477755,0.0,0.0,0.0,ADNI,MP-RAGE,0.4452185896945104,0.5142857142857142,0.8201970443349754,0.3531881395959066,0.2834331337325349,0.4015472922385825,0.5058555133079848,0.4707302737136412,0.40242250378516214,0.4955974313676005,0.08983890954151177,0.6057245080500895,0.12627669452181986,0.24875688154857042,0.6705276705276705,0.4741852801171732,0.39932634730538924,0.4032520325203252,0.5715852989577619
ADNI_007_S_0128,007_S_0128,val,007_S_0128_MR_2006-01-16,2006-01-16,I10007,Image/ADNI_007_S_0128/2006-01-16/t1.nii.gz,Image/ADNI_007_S_0128/2006-01-16/seg.nii.gz,0.0,2006-01-16T11:50:23,64.08761122518823,0.0,0.5,21.0,ADNI,MP-RAGE,0.5031773983615343,0.46153846153846156,0.6165845648604269,0.5953817895565469,0.28592814371257486,0.27486897928624904,0.507680608365019,0.4900157270171091,0.4220575344648976,0.5687165250553826,0.13940520446096655,0.6143112701252236,0.10584958217270195,0.16702184336707512,0.7786357786357786,0.6601977297693152,0.686751497005988,0.3723577235772358,0.7449259462424574
ADNI_007_S_0128,007_S_0128,val,007_S_0128_MR_2006-08-14,2006-08-14,I20609,Image/ADNI_007_S_0128/2006-08-14/t1.nii.gz,Image/ADNI_007_S_0128/2006-08-14/seg.nii.gz,6.898817345597897,2006-08-14T15:06:46,64.66255989048597,0.0,0.5,0.0,ADNI,MP-RAGE,0.45847944261541995,0.4065934065934066,0.6091954022988506,0.5030175806874836,0.26996007984031933,0.1856750686298977,0.4518631178707224,0.46146880808273366,0.39902781098095463,0.6042174924988082,0.14250309789343246,0.5470483005366726,0.12534818941504178,0.18462528858106908,0.712998712998713,0.6268766019772977,0.6467065868263473,0.4024390243902439,0.6911684037301152
ADNI_007_S_0128,007_S_0128,val,007_S_0128_MR_2007-02-15,2007-02-15,I40471,Image/ADNI_007_S_0128/2007-02-15/t1.nii.gz,Image/ADNI_007_S_0128/2007-02-15/seg.nii.gz,12.976346911957949,2007-02-15T09:06:00,65.1690622861054,0.0,0.5,0.0,ADNI,MP-RAGE,0.43474465967383813,0.42857142857142855,0.6001642036124795,0.5027551823668328,0.26646706586826346,0.19341152982281007,0.45536121673003804,0.4378147389156301,0.3701330783329349,0.6226970640195171,0.1288723667905824,0.5398926654740608,0.1210151655834107,0.1865343633457645,0.7953667953667953,0.6462834126693519,0.655314371257485,0.41788617886178864,0.7328579264947888
ADNI_007_S_0128,007_S_0128,val,007_S_0128_MR_2007-08-20,2007-08-20,I69885,Image/ADNI_007_S_0128/2007-08-20/t1.nii.gz,Image/ADNI_007_S_0128/2007-08-20/seg.nii.gz,19.086727989487514,2007-08-20T10:08:57,65.67830253251198,0.0,1.0,2.0,ADNI,MP-RAGE,0.4412678967919761,0.421978021978022,0.5747126436781609,0.5069535554972449,0.29890219560878245,0.17828799600698778,0.4278326996197719,0.44196095251711703,0.38442903817037216,0.613709654804969,0.12763320941759604,0.5474060822898033,0.1284432064376354,0.1940374711418931,0.7052767052767053,0.6422555840351519,0.6800149700598802,0.4121951219512195,0.7257268239166209
ADNI_007_S_0128,007_S_0128,val,007_S_0128_MR_2008-02-07,2008-02-07,I89862,Image/ADNI_007_S_0128/2008-02-07/t1.nii.gz,Image/ADNI_007_S_0128/2008-02-07/seg.nii.gz,24.704336399474375,2008-02-07T13:22:23,66.14647501711157,0.0,1.0,0.0,ADNI,MP-RAGE,0.4585406936681724,0.4175824175824176,0.541871921182266,0.5297822093938599,0.23952095808383234,0.2239081607187422,0.47665399239543726,0.3765746874453923,0.34295959837437245,0.6978491909929615,0.15303593556381662,0.5202146690518784,0.14948932219127206,0.2090880838217013,0.752895752895753,0.6147931160746979,0.6773952095808383,0.45365853658536587,0.7076247942951179
ADNI_007_S_0128,007_S_0128,val,007_S_0128_MR_2009-02-12,2009-02-12,I135877,Image/ADNI_007_S_0128/2009-02-12/t1.nii.gz,Image/ADNI_007_S_0128/2009-02-12/seg.nii.gz,36.892247043363994,2009-02-12T13:15:00,67.16221765913758,0.0,1.0,14.0,ADNI,MP-RAGE,0.45235433734017305,0.4021978021978022,0.4802955665024631,0.5476252951981108,0.18762475049900199,0.20693785874719242,0.4685931558935361,0.3181146642520135,0.3980874970117141,0.6821597823953338,0.1251548946716233,0.4701252236135957,0.18446301454658,0.24871248446101935,0.731016731016731,0.6012449652142072,0.6463323353293413,0.4682926829268293,0.6269884805266045
ADNI_007_S_0128,007_S_0128,val,007_S_0128_MR_2010-02-24,2010-02-24,I166756,Image/ADNI_007_S_0128/2010-02-24/t1.nii.gz,Image/ADNI_007_S_0128/2010-02-24/seg.nii.gz,49.27726675427069,2010-02-24T14:16:06,68.19438740588637,0.0,1.0,0.0,ADNI,MP-RAGE,0.43333588546053137,0.3120879120879121,0.4696223316912972,0.5355549724481763,0.2245508982035928,0.1848265535313202,0.4865399239543726,0.2645316049500389,0.26418041278189497,0.8144050923978576,0.161090458488228,0.4522361359570662,0.22376973073351902,0.27628307583022554,0.7438867438867439,0.54778469425119,0.6545658682634731,0.5349593495934959,0.6856829402084477
ADNI_007_S_4516,007_S_4516,test,007_S_4516_MR_2012-08-27,2012-08-27,I326392,Image/ADNI_007_S_4516/2012-08-27/t1.nii.gz,Image/ADNI_007_S_4516/2012-08-27/seg.nii.gz,0.0,2012-08-27T11:24:21,71.94798083504449,1.0,0.0,0.0,ADNI,Sag_IR-SPGR,0.5817778118061404,0.5164835164835165,0.7151067323481116,0.3290474940960378,0.11377245508982035,0.4600948340404292,0.33429657794676804,0.6169915328281624,0.3905331102079847,0.5548217941168223,0.26394052044609667,0.5567084078711986,0.08944599195295574,0.19989788669863257,0.5688545688545689,0.2559502013914317,0.3630239520958084,0.36910569105691055,0.42731760833790455
ADNI_007_S_4516,007_S_4516,test,007_S_4516_MR_2013-03-13,2013-03-13,I366169,Image/ADNI_007_S_4516/2013-03-13/t1.nii.gz,Image/ADNI_007_S_4516/2013-03-13/seg.nii.gz,6.504599211563732,2013-03-13T12:19:12,72.49007529089664,1.0,0.0,15.0,ADNI,Sag_IR-SPGR,0.5715948242860425,0.5648351648351648,0.7233169129720853,0.32983468905799,0.10079840319361277,0.40504117793860744,0.3426615969581749,0.5691591605903191,0.38568810263766035,0.6007963882112112,0.27199504337050806,0.5595706618962433,0.0981120396162179,0.20855531877108863,0.5083655083655083,0.26400585865983156,0.3461826347305389,0.37886178861788616,0.44322545255074053
ADNI_007_S_4516,007_S_4516,test,007_S_4516_MR_2014-02-17,2014-02-17,I414510,Image/ADNI_007_S_4516/2014-02-17/t1.nii.gz,Image/ADNI_007_S_4516/2014-02-17/seg.nii.gz,17.706964520367936,2014-02-17T09:05:47,73.4236824093087,1.0,0.0,8.0,ADNI,Accelerated_SAG_IR-SPGR,0.4978485567720695,0.44175824175824174,0.7553366174055829,0.302807662030963,0.10079840319361277,0.4232093835787372,0.3172623574144487,0.5350204133504901,0.33655271336361464,0.602941588850565,0.28004956629491945,0.50912343470483,0.10337356855462705,0.22138607707334398,0.4749034749034749,0.22519223727572318,0.3061377245508982,0.3959349593495935,0.4086670323642348
ADNI_007_S_4516,007_S_4516,test,007_S_4516_MR_2016-02-15,2016-02-15,I631787,Image/ADNI_007_S_4516/2016-02-15/t1.nii.gz,Image/ADNI_007_S_4516/2016-02-15/seg.nii.gz,41.62286465177398,2016-02-15T12:33:28,75.41683778234086,1.0,0.0,56.0,ADNI,Sag_IR-SPGR,0.5884848020825358,0.4901098901098901,0.7036124794745484,0.32327473104172133,0.09331337325349301,0.43503868230596454,0.3175665399239544,0.5666015345756088,0.321491752330863,0.6467990241440229,0.2732342007434944,0.5059033989266547,0.12039616217889199,0.24880127863612148,0.5173745173745173,0.2559502013914317,0.33083832335329344,0.424390243902439,0.408118486012068
ADNI_007_S_4911,007_S_4911,train,007_S_4911_MR_2013-04-01,2013-04-01,I364997,Image/ADNI_007_S_4911/2013-04-01/t1.nii.gz,Image/ADNI_007_S_4911/2013-04-01/seg.nii.gz,0.0,2013-04-01T12:03:14,75.12388774811772,1.0,1.0,0.0,ADNI,Sag_IR-SPGR,0.34738534568562895,0.2681318681318681,0.4909688013136289,0.42036210968249804,0.5843313373253493,0.29493386573496383,0.2643346007604563,0.16082860728526266,0.2888676388556857,0.35294859931017075,0.3785625774473358,0.4450805008944544,0.4856081708449396,0.959665245959865,0.806949806949807,0.4492859758330282,0.4434880239520958,0.732520325203252,0.5891387822270981
ADNI_007_S_4911,007_S_4911,train,007_S_4911_MR_2013-10-07,2013-10-07,I393420,Image/ADNI_007_S_4911/2013-10-07/t1.nii.gz,Image/ADNI_007_S_4911/2013-10-07/seg.nii.gz,6.2089356110381075,2013-10-07T13:35:45,75.6413415468857,1.0,1.0,0.0,ADNI,Accelerated_SAG_IR-SPGR,0.30991501416430595,0.24615384615384617,0.493431855500821,0.31697717134610337,0.6776447105788423,0.21167956076865485,0.1823574144486692,0.1825763713482343,0.2591760299625468,0.3532430386136115,0.379182156133829,0.39785330948121644,0.5013927576601671,0.9795329426389628,0.7065637065637066,0.4474551446356646,0.3615269461077844,0.7089430894308943,0.5688425671969282
ADNI_007_S_5265,007_S_5265,train,007_S_5265_MR_2015-08-25,2015-08-25,I680913,Image/ADNI_007_S_5265/2015-08-25/t1.nii.gz,Image/ADNI_007_S_5265/2015-08-25/seg.nii.gz,0.0,2015-08-25T12:25:50,77.19370294318959,0.0,0.0,77.0,ADNI,Sag_IR-SPGR,0.2451573386417579,0.2945054945054945,0.6789819376026273,0.3487273681448439,0.3198602794411178,0.4722236086848016,0.32866920152091256,0.4077586617738169,0.16476213244083193,0.44085976276604694,0.4684014869888476,0.47477638640429337,0.18384401114206128,0.4702317527970165,0.5276705276705277,0.3398022702306847,0.3125,0.5642276422764227,0.45309928688974216
ADNI_007_S_5265,007_S_5265,train,007_S_5265_MR_2017-09-18,2017-09-18,I905391,Image/ADNI_007_S_5265/2017-09-18/t1.nii.gz,Image/ADNI_007_S_5265/2017-09-18/seg.nii.gz,24.802890932982915,2017-09-18T13:37:05,79.26078028747433,0.0,0.0,0.0,ADNI,Accelerated_Sagittal_MPRAGE,0.55298981701248,0.35824175824175825,0.6822660098522167,0.4151141432694831,0.40768463073852296,0.524232592962316,0.3612167300380228,0.43606729257017585,0.21730815204398757,0.5578503126664984,0.5173482032218092,0.4876565295169946,0.2067471371092541,0.5557627419641271,0.5933075933075933,0.3954595386305383,0.4509730538922156,0.6414634146341464,0.5913329676357653
ADNI_007_S_5265,007_S_5265,train,007_S_5265_MR_2018-09-25,2018-09-25,I1060894,Image/ADNI_007_S_5265/2018-09-25/t1.nii.gz,Image/ADNI_007_S_5265/2018-09-25/seg.nii.gz,37.023653088042046,2018-09-25T13:44:36,80.27926078028747,0.0,0.0,30.0,ADNI,Accelerated_Sagittal_MPRAGE,0.5681800780950923,0.3054945054945055,0.6707717569786535,0.4397795854106534,0.3847305389221557,0.49942600449213875,0.36714828897338403,0.37616165467283036,0.23342098972029643,0.6120411654188048,0.5384138785625775,0.46726296958855096,0.2225317239244816,0.5673281832711774,0.5212355212355212,0.39472720615159285,0.38622754491017963,0.6398373983739838,0.6017553483269337
ADNI_007_S_5265,007_S_5265,train,007_S_5265_MR_2019-09-17,2019-09-17,I1228309,Image/ADNI_007_S_5265/2019-09-17/t1.nii.gz,Image/ADNI_007_S_5265/2019-09-17/seg.nii.gz,48.75164257555847,2019-09-17T15:34:48,81.25667351129364,0.0,0.0,34.0,ADNI,Accelerated_Sagittal_MPRAGE,0.5250899624837302,0.3010989010989011,0.6091954022988506,0.46208344266596696,0.3727544910179641,0.49358622410781133,0.3297338403041825,0.34116507013614195,0.18568810263766036,0.6442472168475365,0.5377942998760843,0.42289803220035777,0.2510058805323429,0.5768735570946546,0.5727155727155727,0.37532039545953866,0.4513473053892216,0.656910569105691,0.5397696105320899
ADNI_007_S_5265,007_S_5265,train,007_S_5265_MR_2021-09-20,2021-09-20,I1494071,Image/ADNI_007_S_5265/2021-09-20/t1.nii.gz,Image/ADNI_007_S_5265/2021-09-20/seg.nii.gz,72.8646517739816,2021-09-20T12:48:07,83.2662559890486,0.0,0.5,1.0,ADNI,Accelerated_Sagittal_MPRAGE,0.45504938366128167,0.2945054945054945,0.5870279146141215,0.40514300708475465,0.2839321357285429,0.4672323433990517,0.30190114068441065,0.2312030373794659,0.13515021117220496,0.701130086088444,0.5489467162329615,0.39177101967799643,0.2965026307644692,0.6370094121825608,0.5675675675675675,0.32405712193335773,0.41691616766467066,0.7121951219512195,0.5282501371365881
ADNI_007_S_5265,007_S_5265,train,007_S_5265_MR_2022-09-27,2022-09-27,I1676798,Image/ADNI_007_S_5265/2022-09-27/t1.nii.gz,Image/ADNI_007_S_5265/2022-09-27/seg.nii.gz,85.08541392904073,2022-09-27T14:12:35,84.28473648186174,0.0,1.0,7.0,ADNI,Accelerated_Sagittal_MPRAGE,0.47137278921981474,0.2857142857142857,0.5689655172413793,0.43872999212805036,0.25848303393213573,0.4786124282505615,0.31711026615969584,0.21329965527649367,0.13637740058968842,0.7476935587897142,0.5111524163568774,0.3620751341681574,0.27948003714020425,0.608528680518558,0.5122265122265123,0.33138044672281214,0.3828592814371258,0.6666666666666666,0.5655512890839276
ADNI_009_S_4741,009_S_4741,train,009_S_4741_MR_2012-06-12,2012-06-12,I310556,Image/ADNI_009_S_4741/2012-06-12/t1.nii.gz,Image/ADNI_009_S_4741/2012-06-12/seg.nii.gz,0.0,2012-06-12T12:40:36,61.74127310061601,1.0,0.5,15.0,ADNI,MPRAGE,0.5048618023122272,0.3120879120879121,0.4400656814449918,0.5536604565730779,0.35479041916167664,0.4243074619416022,0.2965779467680608,0.3251997648890372,0.404621882221691,0.5191665965620706,0.1691449814126394,0.10089445438282647,0.33580934695140824,0.5515672171905524,0.601029601029601,0.20139143170999635,0.3536676646706587,0.3991869918699187,0.40482720789906745
ADNI_009_S_4741,009_S_4741,train,009_S_4741_MR_2013-01-15,2013-01-15,I355121,Image/ADNI_009_S_4741/2013-01-15/t1.nii.gz,Image/ADNI_009_S_4741/2013-01-15/seg.nii.gz,7.128777923784494,2013-01-15T13:59:43,62.33538672142368,1.0,1.0,2.0,ADNI,MPRAGE,0.4472858127249062,0.34285714285714286,0.5139573070607554,0.4885856730516925,0.25,0.3503369104067881,0.2396958174904943,0.34593083289647175,0.4096581400908439,0.5436751633437088,0.1524163568773234,0.12200357781753131,0.2330547818012999,0.44947611436689755,0.5662805662805663,0.20871475649945076,0.3847305389221557,0.3276422764227642,0.4004388370817334
ADNI_009_S_4741,009_S_4741,train,009_S_4741_MR_2013-07-22,2013-07-22,I382492,Image/ADNI_009_S_4741/2013-07-22/t1.nii.gz,Image/ADNI_009_S_4741/2013-07-22/seg.nii.gz,13.304862023653088,2013-07-22T14:05:40,62.85010266940452,1.0,0.5,1.0,ADNI,MPRAGE,0.5464972054207182,0.45714285714285713,0.5541871921182266,0.5471004985568092,0.22005988023952097,0.38647367107561764,0.19163498098859316,0.41781442119811274,0.4347438042871942,0.5592243627492218,0.1369268897149938,0.10411449016100179,0.20798514391829154,0.41790978511809623,0.6396396396396397,0.2669351885756133,0.36601796407185627,0.2869918699186992,0.4339001645639057
ADNI_009_S_4741,009_S_4741,train,009_S_4741_MR_2014-07-15,2014-07-15,I435699,Image/ADNI_009_S_4741/2014-07-15/t1.nii.gz,Image/ADNI_009_S_4741/2014-07-15/seg.nii.gz,25.065703022339026,2014-07-15T11:08:55,63.83025325119781,1.0,1.0,1.0,ADNI,MPRAGE,0.41892657530051297,0.38461538461538464,0.47044334975369456,0.524534242980845,0.1691616766467066,0.36311454953830796,0.23832699619771863,0.34694752895200875,0.40130687704199536,0.5496620958470038,0.10780669144981413,0.10411449016100179,0.2510058805323429,0.4140028414136033,0.574002574002574,0.16990113511534236,0.2874251497005988,0.3097560975609756,0.42073505211190343
ADNI_009_S_4741,009_S_4741,train,009_S_4741_MR_2016-08-24,2016-08-24,I776972,Image/ADNI_009_S_4741/2016-08-24/t1.nii.gz,Image/ADNI_009_S_4741/2016-08-24/seg.nii.gz,50.39421813403416,2016-08-24T15:47:32,65.94113620807666,1.0,1.0,37.0,ADNI,MPRAGE,0.4075338794885537,0.2879120879120879,0.36617405582922824,0.4914720545788507,0.3652694610778443,0.2307961068130771,0.24076045627376425,0.25237890991119794,0.31051079767312134,0.6703401475000701,0.24845105328376704,0.05867620751341682,0.33735685546270505,0.521554786006038,0.5160875160875161,0.1369461735627975,0.24738023952095808,0.4113821138211382,0.27317608337904553
ADNI_009_S_4903,009_S_4903,train,009_S_4903_MR_2013-04-17,2013-04-17,I367630,Image/ADNI_009_S_4903/2013-04-17/t1.nii.gz,Image/ADNI_009_S_4903/2013-04-17/seg.nii.gz,0.0,2013-04-17T12:48:21,77.92470910335386,0.0,0.5,6.0,ADNI,MPRAGE,0.6526452798407473,0.4,0.3530377668308703,0.3112044082917869,0.32335329341317365,0.5465934614424757,0.3260836501901141,0.5507474304595784,0.298876404494382,0.6278146995317013,0.32961586121437425,0.2740608228980322,0.2735995047972764,0.3592390339193749,0.5135135135135135,0.20285609666788723,0.6006736526946108,0.5634146341463414,0.44432254525507403
ADNI_009_S_4903,009_S_4903,train,009_S_4903_MR_2013-10-23,2013-10-23,I395914,Image/ADNI_009_S_4903/2013-10-23/t1.nii.gz,Image/ADNI_009_S_4903/2013-10-23/seg.nii.gz,6.2089356110381075,2013-10-23T13:53:11,78.44216290212184,0.0,0.5,0.0,ADNI,MPRAGE,0.6531506010259551,0.4021978021978022,0.2996715927750411,0.18131723956966675,0.4441117764471058,0.4339406039430996,0.28638783269961976,0.5972930467521327,0.3504502350784923,0.5762878214295729,0.3066914498141264,0.24007155635062613,0.2742185082017951,0.36563221452672706,0.5958815958815958,0.28853899670450384,0.6366017964071856,0.5430894308943089,0.3620405924300603
ADNI_009_S_5000,009_S_5000,train,009_S_5000_MR_2013-06-24,2013-06-24,I378885,Image/ADNI_009_S_5000/2013-06-24/t1.nii.gz,Image/ADNI_009_S_5000/2013-06-24/seg.nii.gz,0.0,2013-06-24T13:25:22,77.35523613963039,1.0,0.5,1.0,ADNI,MPRAGE,0.560967766633489,0.3956043956043956,0.5246305418719212,0.22330097087378642,0.6586826347305389,0.4713251809333666,0.19817490494296577,0.4052804651384454,0.2918160809626265,0.5243543366703121,0.40024783147459725,0.35026833631484794,0.27948003714020425,0.6314819747824543,0.6036036036036037,0.3061149761991944,0.3686377245508982,0.8113821138211382,0.5266044980800878
ADNI_009_S_5000,009_S_5000,train,009_S_5000_MR_2013-11-22,2013-11-22,I399531,Image/ADNI_009_S_5000/2013-11-22/t1.nii.gz,Image/ADNI_009_S_5000/2013-11-22/seg.nii.gz,4.9605781865965834,2013-11-22T10:46:04,77.76865160848733,1.0,0.5,2.0,ADNI,MPRAGE,0.6089273409386724,0.432967032967033,0.5862068965517241,0.20781946995539227,0.7784431137724551,0.40099825305715,0.11695817490494297,0.43873611971596055,0.3142561160251813,0.5514707944252826,0.36059479553903345,0.34525939177101966,0.27793252862890744,0.6163203693837684,0.6692406692406693,0.32295862321493957,0.40194610778443113,0.7959349593495935,0.5008228195282501
ADNI_009_S_5000,009_S_5000,train,009_S_5000_MR_2014-12-03,2014-12-03,I460685,Image/ADNI_009_S_5000/2014-12-03/t1.nii.gz,Image/ADNI_009_S_5000/2014-12-03/seg.nii.gz,17.31274638633377,2014-12-03T15:13:51,78.79808350444901,1.0,0.5,1.0,ADNI,MPRAGE,0.5824209478600414,0.4175824175824176,0.5607553366174056,0.19023878247179218,0.7544910179640718,0.3996506114299975,0.128212927756654,0.3909037474781172,0.2744441788190294,0.5641877681500799,0.38104089219330856,0.32772808586762076,0.30207366140513775,0.6815174924524952,0.5984555984555985,0.3321127792017576,0.37350299401197606,0.8089430894308943,0.5381239714755897
ADNI_010_S_0419,010_S_0419,test,010_S_0419_MR_2006-05-16,2006-05-16,I15416,Image/ADNI_010_S_0419/2006-05-16/t1.nii.gz,Image/ADNI_010_S_0419/2006-05-16/seg.nii.gz,0.0,2006-05-16T14:41:33,70.24777549623545,1.0,0.0,45.0,ADNI,ADNI_______MPRAGE,0.4652936222341322,0.5978021978021978,0.7151067323481116,0.3188139595906586,0.23552894211576847,0.359820314449713,0.2710266159695818,0.5765778646205658,0.4441150689297952,0.4718459942233813,0.2385377942998761,0.9130590339892666,0.08635097493036212,0.14735393358195703,0.42342342342342343,0.3321127792017576,0.5344311377245509,0.45203252032520325,0.6703236423477784
ADNI_010_S_0419,010_S_0419,test,010_S_0419_MR_2006-12-15,2006-12-15,I33340,Image/ADNI_010_S_0419/2006-12-15/t1.nii.gz,Image/ADNI_010_S_0419/2006-12-15/seg.nii.gz,6.9973718791064385,2006-12-15T10:15:40,70.8309377138946,1.0,0.0,0.0,ADNI,MPRAGE,0.5087971824515733,0.5714285714285714,0.7216748768472906,0.35686171608501704,0.24900199600798403,0.3751434988769653,0.2701140684410646,0.6157365486346089,0.46853135708024546,0.4411822439079106,0.24845105328376704,0.9363148479427549,0.10399257195914577,0.15590037293553544,0.37194337194337196,0.35115342365433905,0.5392964071856288,0.4715447154471545,0.6648381788261108
ADNI_010_S_0419,010_S_0419,test,010_S_0419_MR_2007-06-27,2007-06-27,I57862,Image/ADNI_010_S_0419/2007-06-27/t1.nii.gz,Image/ADNI_010_S_0419/2007-06-27/seg.nii.gz,13.370565045992116,2007-06-27T12:33:39,71.36208076659823,1.0,0.0,0.0,ADNI,ASO-MPRAGE,0.4919684557078325,0.5362637362637362,0.715927750410509,0.34479139333508263,0.24451097804391217,0.34120289493386574,0.2795437262357414,0.5587697977728002,0.433612240019125,0.5201059981492386,0.23915737298636927,0.9352415026833631,0.09408851748684617,0.1529035695258391,0.4723294723294723,0.34968875869644817,0.5145958083832335,0.4682926829268293,0.6242457487657707
ADNI_010_S_0419,010_S_0419,test,010_S_0419_MR_2008-06-20,2008-06-20,I110490,Image/ADNI_010_S_0419/2008-06-20/t1.nii.gz,Image/ADNI_010_S_0419/2008-06-20/seg.nii.gz,25.164257555847566,2008-06-20T13:46:10,72.34496919917865,1.0,0.0,0.0,ADNI,ASO-MPRAGE,0.46804991960799325,0.5494505494505495,0.6748768472906403,0.3366570453949095,0.23203592814371257,0.3362116296481158,0.3026615969581749,0.5767367233792435,0.4435731930831142,0.4648074927792266,0.24349442379182157,0.9295169946332738,0.09873104302073661,0.16799857929319836,0.39768339768339767,0.32625411937019405,0.5183383233532934,0.5032520325203252,0.6555128908392759
ADNI_010_S_0419,010_S_0419,test,010_S_0419_MR_2009-06-23,2009-06-23,I146625,Image/ADNI_010_S_0419/2009-06-23/t1.nii.gz,Image/ADNI_010_S_0419/2009-06-23/seg.nii.gz,37.253613666228645,2009-06-23T12:48:12,73.35249828884326,1.0,0.0,0.0,ADNI,ASO-MPRAGE,0.48458770385115996,0.5560439560439561,0.6847290640394089,0.33534505379165575,0.2275449101796407,0.31504866483653604,0.2740684410646388,0.581931404788003,0.45657821340345844,0.46785003224811417,0.25154894671623296,0.918783542039356,0.09501702259362427,0.17463594388208134,0.38738738738738737,0.3251556206517759,0.5101047904191617,0.5073170731707317,0.7043335161821174
ADNI_010_S_0419,010_S_0419,test,010_S_0419_MR_2010-06-30,2010-06-30,I184213,Image/ADNI_010_S_0419/2010-06-30/t1.nii.gz,Image/ADNI_010_S_0419/2010-06-30/seg.nii.gz,49.47437582128778,2010-06-30T14:33:03,74.3709787816564,1.0,0.0,20.0,ADNI,ASO-MPRAGE,0.5019064390169206,0.5538461538461539,0.6962233169129721,0.3413802151666229,0.25499001996007986,0.34913900673820814,0.2722433460076046,0.5816295731465154,0.43957287433261616,0.48215136984380697,0.25092936802973975,0.9288014311270125,0.09749303621169916,0.182605221097496,0.40025740025740025,0.3339436103991212,0.4943862275449102,0.5414634146341464,0.7081733406472847
ADNI_010_S_0419,010_S_0419,test,010_S_0419_MR_2011-07-15,2011-07-15,I245344,Image/ADNI_010_S_0419/2011-07-15/t1.nii.gz,Image/ADNI_010_S_0419/2011-07-15/seg.nii.gz,61.95795006570302,2011-07-15T13:09:19,75.4113620807666,1.0,0.0,14.0,ADNI,ASO-MPRAGE,0.4755991118597351,0.5472527472527473,0.6962233169129721,0.3413802151666229,0.26646706586826346,0.34958822061392564,0.24836501901140684,0.5937663823094886,0.4263287911387362,0.45726423824345924,0.23915737298636927,0.9144901610017889,0.08789848344165893,0.18740010655301012,0.46589446589446587,0.3665324057121933,0.5029940119760479,0.5390243902439025,0.689522764673615
ADNI_010_S_0419,010_S_0419,test,010_S_0419_MR_2012-08-28,2012-08-28,I330225,Image/ADNI_010_S_0419/2012-08-28/t1.nii.gz,Image/ADNI_010_S_0419/2012-08-28/seg.nii.gz,75.42706964520367,2012-08-28T13:05:00,76.53388090349075,1.0,0.0,13.0,ADNI,ASO-MPRAGE,0.5023811346757523,0.5274725274725275,0.6748768472906403,0.33980582524271846,0.2559880239520958,0.32133765909658096,0.2761977186311787,0.5309854008800775,0.42068690732329267,0.5340988755222792,0.25960346964064435,0.90304114490161,0.10894459919529557,0.20904368673415025,0.4980694980694981,0.3416331014280483,0.5232035928143712,0.5878048780487805,0.6374108612177729
ADNI_010_S_0419,010_S_0419,test,010_S_0419_MR_2013-08-23,2013-08-23,I387480,Image/ADNI_010_S_0419/2013-08-23/t1.nii.gz,Image/ADNI_010_S_0419/2013-08-23/seg.nii.gz,87.25361366622865,2013-08-23T08:56:30,77.51950718685832,1.0,0.0,33.0,ADNI,ASO-MPRAGE,0.4926115917617334,0.46593406593406594,0.6839080459770115,0.3222251377591183,0.23003992015968064,0.30192163713501374,0.23604562737642584,0.5166404549714848,0.3729540202406566,0.590897619247918,0.27942998760842624,0.8808586762075135,0.12039616217889199,0.21470431539690996,0.444015444015444,0.29769315269132185,0.48502994011976047,0.6178861788617886,0.6171146461876028
ADNI_010_S_0419,010_S_0419,test,010_S_0419_MR_2015-06-18,2015-06-18,I742519,Image/ADNI_010_S_0419/2015-06-18/t1.nii.gz,Image/ADNI_010_S_0419/2015-06-18/seg.nii.gz,109.06701708278581,2015-06-18T11:39:18,79.33744010951403,1.0,0.0,89.0,ADNI,ASO-MPRAGE,0.5353188882933926,0.5362637362637362,0.6642036124794746,0.3159275780635004,0.22854291417165667,0.3139006738208136,0.21490494296577947,0.5456004066784222,0.39085186070603234,0.5833824065505735,0.2781908302354399,0.8604651162790697,0.12132466728567007,0.21947700230864856,0.4749034749034749,0.3167337971439033,0.5145958083832335,0.6138211382113821,0.6105320899616018
ADNI_010_S_0419,010_S_0419,test,010_S_0419_MR_2019-05-24,2019-05-24,I1170023,Image/ADNI_010_S_0419/2019-05-24/t1.nii.gz,Image/ADNI_010_S_0419/2019-05-24/seg.nii.gz,156.24178712220763,2019-05-24T11:03:26,83.26899383983573,1.0,0.0,11.0,ADNI,ORIG_Accelerated_Sag_IR-FSPGR,0.36493377229921137,0.4351648351648352,0.6814449917898193,0.2605615324061926,0.1631736526946108,0.3019715497878712,0.21536121673003802,0.4754007212187644,0.33129333014582835,0.5367768710916687,0.265179677819083,0.8239713774597496,0.15877437325905291,0.2532187888474516,0.44272844272844275,0.23288172830465032,0.4120508982035928,0.6959349593495935,0.5364783324190894
ADNI_010_S_0420,010_S_0420,train,010_S_0420_MR_2007-03-13,2007-03-13,I44679,Image/ADNI_010_S_0420/2007-03-13/t1.nii.gz,Image/ADNI_010_S_0420/2007-03-13/seg.nii.gz,0.0,2007-03-13T14:25:56,74.23956194387407,1.0,0.0,0.0,ADNI,MPRAGE,0.7348901309241253,0.7186813186813187,0.8735632183908046,0.7412752558383626,0.27095808383233533,0.6221612178687297,0.7253231939163498,0.6691607491779059,0.5435811618455654,0.4446033481955077,0.26394052044609667,0.669051878354204,0.05478180129990715,0.11139229266560113,0.5006435006435006,0.314536799707067,0.4805389221556886,0.27235772357723576,0.6834887547997806
ADNI_010_S_0420,010_S_0420,train,010_S_0420_MR_2008-09-18,2008-09-18,I118195,Image/ADNI_010_S_0420/2008-09-18/t1.nii.gz,Image/ADNI_010_S_0420/2008-09-18/seg.nii.gz,18.232588699080157,2008-09-18T14:42:27,75.75906913073237,1.0,0.0,0.0,ADNI,ASO-MPRAGE,0.7734782941581808,0.6681318681318681,0.8185550082101807,0.7037522959853056,0.3158682634730539,0.600898427751435,0.6847148288973384,0.668001080239559,0.5217626902542035,0.5084265724460896,0.2955390334572491,0.6597495527728086,0.052615289384091615,0.11987213638785296,0.5006435006435006,0.3094104723544489,0.44573353293413176,0.2788617886178862,0.6533187054306089
ADNI_010_S_0420,010_S_0420,train,010_S_0420_MR_2009-08-25,2009-08-25,I154490,Image/ADNI_010_S_0420/2009-08-25/t1.nii.gz,Image/ADNI_010_S_0420/2009-08-25/seg.nii.gz,29.43495400788436,2009-08-25T14:45:44,76.69267624914443,1.0,0.0,0.0,ADNI,ASO-MPRAGE,0.6778500880483883,0.6417582417582418,0.7996715927750411,0.6562581999475203,0.23353293413173654,0.5768904417269778,0.6873003802281369,0.5743856137508142,0.5007729699577655,0.5347298168867951,0.3073110285006196,0.6053667262969589,0.06499535747446611,0.12761942816551233,0.45045045045045046,0.2632735261808861,0.38997005988023953,0.2926829268292683,0.6396050466264399
ADNI_010_S_0420,010_S_0420,train,010_S_0420_MR_2011-11-09,2011-11-09,I277708,Image/ADNI_010_S_0420/2011-11-09/t1.nii.gz,Image/ADNI_010_S_0420/2011-11-09/seg.nii.gz,55.91327201051248,2011-11-09T10:32:47,78.89938398357289,1.0,0.0,14.0,ADNI,ASO-MPRAGE,0.6324324324324324,0.6285714285714286,0.777504105090312,0.6365783258987142,0.25499001996007986,0.5445470426753182,0.6704182509505704,0.5785477132281688,0.45033070364172445,0.5344914612602002,0.29677819083023543,0.5706618962432916,0.06530485917672547,0.1426922393890961,0.3783783783783784,0.2735261808861223,0.46107784431137727,0.33739837398373984,0.6368623148656062
ADNI_010_S_0420,010_S_0420,train,010_S_0420_MR_2012-12-04,2012-12-04,I350647,Image/ADNI_010_S_0420/2012-12-04/t1.nii.gz,Image/ADNI_010_S_0420/2012-12-04/seg.nii.gz,68.75821287779237,2012-12-04T14:22:29,79.96988364134155,1.0,0.5,73.0,ADNI,ASO-MPRAGE,0.8029094250057422,0.6175824175824176,0.8119868637110016,0.6895827866701653,0.2844311377245509,0.6221612178687297,0.7253231939163498,0.6342753657722918,0.4640688501075783,0.5911640167129357,0.32899628252788105,0.5835420393559928,0.06778087279480037,0.1517936423370627,0.4465894465894466,0.29403149029659464,0.40755988023952094,0.35203252032520327,0.646187602852441
ADNI_010_S_0420,010_S_0420,train,010_S_0420_MR_2013-09-09,2013-09-09,I389992,Image/ADNI_010_S_0420/2013-09-09/t1.nii.gz,Image/ADNI_010_S_0420/2013-09-09/seg.nii.gz,77.92378449408672,2013-09-09T15:16:22,80.7337440109514,1.0,0.5,16.0,ADNI,ASO-MPRAGE,0.7624071663731721,0.6857142857142857,0.7545155993431856,0.6559958016268695,0.2440119760479042,0.5801347641627153,0.6713307984790875,0.5836788511334572,0.43903099848593513,0.6377835730910518,0.3420074349442379,0.5373881932021467,0.08016094088517486,0.16045107440951872,0.5263835263835264,0.2577810325887953,0.406811377245509,0.37317073170731707,0.603400987383434
ADNI_010_S_0904,010_S_0904,train,010_S_0904_MR_2006-12-07,2006-12-07,I32500,Image/ADNI_010_S_0904/2006-12-07/t1.nii.gz,Image/ADNI_010_S_0904/2006-12-07/seg.nii.gz,0.0,2006-12-07T14:29:23,84.145106091718,1.0,0.5,12.0,ADNI,MPRAGE,0.7205726973432356,0.6131868131868132,0.6839080459770115,0.1634741537654159,0.3727544910179641,0.36311454953830796,0.0755893536121673,0.6632194316033615,0.47385449039764127,0.49890636830150586,0.2137546468401487,0.5202146690518784,0.3478799133395234,0.3654546261765228,0.47361647361647363,0.3917978762358111,0.42028443113772457,0.4292682926829268,0.4437739989029073
ADNI_010_S_0904,010_S_0904,train,010_S_0904_MR_2007-06-12,2007-06-12,I56773,Image/ADNI_010_S_0904/2007-06-12/t1.nii.gz,Image/ADNI_010_S_0904/2007-06-12/seg.nii.gz,6.14323258869908,2007-06-12T12:37:12,84.65708418891171,1.0,0.5,7.0,ADNI,ASO-MPRAGE,0.6403950692902535,0.6989010989010989,0.7167487684729064,0.15402781422198897,0.41966067864271456,0.3522835038682306,0.08182509505703423,0.6149104830894851,0.5374133397083433,0.408373292953086,0.21995043370508055,0.5255813953488372,0.34385639121015166,0.36933937133724026,0.5173745173745173,0.41120468692786527,0.4251497005988024,0.43577235772357725,0.45364783324190894
ADNI_010_S_0904,010_S_0904,train,010_S_0904_MR_2008-06-27,2008-06-27,I125827,Image/ADNI_010_S_0904/2008-06-27/t1.nii.gz,Image/ADNI_010_S_0904/2008-06-27/seg.nii.gz,18.659658344283837,2008-06-27T11:53:21,85.70020533880904,1.0,0.5,0.0,ADNI,ASO-MPRAGE,0.6424622923206492,0.5824175824175825,0.6576354679802956,0.12647599055366046,0.37425149700598803,0.30930870975792363,0.01612167300380228,0.6086196762458498,0.4363216192525301,0.517666358206444,0.218091697645601,0.4729874776386404,0.3946146703806871,0.3897620316107263,0.41312741312741313,0.38923471255950204,0.4184131736526946,0.44065040650406506,0.40537575425123423
ADNI_010_S_0904,010_S_0904,train,010_S_0904_MR_2009-01-28,2009-01-28,I134949,Image/ADNI_010_S_0904/2009-01-28/t1.nii.gz,Image/ADNI_010_S_0904/2009-01-28/seg.nii.gz,25.7227332457293,2009-01-28T13:03:59,86.28884325804243,1.0,1.0,1.0,ADNI,ASO-MPRAGE,0.641911032845877,0.610989010989011,0.6674876847290641,0.1212280241406455,0.3812375249500998,0.3124032942350886,0.01779467680608365,0.6016298908640327,0.4297553589927484,0.5150444463139003,0.2255266418835192,0.4679785330948122,0.4506344784896317,0.40914136032676257,0.37966537966537967,0.373489564262175,0.38248502994011974,0.45121951219512196,0.4114097641250686
ADNI_010_S_4345,010_S_4345,train,010_S_4345_MR_2012-09-20,2012-09-20,I337395,Image/ADNI_010_S_4345/2012-09-20/t1.nii.gz,Image/ADNI_010_S_4345/2012-09-20/seg.nii.gz,0.0,2012-09-20T13:17:40,70.59548254620123,1.0,0.0,27.0,ADNI,MPRAGE,0.6624301355179543,0.4747252747252747,0.7922824302134647,0.7732878509577539,0.2894211576846307,0.764112802595458,0.764106463878327,0.608810306756263,0.4152362738066778,0.4295729228008188,0.32837670384138784,0.8314847942754919,0.07180439492417208,0.18944237258035873,0.5508365508365508,0.36909556938850235,0.5838323353293413,0.4991869918699187,0.8326933625891387
ADNI_010_S_4345,010_S_4345,train,010_S_4345_MR_2013-03-12,2013-03-12,I363621,Image/ADNI_010_S_4345/2013-03-12/t1.nii.gz,Image/ADNI_010_S_4345/2013-03-12/seg.nii.gz,5.683311432325887,2013-03-12T14:40:11,71.06913073237509,1.0,0.0,30.0,ADNI,MPRAGE,0.6438098154812035,0.4043956043956044,0.7446633825944171,0.762791918131724,0.28642714570858285,0.757524332418268,0.7762737642585551,0.5993582106149422,0.4078571997768746,0.4310871820756569,0.3141263940520446,0.8035778175313059,0.07273290003095018,0.19001953471852245,0.5611325611325612,0.3588429146832662,0.6025449101796407,0.5186991869918699,0.7997805814591333
ADNI_010_S_4345,010_S_4345,train,010_S_4345_MR_2014-03-13,2014-03-13,I416762,Image/ADNI_010_S_4345/2014-03-13/t1.nii.gz,Image/ADNI_010_S_4345/2014-03-13/seg.nii.gz,17.706964520367936,2014-03-13T12:09:38,72.07118412046543,1.0,0.0,14.0,ADNI,MPRAGE_SENSE2,0.5744429982390322,0.32967032967032966,0.6748768472906403,0.6987667278929415,0.25798403193612773,0.6943848265535313,0.752851711026616,0.5064417226643791,0.3519324248944139,0.5306637503154706,0.3265179677819083,0.7484794275491949,0.08758898173939957,0.19612413425679276,0.4800514800514801,0.2918344928597583,0.49176646706586824,0.5211382113821138,0.7531541415249589
ADNI_010_S_4345,010_S_4345,train,010_S_4345_MR_2016-03-17,2016-03-17,I662487,Image/ADNI_010_S_4345/2016-03-17/t1.nii.gz,Image/ADNI_010_S_4345/2016-03-17/seg.nii.gz,41.85282522996058,2016-03-17T15:30:50,74.08350444900753,1.0,0.0,103.0,ADNI,MPRAGE_SENSE2,0.3608605772911722,0.34505494505494505,0.6683087027914614,0.608764103909735,0.22055888223552894,0.6517095083603693,0.6466920152091254,0.40186500182687573,0.2471431986612479,0.5398754942374022,0.32837670384138784,0.693381037567084,0.09625502940266172,0.22074231930385366,0.4839124839124839,0.2508238740388136,0.41504491017964074,0.5349593495934959,0.6631925397696106
ADNI_011_S_0362,011_S_0362,train,011_S_0362_MR_2006-03-28,2006-03-28,I12762,Image/ADNI_011_S_0362/2006-03-28/t1.nii.gz,Image/ADNI_011_S_0362/2006-03-28/seg.nii.gz,0.0,2006-03-28T08:43:33,70.53251197809719,0.0,0.5,52.0,ADNI,MPRAGE,0.350524462139193,0.5098901098901099,0.5172413793103449,0.7389136709525059,0.4091816367265469,0.35547791365111053,0.4620532319391635,0.39611431476274445,0.5768905888915451,0.39948403017301815,0.1567534076827757,0.3334525939177102,0.05911482513153822,0.12262475581601846,0.722007722007722,0.5089710728670817,0.7122005988023952,0.17154471544715447,0.6522216127262753
ADNI_011_S_0362,011_S_0362,train,011_S_0362_MR_2006-10-18,2006-10-18,I27197,Image/ADNI_011_S_0362/2006-10-18/t1.nii.gz,Image/ADNI_011_S_0362/2006-10-18/seg.nii.gz,6.701708278580814,2006-10-18T12:28:40,71.09103353867214,0.0,0.5,0.0,ADNI,MPRAGE,0.43603093178164,0.48131868131868133,0.506568144499179,0.7837837837837838,0.4421157684630739,0.34659346144247566,0.4906463878326996,0.43103146992009406,0.5749780859032593,0.444855724741314,0.13506815365551425,0.31413237924865833,0.07242339832869081,0.1290623335109217,0.7027027027027027,0.4760161113145368,0.6964820359281437,0.17073170731707318,0.6264399341744378
ADNI_011_S_0362,011_S_0362,train,011_S_0362_MR_2007-04-16,2007-04-16,I49201,Image/ADNI_011_S_0362/2007-04-16/t1.nii.gz,Image/ADNI_011_S_0362/2007-04-16/seg.nii.gz,12.614980289093298,2007-04-16T12:17:43,71.58384668035592,0.0,0.5,0.0,ADNI,MPRAGE,0.34888599647806445,0.5164835164835165,0.4860426929392447,0.7740750459197061,0.4226546906187625,0.320539056650861,0.5064638783269962,0.3696643314429141,0.5223842537253964,0.46026471495471244,0.16047087980173483,0.2608228980322004,0.08975549365521511,0.15035073699165336,0.8056628056628057,0.4683266202856097,0.625748502994012,0.19593495934959348,0.6637410861217773
ADNI_011_S_0362,011_S_0362,train,011_S_0362_MR_2007-10-23,2007-10-23,I193571,Image/ADNI_011_S_0362/2007-10-23/t1.nii.gz,Image/ADNI_011_S_0362/2007-10-23/seg.nii.gz,18.85676741130092,2007-10-23T12:33:56,72.10403832991102,0.0,0.5,2.0,ADNI,MPRAGE,0.3831865860194472,0.5010989010989011,0.4178981937602627,0.7948045132511152,0.4186626746506986,0.3604691789368605,0.4296577946768061,0.36494622631018764,0.5125029882859192,0.500729087798996,0.16852540272614622,0.24508050089445438,0.10615908387496131,0.15121648019889894,0.7696267696267697,0.445624313438301,0.6781437125748503,0.2105691056910569,0.5902358749314317
ADNI_011_S_0362,011_S_0362,train,011_S_0362_MR_2008-04-22,2008-04-22,I103555,Image/ADNI_011_S_0362/2008-04-22/t1.nii.gz,Image/ADNI_011_S_0362/2008-04-22/seg.nii.gz,24.83574244415243,2008-04-22T12:20:37,72.60232717316906,0.0,0.5,0.0,ADNI,MPRAGE,0.4830411147691601,0.44395604395604393,0.4220032840722496,0.808449225924954,0.4311377245508982,0.34210132268530075,0.4793916349809886,0.43045957838885446,0.5516614869710734,0.48938616415692215,0.1697645600991326,0.2189624329159213,0.1293717115444135,0.16093944237258037,0.7902187902187903,0.470523617722446,0.7335329341317365,0.22682926829268293,0.6121777290181021
ADNI_011_S_0362,011_S_0362,train,011_S_0362_MR_2009-04-07,2009-04-07,I141285,Image/ADNI_011_S_0362/2009-04-07/t1.nii.gz,Image/ADNI_011_S_0362/2009-04-07/seg.nii.gz,36.333771353482256,2009-04-07T14:34:29,73.56057494866529,0.0,1.0,0.0,ADNI,MPRAGE,0.3720542071816859,0.42637362637362636,0.367816091954023,0.7900813434794017,0.37624750499001997,0.3065635138507612,0.4661596958174905,0.35255524313333014,0.4853773209020639,0.5214660273127506,0.19144981412639406,0.14347048300536672,0.14701330857319717,0.18249422837861837,0.7567567567567568,0.4295129989015013,0.687874251497006,0.25121951219512195,0.5891387822270981
ADNI_011_S_0362,011_S_0362,train,011_S_0362_MR_2010-05-28,2010-05-28,I176623,Image/ADNI_011_S_0362/2010-05-28/t1.nii.gz,Image/ADNI_011_S_0362/2010-05-28/seg.nii.gz,50.0,2010-05-28T13:16:02,74.69952087611225,0.0,1.0,5.0,ADNI,MPRAGE,0.4476073807518567,0.3912087912087912,0.3251231527093596,0.760692731566518,0.3393213572854291,0.25999500873471426,0.41216730038022814,0.3262800044480452,0.47511355486492945,0.6185889346905583,0.17905824039653037,0.10053667262969589,0.1959145775301764,0.22214082756171194,0.8146718146718147,0.3885023800805566,0.7032185628742516,0.3170731707317073,0.5825562260010971
ADNI_012_S_1292,012_S_1292,train,012_S_1292_MR_2007-03-01,2007-03-01,I42570,Image/ADNI_012_S_1292/2007-03-01/t1.nii.gz,Image/ADNI_012_S_1292/2007-03-01/seg.nii.gz,0.0,2007-03-01T08:50:49,76.290212183436,1.0,0.5,19.0,ADNI,MPRAGE,0.5181839062858893,0.46593406593406594,0.6239737274220033,0.33429546050905273,0.0718562874251497,0.39490890940853507,0.3767300380228137,0.292697262863588,0.47726512072675115,0.6401390875185777,0.03469640644361834,0.3216457960644007,0.21448467966573817,0.33539779790445745,0.40540540540540543,0.14902965946539729,0.5759730538922155,0.4105691056910569,0.5792649478880966
ADNI_012_S_1292,012_S_1292,train,012_S_1292_MR_2007-09-12,2007-09-12,I73438,Image/ADNI_012_S_1292/2007-09-12/t1.nii.gz,Image/ADNI_012_S_1292/2007-09-12/seg.nii.gz,6.40604467805519,2007-09-12T08:26:08,76.82409308692677,1.0,1.0,19.0,ADNI,MPRAGE,0.5318275782865018,0.4351648351648352,0.5977011494252874,0.3256363159275781,0.05139720558882235,0.39091589717993513,0.3575665399239544,0.2841506616467299,0.47744043350067733,0.6438546311096155,0.03841387856257745,0.3044722719141324,0.23862581244196843,0.3633457645178476,0.4839124839124839,0.12522885389967045,0.6163922155688623,0.43902439024390244,0.6039495337356007
ADNI_012_S_1292,012_S_1292,train,012_S_1292_MR_2008-03-25,2008-03-25,I99885,Image/ADNI_012_S_1292/2008-03-25/t1.nii.gz,Image/ADNI_012_S_1292/2008-03-25/seg.nii.gz,12.81208935611038,2008-03-25T09:40:14,77.35797399041752,1.0,1.0,8.0,ADNI,MPRAGE_AUTOSHIM_ON,0.45970446367046935,0.432967032967033,0.5517241379310345,0.3151403831015481,0.05389221556886228,0.3269278762166209,0.38783269961977185,0.26273650097698137,0.44277631683799507,0.6304786741818794,0.04584882280049566,0.26976744186046514,0.27669452181987003,0.3853223228556207,0.4568854568854569,0.115342365433907,0.6047904191616766,0.4504065040650406,0.5924300603400987
ADNI_012_S_1292,012_S_1292,train,012_S_1292_MR_2008-09-23,2008-09-23,I118358,Image/ADNI_012_S_1292/2008-09-23/t1.nii.gz,Image/ADNI_012_S_1292/2008-09-23/seg.nii.gz,18.791064388961892,2008-09-23T12:25:17,77.85626283367556,1.0,1.0,20.0,ADNI,MPRAGE_AUTOSHIM_ON,0.5263456090651558,0.34505494505494505,0.45073891625615764,0.3022828653896615,0.05089820359281437,0.34799101572248564,0.4305703422053232,0.26297478911499783,0.4872260737907403,0.6276464485011637,0.0724907063197026,0.25438282647584975,0.32219127205199627,0.41937488900728115,0.4491634491634492,0.03808128890516294,0.5703592814371258,0.4682926829268293,0.521667580910587
ADNI_013_S_0860,013_S_0860,test,013_S_0860_MR_2006-09-21,2006-09-21,I24925,Image/ADNI_013_S_0860/2006-09-21/t1.nii.gz,Image/ADNI_013_S_0860/2006-09-21/seg.nii.gz,0.0,2006-09-21T14:14:36,85.26762491444217,1.0,0.5,25.0,ADNI,MPRAGE,0.3168516958885231,0.29010989010989013,0.25862068965517243,0.1464182629231173,0.10229540918163672,0.38088345395557777,0.3706463878326996,0.19080525504773704,0.18127340823970037,0.8124141218698298,0.1567534076827757,0.2880143112701252,0.4373259052924791,0.3599271887764163,0.43114543114543114,0.2131087513731234,0.26422155688622756,0.5422764227642276,0.3598464070213933
ADNI_013_S_0860,013_S_0860,test,013_S_0860_MR_2007-04-12,2007-04-12,I49127,Image/ADNI_013_S_0860/2007-04-12/t1.nii.gz,Image/ADNI_013_S_0860/2007-04-12/seg.nii.gz,6.668856767411301,2007-04-12T14:36:33,85.82340862422998,1.0,0.5,55.0,ADNI,MPRAGE,0.38280376693974427,0.3252747252747253,0.2602627257799672,0.17134610338493833,0.08832335329341318,0.357923633641128,0.38053231939163495,0.17255238367567396,0.2772810582516535,0.7986035164465383,0.18835192069392812,0.2772808586762075,0.4682760755184153,0.3698943349316285,0.4491634491634492,0.2698645184913951,0.25486526946107785,0.5439024390243903,0.36588041689522766
ADNI_013_S_0860,013_S_0860,test,013_S_0860_MR_2007-09-25,2007-09-25,I75383,Image/ADNI_013_S_0860/2007-09-25/t1.nii.gz,Image/ADNI_013_S_0860/2007-09-25/seg.nii.gz,12.12220762155059,2007-09-25T15:06:32,86.27789185489391,1.0,0.5,111.0,ADNI,MPRAGE,0.30484648954903915,0.3142857142857143,0.21839080459770116,0.16216216216216217,0.09880239520958084,0.3797354629398553,0.3653231939163498,0.11431476274444391,0.23209817515339867,0.811180280979221,0.16418835192069392,0.24508050089445438,0.5134633240482822,0.38292488012786363,0.44787644787644787,0.2237275723178323,0.20733532934131738,0.5642276422764227,0.29511793746571585
ADNI_014_S_0169,014_S_0169,train,014_S_0169_MR_2006-02-07,2006-02-07,I10987,Image/ADNI_014_S_0169/2006-02-07/t1.nii.gz,Image/ADNI_014_S_0169/2006-02-07/seg.nii.gz,0.0,2006-02-07T16:32:18,71.97809719370294,0.0,0.5,9.0,ADNI,MP-RAGE,0.3386570706684021,0.4967032967032967,0.8308702791461412,0.1613749672002099,0.1601796407185629,0.16456201647117544,0.2856273764258555,0.3028642234189582,0.4677504183600287,0.5851770842096408,0.4312267657992565,0.6107334525939178,0.06716186939028165,0.26043331557449834,0.5778635778635779,0.26949835225192237,0.3690119760479042,0.5658536585365853,0.5172792100932528
ADNI_014_S_0169,014_S_0169,train,014_S_0169_MR_2006-08-24,2006-08-24,I23365,Image/ADNI_014_S_0169/2006-08-24/t1.nii.gz,Image/ADNI_014_S_0169/2006-08-24/seg.nii.gz,6.504599211563732,2006-08-24T14:24:41,72.5201916495551,0.0,0.5,0.0,ADNI,MP-RAGE,0.41332210397366204,0.47692307692307695,0.8587848932676518,0.18525321437942796,0.21107784431137724,0.18941851759421013,0.25870722433460075,0.3851054027863826,0.43652880707626107,0.5987493340063375,0.3996282527881041,0.6064400715563506,0.06282884555865058,0.26438465636654235,0.5263835263835264,0.2683998535335042,0.37350299401197606,0.5878048780487805,0.5469007131102578
ADNI_014_S_0169,014_S_0169,train,014_S_0169_MR_2007-02-22,2007-02-22,I41480,Image/ADNI_014_S_0169/2007-02-22/t1.nii.gz,Image/ADNI_014_S_0169/2007-02-22/seg.nii.gz,12.483574244415243,2007-02-22T13:31:08,73.01848049281314,0.0,0.5,5.0,ADNI,MP-RAGE,0.3920067376158028,0.38461538461538464,0.7282430213464697,0.16321175544476516,0.22405189620758484,0.18327926129273772,0.24593155893536123,0.39130089437481136,0.4197625308789545,0.5888085022854098,0.41759603469640644,0.5348837209302325,0.06809037449705974,0.27999023264073875,0.4839124839124839,0.22812156719150495,0.3828592814371258,0.6130081300813008,0.5375754251234229
ADNI_014_S_0169,014_S_0169,train,014_S_0169_MR_2007-08-30,2007-08-30,I71120,Image/ADNI_014_S_0169/2007-08-30/t1.nii.gz,Image/ADNI_014_S_0169/2007-08-30/seg.nii.gz,18.69250985545335,2007-08-30T13:44:42,73.53593429158111,0.0,0.5,12.0,ADNI,MP-RAGE,0.42580200597197765,0.4153846153846154,0.7241379310344828,0.18945158750983992,0.2435129740518962,0.19061642126279013,0.27269961977186313,0.3892992740154728,0.42503785162164315,0.6067692997952946,0.40148698884758366,0.5220035778175313,0.06809037449705974,0.28687178121115253,0.4697554697554698,0.2361772244599048,0.3847305389221557,0.6186991869918699,0.526055951727921
ADNI_014_S_0169,014_S_0169,train,014_S_0169_MR_2008-02-28,2008-02-28,I93895,Image/ADNI_014_S_0169/2008-02-28/t1.nii.gz,Image/ADNI_014_S_0169/2008-02-28/seg.nii.gz,24.67148488830486,2008-02-28T14:27:07,74.03422313483915,0.0,0.5,5.0,ADNI,MP-RAGE,0.4405328841589465,0.43956043956043955,0.825944170771757,0.15980057727630542,0.26596806387225547,0.16526079361118043,0.25961977186311785,0.3800060366328297,0.4236831620049406,0.6272258209248198,0.41511771995043373,0.5803220035778175,0.07304240173320953,0.29541822056473094,0.4929214929214929,0.2453313804467228,0.38922155688622756,0.634959349593496,0.5474492594624246
ADNI_014_S_0169,014_S_0169,train,014_S_0169_MR_2009-02-23,2009-02-23,I136784,Image/ADNI_014_S_0169/2009-02-23/t1.nii.gz,Image/ADNI_014_S_0169/2009-02-23/seg.nii.gz,36.530880420499344,2009-02-23T14:45:56,75.02258726899385,0.0,0.5,1.0,ADNI,MP-RAGE,0.3866013322103974,0.3824175824175824,0.7307060755336617,0.13670952505903963,0.23602794411177644,0.14858996755677564,0.21612167300380228,0.3082018777105276,0.37397402183440914,0.6940635428058664,0.41759603469640644,0.5262969588550984,0.07458991024450634,0.3080713905167821,0.4543114543114543,0.22665690223361407,0.35142215568862273,0.634959349593496,0.5551289083927592
ADNI_014_S_0169,014_S_0169,train,014_S_0169_MR_2010-02-04,2010-02-04,I165780,Image/ADNI_014_S_0169/2010-02-04/t1.nii.gz,Image/ADNI_014_S_0169/2010-02-04/seg.nii.gz,47.89750328515112,2010-02-04T13:14:46,75.96988364134155,0.0,0.5,0.0,ADNI,MP-RAGE,0.45864788301048925,0.2989010989010989,0.7183908045977011,0.16189976384151142,0.24301397205588823,0.14729223858248067,0.22083650190114068,0.32132361117730224,0.39609530639891627,0.7112672106783321,0.43308550185873607,0.5130590339892666,0.10554008047044258,0.33431006925945655,0.4375804375804376,0.19443427316001466,0.32747005988023953,0.6845528455284553,0.5748765770707625
ADNI_014_S_0169,014_S_0169,train,014_S_0169_MR_2011-03-03,2011-03-03,I222650,Image/ADNI_014_S_0169/2011-03-03/t1.nii.gz,Image/ADNI_014_S_0169/2011-03-03/seg.nii.gz,60.775295663600524,2011-03-03T14:33:55,77.04312114989733,0.0,0.5,5.0,ADNI,MP-RAGE,0.46310389709823135,0.3934065934065934,0.6798029556650246,0.14064549986880084,0.26746506986027946,0.16236585974544546,0.23787072243346008,0.322562709494988,0.39391186548728985,0.7010599814923867,0.4423791821561338,0.48694096601073344,0.1095636025998143,0.3486059314508968,0.46589446589446587,0.21237641889417797,0.36040419161676646,0.7056910569105691,0.5287986834887548
ADNI_014_S_0169,014_S_0169,train,014_S_0169_MR_2012-02-09,2012-02-09,I283787,Image/ADNI_014_S_0169/2012-02-09/t1.nii.gz,Image/ADNI_014_S_0169/2012-02-09/seg.nii.gz,72.04336399474376,2012-02-09T14:26:36,77.98220396988364,0.0,0.5,7.0,ADNI,IR-FSPGR,0.4945716254498124,0.4065934065934066,0.6954022988505747,0.1443190763579113,0.3198602794411178,0.17259795358123284,0.25505703422053233,0.35409617309250346,0.4184875288867639,0.6704382939345503,0.419454770755886,0.47584973166368516,0.11822965026307644,0.3547993251642692,0.5431145431145431,0.2574148663493226,0.2866766467065868,0.7121951219512195,0.5381239714755897
ADNI_014_S_0558,014_S_0558,train,014_S_0558_MR_2006-06-21,2006-06-21,I17400,Image/ADNI_014_S_0558/2006-06-21/t1.nii.gz,Image/ADNI_014_S_0558/2006-06-21/seg.nii.gz,0.0,2006-06-21T08:34:40,79.93429158110882,1.0,0.0,15.0,ADNI,MP-RAGE,0.3500650792435495,0.33406593406593404,0.5073891625615764,0.39569666754132776,0.04940119760479042,0.4865984527077614,0.39756653992395435,0.25012311553797517,0.39250936329588015,0.5897759457110008,0.46220570012391576,0.3592128801431127,0.23336428350355928,0.3007014739833067,0.40797940797940796,0.18601244965214206,0.3731287425149701,0.416260162601626,0.46352166758091057
ADNI_014_S_0558,014_S_0558,train,014_S_0558_MR_2007-01-16,2007-01-16,I36344,Image/ADNI_014_S_0558/2007-01-16/t1.nii.gz,Image/ADNI_014_S_0558/2007-01-16/seg.nii.gz,6.865965834428383,2007-01-16T11:48:19,80.50650239561944,1.0,0.0,14.0,ADNI,MP-RAGE,0.37562208100451727,0.33186813186813185,0.5492610837438424,0.40068223563369193,0.03293413173652695,0.4812078861991515,0.41277566539923954,0.2430221290250838,0.428320981751534,0.5793724236560949,0.4888475836431227,0.34311270125223614,0.2670999690498298,0.31093500266382523,0.41055341055341055,0.165140974002197,0.3903443113772455,0.44146341463414634,0.4596818431157433
ADNI_014_S_0558,014_S_0558,train,014_S_0558_MR_2007-07-19,2007-07-19,I60877,Image/ADNI_014_S_0558/2007-07-19/t1.nii.gz,Image/ADNI_014_S_0558/2007-07-19/seg.nii.gz,12.910643889618921,2007-07-19T07:54:25,81.01026694045174,1.0,0.0,5.0,ADNI,MP-RAGE,0.38263532654467497,0.3230769230769231,0.5082101806239737,0.40173182891629494,0.01996007984031936,0.46603443973047165,0.38722433460076044,0.24967831101367774,0.38914654554147743,0.609293065253358,0.49566294919454773,0.3198568872987478,0.2974311358712473,0.3290712129284319,0.3680823680823681,0.20322226290735995,0.3907185628742515,0.44878048780487806,0.4426769061985738
ADNI_014_S_0558,014_S_0558,train,014_S_0558_MR_2008-07-08,2008-07-08,I112894,Image/ADNI_014_S_0558/2008-07-08/t1.nii.gz,Image/ADNI_014_S_0558/2008-07-08/seg.nii.gz,24.57293035479632,2008-07-08T11:58:16,81.98220396988364,1.0,0.0,0.0,ADNI,MP-RAGE,0.2948319424240104,0.33406593406593404,0.5114942528735632,0.3739176069273157,0.07934131736526946,0.4432243573745945,0.3943726235741445,0.2697104004829306,0.3207905012351582,0.5716749390090015,0.5092936802973977,0.3602862254025045,0.31259671928195604,0.3348650328538448,0.4195624195624196,0.17649212742585133,0.375374251497006,0.45203252032520325,0.4371914426769062
ADNI_014_S_0558,014_S_0558,train,014_S_0558_MR_2009-07-07,2009-07-07,I148261,Image/ADNI_014_S_0558/2009-07-07/t1.nii.gz,Image/ADNI_014_S_0558/2009-07-07/seg.nii.gz,36.530880420499344,2009-07-07T11:21:32,82.97878165639973,1.0,0.0,0.0,ADNI,MP-RAGE,0.39188423551029783,0.31648351648351647,0.4794745484400657,0.362109682498032,0.10528942115768464,0.43433990516595955,0.40243346007604563,0.28931357130375385,0.3456211650330704,0.601819915313648,0.5359355638166047,0.3402504472271914,0.35685546270504487,0.3649662582134612,0.4041184041184041,0.16953496887586963,0.3948353293413174,0.491869918699187,0.43993417443773997
ADNI_014_S_4615,014_S_4615,train,014_S_4615_MR_2012-10-11,2012-10-11,I339612,Image/ADNI_014_S_4615/2012-10-11/t1.nii.gz,Image/ADNI_014_S_4615/2012-10-11/seg.nii.gz,0.0,2012-10-11T11:03:40,87.07186858316221,1.0,1.0,7.0,ADNI,MPRAGE,0.5104203353495138,0.2879120879120879,0.44745484400656815,0.45657307793230123,0.27694610778443113,0.4240578986773147,0.37566539923954373,0.28823333174474575,0.2865566977448402,0.7183197330416982,0.09231722428748451,0.2261180679785331,0.47229959764778706,0.43105132303320903,0.5302445302445302,0.30648114243866714,0.3323353293413174,0.7008130081300813,0.4722984092155787
ADNI_014_S_4615,014_S_4615,train,014_S_4615_MR_2013-04-11,2013-04-11,I366568,Image/ADNI_014_S_4615/2013-04-11/t1.nii.gz,Image/ADNI_014_S_4615/2013-04-11/seg.nii.gz,5.978975032851511,2013-04-11T11:27:37,87.57015742642027,1.0,1.0,12.0,ADNI,MPRAGE,0.5300512977566801,0.31648351648351647,0.4269293924466338,0.41695093151403834,0.2964071856287425,0.38033441477414526,0.31163498098859316,0.3293936361181274,0.22506972667144792,0.7632006954375928,0.09231722428748451,0.22361359570661896,0.5047972763850201,0.4455913692061801,0.6126126126126126,0.2768216770413768,0.3226047904191617,0.7544715447154472,0.4684585847504114
ADNI_018_S_0286,018_S_0286,train,018_S_0286_MR_2006-03-23,2006-03-23,I12384,Image/ADNI_018_S_0286/2006-03-23/t1.nii.gz,Image/ADNI_018_S_0286/2006-03-23/seg.nii.gz,0.0,2006-03-23T13:16:18,65.9356605065024,1.0,1.0,61.0,ADNI,MPRAGE_SENS,0.46190950156955823,0.389010989010989,0.6371100164203612,0.5822618735240095,0.3088822355289421,0.4711255303219366,0.4098859315589354,0.3840410491032423,0.3401545939915531,0.47082246712094444,0.30359355638166047,0.3663685152057245,0.4741566078613432,0.4830847096430474,0.6138996138996139,0.2965946539729037,0.3708832335329341,0.567479674796748,0.4953373560065826
ADNI_018_S_0286,018_S_0286,train,018_S_0286_MR_2006-11-16,2006-11-16,I29882,Image/ADNI_018_S_0286/2006-11-16/t1.nii.gz,Image/ADNI_018_S_0286/2006-11-16/seg.nii.gz,7.818659658344283,2006-11-16T13:05:33,66.58726899383984,1.0,1.0,14.0,ADNI,MPRAGE,0.45682566419110326,0.3758241758241758,0.6067323481116584,0.540015743899239,0.3143712574850299,0.45195907162465687,0.41003802281368823,0.36502565568952644,0.32327675511992987,0.4875213819017975,0.30359355638166047,0.370304114490161,0.5416279789538843,0.5029968034096963,0.6332046332046332,0.30465031124130354,0.41055389221556887,0.5983739837398374,0.4964344487109161
ADNI_018_S_0286,018_S_0286,train,018_S_0286_MR_2007-05-15,2007-05-15,I54435,Image/ADNI_018_S_0286/2007-05-15/t1.nii.gz,Image/ADNI_018_S_0286/2007-05-15/seg.nii.gz,13.731931668856767,2007-05-15T09:24:51,67.08008213552361,1.0,1.0,1.0,ADNI,MPRAGE,0.5038817854681877,0.34505494505494505,0.6083743842364532,0.5830490684859617,0.31037924151696605,0.4724731719490891,0.39984790874524717,0.3724761314715087,0.3317873934178022,0.5083564678500323,0.3141263940520446,0.36815742397137746,0.5521510368307025,0.5038847451607175,0.646074646074646,0.3273526180886122,0.41467065868263475,0.5886178861788618,0.46352166758091057
ADNI_018_S_0286,018_S_0286,train,018_S_0286_MR_2008-05-15,2008-05-15,I106245,Image/ADNI_018_S_0286/2008-05-15/t1.nii.gz,Image/ADNI_018_S_0286/2008-05-15/seg.nii.gz,25.755584756898816,2008-05-15T09:33:52,68.08213552361396,1.0,1.0,8.0,ADNI,MPRAGE_ASO,0.4625832631498354,0.2813186813186813,0.5155993431855501,0.5389661506166361,0.33632734530938124,0.43568754679311206,0.4,0.2706000095315255,0.29876484182006535,0.5446005440116654,0.32837670384138784,0.32665474060822897,0.7208294645620551,0.5945879950275262,0.5907335907335908,0.25668253387037715,0.3379491017964072,0.697560975609756,0.4448710916072408
ADNI_019_S_4293,019_S_4293,train,019_S_4293_MR_2012-05-09,2012-05-09,I302666,Image/ADNI_019_S_4293/2012-05-09/t1.nii.gz,Image/ADNI_019_S_4293/2012-05-09/seg.nii.gz,0.0,2012-05-09T12:04:17,70.31348391512662,1.0,0.5,9.0,ADNI,MPRAGE,0.8475461296991043,0.49230769230769234,0.7906403940886699,0.7667278929414851,0.4286427145708583,0.5385575243324182,0.6050190114068441,0.6129882921094855,0.5757112120487689,0.5597291158408345,0.18711276332094176,0.7016100178890876,0.060352831940575676,0.1429364233706269,0.6061776061776062,0.5653606737458806,0.6841317365269461,0.35365853658536583,0.7416346681294569
ADNI_019_S_4293,019_S_4293,train,019_S_4293_MR_2012-10-31,2012-10-31,I343303,Image/ADNI_019_S_4293/2012-10-31/t1.nii.gz,Image/ADNI_019_S_4293/2012-10-31/seg.nii.gz,5.7490144546649145,2012-10-31T08:43:30,70.79260780287474,1.0,0.5,0.0,ADNI,MPRAGE,0.8707909042186662,0.47912087912087914,0.7766830870279147,0.7648911046969299,0.4156686626746507,0.5035687546793112,0.6022813688212928,0.6004066784222148,0.5677265120726751,0.6007122626959424,0.21871127633209417,0.6754919499105546,0.07613741875580315,0.15903036760788491,0.5585585585585585,0.5547418528011717,0.6609281437125748,0.3910569105691057,0.7366977509599562
ADNI_019_S_4293,019_S_4293,train,019_S_4293_MR_2013-11-13,2013-11-13,I415189,Image/ADNI_019_S_4293/2013-11-13/t1.nii.gz,Image/ADNI_019_S_4293/2013-11-13/seg.nii.gz,18.166885676741128,2013-11-13T13:45:55,71.82751540041068,1.0,1.0,2.0,ADNI,MPRAGE,0.8606691677513207,0.4593406593406593,0.7635467980295566,0.7483600104959328,0.40069860279441116,0.4719740454205141,0.6006083650190114,0.5539563773848671,0.5395011554705554,0.6655169512913267,0.21623296158612143,0.6711985688729875,0.07675642216032189,0.16731042443615698,0.5688545688545689,0.5298425485170267,0.6366017964071856,0.4121951219512195,0.689522764673615
ADNI_019_S_4293,019_S_4293,train,019_S_4293_MR_2015-10-19,2015-10-19,I531781,Image/ADNI_019_S_4293/2015-10-19/t1.nii.gz,Image/ADNI_019_S_4293/2015-10-19/seg.nii.gz,41.32720105124836,2015-10-19T13:18:25,73.75770020533881,1.0,1.0,10.0,ADNI,MPRAGE_SENSE2,0.8033228696118214,0.44395604395604393,0.7257799671592775,0.7299921280503805,0.40818363273453095,0.44227601697030194,0.6047148288973384,0.5172441182544599,0.4834010678141685,0.6898712879616388,0.21313506815365552,0.6511627906976745,0.09873104302073661,0.19053010122535963,0.5624195624195624,0.5133650677407543,0.6092814371257484,0.4373983739837398,0.7229840921557872
ADNI_019_S_4293,019_S_4293,train,019_S_4293_MR_2017-06-08,2017-06-08,I860224,Image/ADNI_019_S_4293/2017-06-08/t1.nii.gz,Image/ADNI_019_S_4293/2017-06-08/seg.nii.gz,60.972404730617605,2017-06-08T08:56:45,75.3949349760438,1.0,1.0,8.0,ADNI,Sagittal_3D_Accelerated_MPRAGE,0.8894724753081693,0.46813186813186813,0.7963875205254516,0.7257937549199686,0.44560878243512975,0.4793112053905665,0.5449429657794677,0.5598500373318083,0.46787791855924776,0.7277978744286475,0.20631970260223048,0.6558139534883721,0.10677808727948004,0.20389362457822766,0.5907335907335908,0.5459538630538264,0.6156437125748503,0.4658536585365854,0.6763576522216127
ADNI_019_S_4293,019_S_4293,train,019_S_4293_MR_2018-06-15,2018-06-15,I1011352,Image/ADNI_019_S_4293/2018-06-15/t1.nii.gz,Image/ADNI_019_S_4293/2018-06-15/seg.nii.gz,73.19316688567673,2018-06-15T12:20:40,76.41341546885695,1.0,1.0,0.0,ADNI,Sagittal_3D_Accelerated_MPRAGE,0.884465201745655,0.3956043956043956,0.7898193760262726,0.7223825767515087,0.40119760479041916,0.45305714998752183,0.5569581749049429,0.54412302022272,0.4347278667622918,0.7594851518465551,0.2503097893432466,0.6389982110912343,0.11792014856081709,0.22975492807671816,0.5881595881595881,0.4972537532039546,0.593937125748503,0.5032520325203252,0.673614920460779
ADNI_019_S_4367,019_S_4367,train,019_S_4367_MR_2012-05-22,2012-05-22,I306125,Image/ADNI_019_S_4367/2012-05-22/t1.nii.gz,Image/ADNI_019_S_4367/2012-05-22/seg.nii.gz,0.0,2012-05-22T10:58:29,65.68377823408625,0.0,0.0,8.0,ADNI,MPRAGE,1.0,0.654945054945055,0.80623973727422,0.7076882707950669,0.6377245508982036,0.7013725979535812,0.88106463878327,0.6998046037268265,1.0,0.20662628641933764,0.3135068153655514,0.7255813953488373,0.04580625193438564,0.0769623512697567,0.7927927927927928,0.6180886122299524,0.8880988023952096,0.01707317073170732,0.7509599561162918
ADNI_019_S_4367,019_S_4367,train,019_S_4367_MR_2012-11-19,2012-11-19,I347158,Image/ADNI_019_S_4367/2012-11-19/t1.nii.gz,Image/ADNI_019_S_4367/2012-11-19/seg.nii.gz,5.946123521681997,2012-11-19T11:04:41,66.17932922655716,0.0,0.0,2.0,ADNI,MPRAGE,0.9412296148840058,0.6527472527472528,0.8366174055829229,0.7048018892679087,0.6402195608782435,0.7086598452707762,0.8649429657794677,0.709479102130296,0.9849071639174436,0.15794565491713636,0.3066914498141264,0.7416815742397138,0.04085422469823584,0.07420973184159119,0.8571428571428571,0.5789088246063713,0.9034431137724551,0.013008130081300813,0.7668678003291278
ADNI_019_S_4367,019_S_4367,train,019_S_4367_MR_2013-12-12,2013-12-12,I401656,Image/ADNI_019_S_4367/2013-12-12/t1.nii.gz,Image/ADNI_019_S_4367/2013-12-12/seg.nii.gz,18.69250985545335,2013-12-12T13:30:10,67.24161533196441,0.0,0.0,22.0,ADNI,MPRAGE,0.9631421790062017,0.6395604395604395,0.8144499178981938,0.6811860404093414,0.653692614770459,0.6783628649862741,0.8632699619771863,0.7039984749559167,0.9759980874970117,0.19916715739883906,0.30111524163568776,0.7202146690518784,0.04240173320953265,0.07789469010832889,0.87001287001287,0.5939216404247528,0.8978293413173652,0.027642276422764227,0.7410861217772902
ADNI_019_S_4367,019_S_4367,train,019_S_4367_MR_2015-12-02,2015-12-02,I569603,Image/ADNI_019_S_4367/2015-12-02/t1.nii.gz,Image/ADNI_019_S_4367/2015-12-02/seg.nii.gz,42.34559789750328,2015-12-02T12:37:20,69.21286789869951,0.0,0.0,12.0,ADNI,MPRAGE,0.9336038588163234,0.6747252747252748,0.8177339901477833,0.6549462083442666,0.6082834331337326,0.6550037434489643,0.8521673003802281,0.674720805731624,0.9450474141365846,0.2311488741201873,0.3135068153655514,0.6944543828264759,0.041163726400495204,0.0907476469543598,0.8545688545688546,0.5803734895642622,0.8248502994011976,0.03902439024390244,0.7377948436642896
ADNI_019_S_4367,019_S_4367,train,019_S_4367_MR_2017-05-23,2017-05-23,I854572,Image/ADNI_019_S_4367/2017-05-23/t1.nii.gz,Image/ADNI_019_S_4367/2017-05-23/seg.nii.gz,60.019710906701704,2017-05-23T07:45:19,70.6858316221766,0.0,0.0,2.0,ADNI,Sagittal_3D_Accelerated_MPRAGE,0.9216139652400276,0.6175824175824176,0.8349753694581281,0.6720020991865652,0.6492015968063872,0.6695283254304967,0.8226615969581749,0.6804079492922842,0.9061120408000638,0.23808922912986175,0.3215613382899628,0.7037567084078712,0.027545651501083256,0.09982685135855088,0.8211068211068211,0.6151592823141706,0.8458083832335329,0.03333333333333333,0.7630279758639605
ADNI_019_S_4367,019_S_4367,train,019_S_4367_MR_2019-05-20,2019-05-20,I1167902,Image/ADNI_019_S_4367/2019-05-20/t1.nii.gz,Image/ADNI_019_S_4367/2019-05-20/seg.nii.gz,83.90275952693824,2019-05-20T10:18:12,72.67624914442163,0.0,0.0,2.0,ADNI,Sagittal_3D_Accelerated_0_angle_MPRAGE,0.9833550264145166,0.6241758241758242,0.8185550082101807,0.6966675413277355,0.6676646706586826,0.6693785874719241,0.818555133079848,0.6630129152170805,0.8939676468244482,0.3074366955497602,0.33643122676579923,0.6719141323792487,0.02816465490560198,0.11958355531877109,0.8712998712998713,0.6052727938484072,0.8300898203592815,0.07642276422764227,0.7679648930334614
ADNI_019_S_6757,019_S_6757,train,019_S_6757_MR_2019-06-19,2019-06-19,I1177672,Image/ADNI_019_S_6757/2019-06-19/t1.nii.gz,Image/ADNI_019_S_6757/2019-06-19/seg.nii.gz,0.0,2019-06-19T14:10:32,71.42505133470226,0.0,0.5,5.0,ADNI,Sagittal_3D_Accelerated_0_angle_MPRAGE,0.8155883929255034,0.5516483516483517,0.770935960591133,0.5324061926003674,0.35479041916167664,0.4623908160718742,0.44927756653992396,0.8494972120287853,0.7015060961032752,0.3015759513193685,0.18339529120198264,0.6622540250447227,0.021046115753636643,0.12331291067305984,0.5714285714285714,0.29586232149395825,0.5965568862275449,0.025203252032520326,0.5551289083927592
ADNI_019_S_6757,019_S_6757,train,019_S_6757_MR_2020-08-11,2020-08-11,I1328418,Image/ADNI_019_S_6757/2020-08-11/t1.nii.gz,Image/ADNI_019_S_6757/2020-08-11/seg.nii.gz,13.764783180026281,2020-08-11T17:04:25,72.57221081451061,0.0,0.5,13.0,ADNI,Sagittal_3D_Accelerated_0_angle_MPRAGE,0.9365898476380062,0.5648351648351648,0.7594417077175698,0.5533980582524272,0.3338323353293413,0.45185924631894187,0.4847148288973384,0.8468760425106038,0.7103036098493903,0.364964527074395,0.2534076827757125,0.643649373881932,0.03064066852367688,0.1872891138341325,0.546975546975547,0.2702306847308678,0.6220059880239521,0.09674796747967479,0.5008228195282501
ADNI_019_S_6757,019_S_6757,train,019_S_6757_MR_2021-06-28,2021-06-28,I1461242,Image/ADNI_019_S_6757/2021-06-28/t1.nii.gz,Image/ADNI_019_S_6757/2021-06-28/seg.nii.gz,24.31011826544021,2021-06-28T07:32:14,73.45106091718002,0.0,0.5,0.0,ADNI,Sagittal_3D_Accelerated_0_angle_MPRAGE,0.8319883622999771,0.5648351648351648,0.7586206896551724,0.5373917606927315,0.35479041916167664,0.40928375343149487,0.48775665399239543,0.8414589588396957,0.63565224320663,0.3602394773001318,0.2218091697645601,0.6475849731663685,0.02692664809656453,0.17816551234239034,0.51994851994852,0.2749908458440132,0.5755988023952096,0.0951219512195122,0.49040043883708173
ADNI_019_S_6757,019_S_6757,train,019_S_6757_MR_2022-06-29,2022-06-29,I1603795,Image/ADNI_019_S_6757/2022-06-29/t1.nii.gz,Image/ADNI_019_S_6757/2022-06-29/seg.nii.gz,36.333771353482256,2022-06-29T07:33:38,74.45311430527036,0.0,0.5,12.0,ADNI,Sagittal_3D_Accelerated_0_angle_MPRAGE,0.810581119362989,0.5164835164835165,0.7586206896551724,0.5297822093938599,0.36127744510978044,0.37723983029698027,0.4634220532319392,0.8062399720408585,0.6113953303052037,0.3940439135189703,0.22924411400247832,0.6071556350626118,0.03899721448467967,0.1966347007636299,0.5045045045045045,0.2526547052361772,0.5988023952095808,0.11951219512195121,0.4799780581459133
ADNI_019_S_6757,019_S_6757,train,019_S_6757_MR_2023-08-23,2023-08-23,I10260261,Image/ADNI_019_S_6757/2023-08-23/t1.nii.gz,Image/ADNI_019_S_6757/2023-08-23/seg.nii.gz,50.13140604467805,2023-08-23T07:29:39,75.60301163586584,0.0,0.5,7.0,ADNI,Sagittal_3D_Accelerated_0_angle_MPRAGE,0.8116989510757217,0.4967032967032967,0.7397372742200329,0.5216478614536867,0.313872255489022,0.36531070626403794,0.43315589353612166,0.7693688541517737,0.5771934018646904,0.4606573006926334,0.241635687732342,0.5567084078711986,0.0485917672547199,0.2164580003551767,0.4568854568854569,0.2094470889783962,0.5366766467065869,0.14634146341463414,0.4086670323642348
ADNI_020_S_6227,020_S_6227,val,020_S_6227_MR_2018-02-20,2018-02-20,I966268,Image/ADNI_020_S_6227/2018-02-20/t1.nii.gz,Image/ADNI_020_S_6227/2018-02-20/seg.nii.gz,0.0,2018-02-20T15:07:27,62.09993155373032,0.0,0.0,8.0,ADNI,Accelerated_Sagittal_MPRAGE,0.49732792282367355,0.5054945054945055,0.9630541871921182,0.6184728417738127,0.3498003992015968,0.6521088095832294,0.5885931558935361,0.6487473986878266,0.6713204239381624,0.16714337791985642,0.30111524163568776,0.7381037567084079,0.004952027236149799,0.040778724915645534,0.7232947232947233,0.556938850238008,0.6860029940119761,0.013008130081300813,0.7745474492594624
ADNI_020_S_6227,020_S_6227,val,020_S_6227_MR_2020-09-01,2020-09-01,I1332407,Image/ADNI_020_S_6227/2020-09-01/t1.nii.gz,Image/ADNI_020_S_6227/2020-09-01/seg.nii.gz,30.354796320630747,2020-09-01T12:30:40,64.62970568104038,0.0,0.0,0.0,ADNI,Accelerated_Sagittal_MPRAGE,0.6558456473470637,0.5582417582417583,0.9745484400656814,0.6615061663605353,0.36377245508982037,0.677065136011979,0.6257034220532319,0.7175808988228566,0.7173798709060483,0.1904741874877317,0.3048327137546468,0.7584973166368515,0.0018570102135561746,0.047527082223406146,0.7387387387387387,0.5785426583668986,0.7166916167664671,0.013821138211382113,0.7635765222161273
ADNI_020_S_6227,020_S_6227,val,020_S_6227_MR_2025-12-23,2025-12-23,I11559419,Image/ADNI_020_S_6227/2025-12-23/t1.nii.gz,Image/ADNI_020_S_6227/2025-12-23/seg.nii.gz,94.053876478318,2025-12-23T08:26:13,69.93839835728953,0.0,0.0,22.0,ADNI,Accelerated_Sagittal_MPRAGE__MSV21_,0.6058341627746727,0.545054945054945,0.9885057471264368,0.6434006822356337,0.3223552894211577,0.5839281257798852,0.6803041825095058,0.5377527839997458,0.6942704597975934,0.344213566641429,0.3358116480793061,0.7463327370304115,0.00897554936552151,0.05784940507902681,0.7644787644787645,0.5335042109117539,0.6515718562874252,0.044715447154471545,0.7207899067471202
ADNI_021_S_4276,021_S_4276,train,021_S_4276_MR_2012-05-10,2012-05-10,I303117,Image/ADNI_021_S_4276/2012-05-10/t1.nii.gz,Image/ADNI_021_S_4276/2012-05-10/seg.nii.gz,0.0,2012-05-10T08:50:45,74.48323066392882,0.0,0.0,7.0,ADNI,Sag_IR-SPGR,0.3801852844345762,0.7736263736263737,0.6559934318555009,0.6022041458934663,0.48602794411177647,0.6106313950586474,0.578555133079848,0.47659216190884685,0.5565064945413977,0.2677855360197415,0.20012391573729862,0.5720930232558139,0.09563602599814298,0.15361392292665602,0.5868725868725869,0.49652142072500915,0.5707335329341318,0.26260162601626014,0.5957213384530993
ADNI_021_S_4276,021_S_4276,train,021_S_4276_MR_2012-10-22,2012-10-22,I341603,Image/ADNI_021_S_4276/2012-10-22/t1.nii.gz,Image/ADNI_021_S_4276/2012-10-22/seg.nii.gz,5.4204993429697765,2012-10-22T09:54:10,74.93497604380562,0.0,0.0,0.0,ADNI,Sag_IR-SPGR,0.2961947783477529,0.7934065934065934,0.6773399014778325,0.5877722382576751,0.49151696606786427,0.5838283004741702,0.5362737642585551,0.48424915407711006,0.4866045103195474,0.261630352485909,0.17100371747211895,0.5516994633273703,0.08975549365521511,0.15388030545196235,0.5688545688545689,0.47674844379348225,0.5374251497005988,0.2821138211382114,0.5551289083927592
ADNI_021_S_4276,021_S_4276,train,021_S_4276_MR_2013-10-22,2013-10-22,I395643,Image/ADNI_021_S_4276/2013-10-22/t1.nii.gz,Image/ADNI_021_S_4276/2013-10-22/seg.nii.gz,17.41130091984231,2013-10-22T09:41:31,75.93429158110882,0.0,0.0,0.0,ADNI,Accelerated_SAG_IR-FSPGR,0.40179159329300973,0.7868131868131868,0.5763546798029556,0.6155864602466544,0.4630738522954092,0.5703518842026454,0.5498098859315589,0.49220797788686077,0.5011076579807155,0.31809259415047253,0.17843866171003717,0.5427549194991056,0.12813370473537605,0.1882436512164802,0.5662805662805663,0.461369461735628,0.5553892215568862,0.3170731707317073,0.5606143719144268
ADNI_021_S_4276,021_S_4276,train,021_S_4276_MR_2015-10-14,2015-10-14,I529850,Image/ADNI_021_S_4276/2015-10-14/t1.nii.gz,Image/ADNI_021_S_4276/2015-10-14/seg.nii.gz,41.13009198423127,2015-10-14T09:37:41,77.91101984941821,0.0,0.0,0.0,ADNI,Sag_IR-FSPGR,0.4003675063165148,0.7318681318681318,0.5755336617405583,0.5751771188664393,0.4615768463073852,0.5506363863239331,0.5533079847908745,0.47837138000603663,0.47860387281855127,0.3523316788648664,0.20322180916976457,0.5162790697674419,0.13556174558960074,0.19634611969454804,0.51994851994852,0.4580739655803735,0.5396706586826348,0.34146341463414637,0.5633571036752606
ADNI_021_S_4276,021_S_4276,train,021_S_4276_MR_2017-04-12,2017-04-12,I838410,Image/ADNI_021_S_4276/2017-04-12/t1.nii.gz,Image/ADNI_021_S_4276/2017-04-12/seg.nii.gz,59.0670170827858,2017-04-12T09:37:09,79.40588637919234,0.0,0.0,5.0,ADNI,Accelerated_SAG_IR-FSPGR,0.3924508077482582,0.7032967032967034,0.6050903119868637,0.6153240619260036,0.4466067864271457,0.5538307961068131,0.5615209125475286,0.48466218684967194,0.48432544425850665,0.3226634138134096,0.18773234200743494,0.5080500894454383,0.1541318477251625,0.20891049547149707,0.38738738738738737,0.4844379348224094,0.5284431137724551,0.34471544715447155,0.5957213384530993
ADNI_021_S_4276,021_S_4276,train,021_S_4276_MR_2019-04-15,2019-04-15,I1154746,Image/ADNI_021_S_4276/2019-04-15/t1.nii.gz,Image/ADNI_021_S_4276/2019-04-15/seg.nii.gz,83.14717477003941,2019-04-15T09:46:25,81.41273100616016,0.0,0.0,1.0,ADNI,Accelerated_SAG_IR-FSPGR,0.34619095015695583,0.701098901098901,0.5385878489326765,0.6008921542902126,0.3997005988023952,0.5672073870726229,0.5502661596958175,0.42569381562852465,0.4324647382261535,0.37940607386220243,0.16666666666666666,0.4991055456171735,0.1547508511296812,0.2157476469543598,0.4774774774774775,0.41083852068839255,0.5048652694610778,0.3569105691056911,0.5205704882062534
ADNI_021_S_4276,021_S_4276,train,021_S_4276_MR_2021-04-12,2021-04-12,I1430775,Image/ADNI_021_S_4276/2021-04-12/t1.nii.gz,Image/ADNI_021_S_4276/2021-04-12/seg.nii.gz,107.06307490144546,2021-04-12T10:01:20,83.40588637919234,0.0,0.0,18.0,ADNI,Accelerated_SAG_IR-FSPGR,0.39235893116912945,0.7692307692307693,0.5829228243021346,0.6090265022303857,0.44461077844311375,0.5565260793611181,0.604106463878327,0.47648096077777247,0.47026854729460515,0.32834188609405235,0.17472118959107807,0.48622540250447227,0.15103683070256887,0.22560380039069436,0.5186615186615187,0.46063712925668254,0.5535179640718563,0.3617886178861789,0.5364783324190894
ADNI_021_S_4276,021_S_4276,train,021_S_4276_MR_2023-11-14,2023-11-14,I10292147,Image/ADNI_021_S_4276/2023-11-14/t1.nii.gz,Image/ADNI_021_S_4276/2023-11-14/seg.nii.gz,138.1406044678055,2023-11-14T10:09:05,85.99589322381931,0.0,0.0,7.0,ADNI,Accelerated_Sag_IR-FSPGR__MSV21_,0.43828190797029326,0.734065934065934,0.5582922824302134,0.5896090265022303,0.5094810379241517,0.5764412278512603,0.6152091254752852,0.47938807606157363,0.4533907084229819,0.34969574605311127,0.17286245353159851,0.4740608228980322,0.19653358093469514,0.2624089859705203,0.47361647361647363,0.4708897839619187,0.5969311377245509,0.4024390243902439,0.5052111903455841
ADNI_021_S_4276,021_S_4276,train,021_S_4276_MR_2025-11-17,2025-11-17,I11491175,Image/ADNI_021_S_4276/2025-11-17/t1.nii.gz,Image/ADNI_021_S_4276/2025-11-17/seg.nii.gz,162.25361366622863,2025-11-17T10:31:08,88.00547570157427,0.0,0.0,5.0,ADNI,Accelerated_Sag_IR-FSPGR__MSV21_,0.4054972819845341,0.6527472527472528,0.5591133004926109,0.570191550774075,0.45259481037924154,0.5532817569253806,0.5703422053231939,0.45123830402389237,0.44261694158897125,0.356888477608592,0.1852540272614622,0.4193202146690519,0.21386567626121944,0.2832090214881904,0.4543114543114543,0.4741852801171732,0.5647455089820359,0.42520325203252035,0.4947888096544158
ADNI_021_S_4335,021_S_4335,train,021_S_4335_MR_2012-05-14,2012-05-14,I303407,Image/ADNI_021_S_4335/2012-05-14/t1.nii.gz,Image/ADNI_021_S_4335/2012-05-14/seg.nii.gz,0.0,2012-05-14T10:04:51,72.24366872005476,0.0,0.0,0.0,ADNI,Sag_IR-SPGR,0.7794808973279228,0.6615384615384615,0.7422003284072249,0.5450013119916033,0.2714570858283433,0.7057649114050412,0.5688212927756654,0.8178525473001954,0.5584827476292932,0.35544432292981126,0.1771995043370508,0.7330948121645796,0.02568864128752708,0.09438820813354644,0.6846846846846847,0.38410838520688395,0.5232035928143712,0.11788617886178862,0.5885902358749314
ADNI_021_S_4335,021_S_4335,train,021_S_4335_MR_2012-11-14,2012-11-14,I346664,Image/ADNI_021_S_4335/2012-11-14/t1.nii.gz,Image/ADNI_021_S_4335/2012-11-14/seg.nii.gz,6.044678055190539,2012-11-14T09:49:27,72.74743326488706,0.0,0.0,0.0,ADNI,Sag_IR-SPGR,0.7458540693668172,0.6483516483516484,0.6986863711001642,0.5276830228286539,0.2375249500998004,0.6716745695033691,0.56212927756654,0.7493685364342563,0.5486971073392303,0.41043436807717115,0.17657992565055763,0.7076923076923077,0.027545651501083256,0.09425501687089327,0.6589446589446589,0.34785792749908456,0.5071107784431138,0.11707317073170732,0.5677454744925946
ADNI_021_S_4335,021_S_4335,train,021_S_4335_MR_2013-11-07,2013-11-07,I397612,Image/ADNI_021_S_4335/2013-11-07/t1.nii.gz,Image/ADNI_021_S_4335/2013-11-07/seg.nii.gz,17.805519053876477,2013-11-07T09:37:55,73.72758384668036,0.0,0.0,0.0,ADNI,Accelerated_SAG_IR-FSPGR,0.8229844575453641,0.6153846153846154,0.7389162561576355,0.54736289687746,0.2834331337325349,0.684951335163464,0.6278326996197718,0.7969626205340832,0.5662124472069487,0.4056952973836965,0.18773234200743494,0.7355992844364937,0.022284122562674095,0.09798437222518203,0.6885456885456885,0.3815452215305749,0.5142215568862275,0.13333333333333333,0.5567745474492595
ADNI_021_S_4335,021_S_4335,train,021_S_4335_MR_2015-11-09,2015-11-09,I547770,Image/ADNI_021_S_4335/2015-11-09/t1.nii.gz,Image/ADNI_021_S_4335/2015-11-09/seg.nii.gz,41.85282522996058,2015-11-09T09:48:31,75.73169062286105,0.0,0.0,0.0,ADNI,Sag_IR-FSPGR,0.6762575606768242,0.6175824175824176,0.7422003284072249,0.5101023353450538,0.21756487025948104,0.6578487646618417,0.577490494296578,0.6850625109215397,0.4837198183122161,0.45147359860912484,0.20260223048327136,0.7001788908765653,0.021046115753636643,0.11993873201917954,0.6113256113256114,0.3357744415964848,0.4498502994011976,0.15609756097560976,0.5211190345584202
ADNI_021_S_4335,021_S_4335,train,021_S_4335_MR_2017-06-07,2017-06-07,I860017,Image/ADNI_021_S_4335/2017-06-07/t1.nii.gz,Image/ADNI_021_S_4335/2017-06-07/seg.nii.gz,60.775295663600524,2017-06-07T13:08:21,77.30869267624914,0.0,0.0,8.0,ADNI,Accelerated_SAG_IR-FSPGR,0.7735548579741214,0.6241758241758242,0.7192118226600985,0.5381789556546838,0.22305389221556887,0.674369852757674,0.577490494296578,0.7174379259400467,0.4853773209020639,0.48938616415692215,0.1821561338289963,0.6651162790697674,0.03466419065304859,0.14202628307583023,0.6306306306306306,0.37532039545953866,0.46594311377245506,0.17804878048780487,0.5117937465715853
ADNI_021_S_5237,021_S_5237,val,021_S_5237_MR_2015-07-15,2015-07-15,I501945,Image/ADNI_021_S_5237/2015-07-15/t1.nii.gz,Image/ADNI_021_S_5237/2015-07-15/seg.nii.gz,0.0,2015-07-15T10:20:57,82.33264887063655,1.0,0.0,0.0,ADNI,Sag_IR-FSPGR,0.527417502488324,0.6461538461538462,0.5812807881773399,0.5040671739700866,0.15219560878243513,0.6527077614175193,0.5656273764258555,0.5196905431380959,0.3471671049486015,0.5045287569053027,0.11586121437422553,0.39821109123434706,0.17982048901268957,0.24280767181672883,0.49163449163449163,0.570120834859026,0.46594311377245506,0.45934959349593496,0.5019199122325837
ADNI_021_S_5237,021_S_5237,val,021_S_5237_MR_2018-08-15,2018-08-15,I1036103,Image/ADNI_021_S_5237/2018-08-15/t1.nii.gz,Image/ADNI_021_S_5237/2018-08-15/seg.nii.gz,37.023653088042046,2018-08-15T10:01:52,85.41820670773443,1.0,0.5,0.0,ADNI,Accelerated_SAG_IR-FSPGR,0.5157185514126024,0.5648351648351648,0.4696223316912972,0.5234846496982419,0.14471057884231536,0.5694035437983529,0.5747528517110266,0.4486965638850498,0.31816080962626503,0.57740949496649,0.13444857496902107,0.3280858676207513,0.24698235840297122,0.28962440063931805,0.47361647361647363,0.5313072134749176,0.43076347305389223,0.5528455284552846,0.4958859023587493
ADNI_021_S_5237,021_S_5237,val,021_S_5237_MR_2019-07-30,2019-07-30,I1193373,Image/ADNI_021_S_5237/2019-07-30/t1.nii.gz,Image/ADNI_021_S_5237/2019-07-30/seg.nii.gz,48.48883048620236,2019-07-30T10:11:54,86.37371663244353,1.0,0.5,1.0,ADNI,Accelerated_SAG_IR-FSPGR,0.48841589464818924,0.5560439560439561,0.4293924466338259,0.5056415638939911,0.17914171656686625,0.5679560768654854,0.5808365019011407,0.40288169788241274,0.3193083114192366,0.5798631558284961,0.1654275092936803,0.2876565295169946,0.28628907458991026,0.3078494050790268,0.4453024453024453,0.5258147198828268,0.4356287425149701,0.5691056910569106,0.503565551289084
ADNI_021_S_5237,021_S_5237,val,021_S_5237_MR_2020-09-15,2020-09-15,I1335952,Image/ADNI_021_S_5237/2020-09-15/t1.nii.gz,Image/ADNI_021_S_5237/2020-09-15/seg.nii.gz,62.056504599211564,2020-09-15T09:44:10,87.50444900752909,1.0,0.5,0.0,ADNI,Accelerated_SAG_IR-FSPGR,0.5255340326161856,0.5142857142857142,0.40558292282430214,0.4961952243505642,0.1661676646706587,0.560319440978288,0.5933079847908745,0.40045115887464455,0.3196111243923819,0.6039791368722134,0.18463444857496902,0.24901610017889086,0.32559579077684925,0.33042532409873915,0.4671814671814672,0.5166605638960088,0.4221556886227545,0.6178861788617886,0.4684585847504114
ADNI_021_S_6940,021_S_6940,test,021_S_6940_MR_2021-05-10,2021-05-10,I1441119,Image/ADNI_021_S_6940/2021-05-10/t1.nii.gz,Image/ADNI_021_S_6940/2021-05-10/seg.nii.gz,0.0,2021-05-10T13:27:56,72.39972621492129,1.0,0.0,6.0,ADNI,Accelerated_Sag_IR-FSPGR,0.6182375009570477,0.5296703296703297,0.6026272577996716,0.42036210968249804,0.18463073852295409,0.30950836036935364,0.6620532319391635,0.4301577467473669,0.5678699497967965,0.5793584027368834,0.1127633209417596,0.38783542039355995,0.03404518724852987,0.2470253951340792,0.767052767052767,0.4668619553277188,0.3319610778443114,0.1991869918699187,0.4832693362589139
ADNI_021_S_6940,021_S_6940,test,021_S_6940_MR_2023-11-28,2023-11-28,I10298402,Image/ADNI_021_S_6940/2023-11-28/t1.nii.gz,Image/ADNI_021_S_6940/2023-11-28/seg.nii.gz,30.617608409986858,2023-11-28T10:07:36,74.9514031485284,1.0,0.0,0.0,ADNI,Accelerated_Sag_IR-FSPGR__MSV21_,0.69320878952607,0.6241758241758242,0.6371100164203612,0.4408291786932564,0.21057884231536927,0.2669827801347642,0.655361216730038,0.4404835660614148,0.5316758307434856,0.6450323883233785,0.120817843866171,0.3627906976744186,0.0609718353450944,0.2998579293198366,0.712998712998713,0.4902965946539729,0.36751497005988026,0.24552845528455283,0.4448710916072408
ADNI_022_S_0044,022_S_0044,train,022_S_0044_MR_2005-11-03,2005-11-03,I8441,Image/ADNI_022_S_0044/2005-11-03/t1.nii.gz,Image/ADNI_022_S_0044/2005-11-03/seg.nii.gz,0.0,2005-11-03T14:32:57,85.88637919233402,0.0,0.5,27.0,ADNI,MPRAGE,0.2573462981394993,0.3824175824175824,0.43596059113300495,0.04250852794542115,0.469061876247505,0.3438981781881707,0.2585551330798479,0.3157000111201131,0.2176428400669376,0.5997448192703514,0.17100371747211895,0.17996422182468694,0.25812441968430827,0.41369206180074586,0.510939510939511,0.43756865616990115,0.3312125748502994,0.26910569105691057,0.3252879868348875
ADNI_022_S_0044,022_S_0044,train,022_S_0044_MR_2006-05-30,2006-05-30,I16212,Image/ADNI_022_S_0044/2006-05-30/t1.nii.gz,Image/ADNI_022_S_0044/2006-05-30/seg.nii.gz,6.83311432325887,2006-05-30T11:11:00,86.45585215605749,0.0,0.5,10.0,ADNI,MPRAGE,0.138641757905214,0.35824175824175825,0.40558292282430214,0.047756494358436104,0.45858283433133734,0.35717494384826554,0.2722433460076046,0.28562804810243214,0.1541318033309427,0.581068954880682,0.14993804213135067,0.16493738819320214,0.24667285670071185,0.402437400106553,0.4967824967824968,0.42475283778835593,0.2994011976047904,0.25365853658536586,0.28195282501371366
ADNI_022_S_0129,022_S_0129,train,022_S_0129_MR_2006-02-06,2006-02-06,I10855,Image/ADNI_022_S_0129/2006-02-06/t1.nii.gz,Image/ADNI_022_S_0129/2006-02-06/seg.nii.gz,0.0,2006-02-06T11:54:32,80.22724161533196,0.0,1.0,7.0,ADNI,MPRAGE,0.4941122425541689,0.5340659340659341,0.4573070607553366,0.4368932038834951,0.3507984031936128,0.442874968804592,0.48,0.32666126546887164,0.3496533588333732,0.6505005468158492,0.20384138785625774,0.29159212880143115,0.2692664809656453,0.3320014207068016,0.676962676962677,0.43939948736726475,0.530314371257485,0.4609756097560976,0.5699396599012616
ADNI_022_S_0129,022_S_0129,train,022_S_0129_MR_2006-08-11,2006-08-11,I20629,Image/ADNI_022_S_0129/2006-08-11/t1.nii.gz,Image/ADNI_022_S_0129/2006-08-11/seg.nii.gz,6.110381077529566,2006-08-11T13:46:50,80.73648186173854,0.0,1.0,35.0,ADNI,MPRAGE,0.4242247913636016,0.5494505494505495,0.4630541871921182,0.38336394647074257,0.36826347305389223,0.3969553281756925,0.44228136882129276,0.27530222878838423,0.32467925731133956,0.675387678416197,0.1771995043370508,0.25080500894454383,0.2510058805323429,0.33428787071568106,0.6782496782496783,0.4401318198462102,0.49550898203592814,0.45284552845528453,0.5682940208447613
ADNI_022_S_0129,022_S_0129,train,022_S_0129_MR_2007-02-26,2007-02-26,I43180,Image/ADNI_022_S_0129/2007-02-26/t1.nii.gz,Image/ADNI_022_S_0129/2007-02-26/seg.nii.gz,12.64783180026281,2007-02-26T13:24:18,81.28131416837782,0.0,1.0,17.0,ADNI,MPRAGE_SAG,0.4055891585636628,0.512087912087912,0.4236453201970443,0.364208869063238,0.36127744510978044,0.3874220114799102,0.3902661596958175,0.2539516116221068,0.29313889552952427,0.6980735257003449,0.1809169764560099,0.2225402504472272,0.2930981120396162,0.3611481086840703,0.6550836550836551,0.4459904796777737,0.4513473053892216,0.4902439024390244,0.5540318156884256
ADNI_022_S_0129,022_S_0129,train,022_S_0129_MR_2008-02-19,2008-02-19,I90796,Image/ADNI_022_S_0129/2008-02-19/t1.nii.gz,Image/ADNI_022_S_0129/2008-02-19/seg.nii.gz,24.40867279894875,2008-02-19T10:33:04,82.26146475017111,0.0,1.0,0.0,ADNI,MPRAGE,0.436949697572927,0.5164835164835165,0.42036124794745483,0.3437418000524797,0.39570858283433136,0.3658098327926129,0.42220532319391635,0.2552542534432636,0.30180890907642044,0.7050699643868652,0.17967781908302355,0.18926654740608229,0.3225007737542556,0.3874977801456225,0.6846846846846847,0.4437934822409374,0.42664670658682635,0.5195121951219512,0.5447065277015908
ADNI_022_S_0130,022_S_0130,train,022_S_0130_MR_2006-01-23,2006-01-23,I10252,Image/ADNI_022_S_0130/2006-01-23/t1.nii.gz,Image/ADNI_022_S_0130/2006-01-23/seg.nii.gz,0.0,2006-01-23T13:33:37,73.10609171800137,1.0,0.0,15.0,ADNI,MPRAGE,0.5303422402572544,0.5186813186813187,0.7922824302134647,0.4586722644975072,0.5299401197604791,0.3758921886698278,0.343574144486692,0.6739265119382357,0.774133397083433,0.16715739883906788,0.24411400247831475,0.5706618962432916,0.021046115753636643,0.09509856153436334,0.5907335907335908,0.5437568656169901,0.6287425149700598,0.2845528455284553,0.628085573230938
ADNI_022_S_0130,022_S_0130,train,022_S_0130_MR_2006-08-16,2006-08-16,I20804,Image/ADNI_022_S_0130/2006-08-16/t1.nii.gz,Image/ADNI_022_S_0130/2006-08-16/seg.nii.gz,6.734559789750328,2006-08-16T09:29:37,73.66735112936345,1.0,0.0,30.0,ADNI,MPRAGE,0.5300819232830565,0.5428571428571428,0.7602627257799671,0.4258724744161637,0.531437125748503,0.31400049912652855,0.35072243346007603,0.6545775151312968,0.7672005737508965,0.2056027593169008,0.2459727385377943,0.5606440071556351,0.031569173630454965,0.10075919019712307,0.6525096525096525,0.5338703771512266,0.6287425149700598,0.2967479674796748,0.5935271530444323
ADNI_022_S_0130,022_S_0130,train,022_S_0130_MR_2007-03-06,2007-03-06,I43254,Image/ADNI_022_S_0130/2007-03-06/t1.nii.gz,Image/ADNI_022_S_0130/2007-03-06/seg.nii.gz,13.370565045992116,2007-03-06T13:52:16,74.22039698836413,1.0,0.0,13.0,ADNI,MPRAGE_SAG,0.5515810427991731,0.5406593406593406,0.777504105090312,0.4523747048018893,0.5089820359281437,0.3364611929124033,0.3461596958174905,0.6488903715706366,0.7548968045262571,0.22509183702083507,0.2552664188351921,0.5477638640429338,0.036521200866604764,0.11345675723672527,0.6151866151866152,0.5393628707433175,0.6298652694610778,0.35040650406504065,0.607789358200768
ADNI_022_S_0130,022_S_0130,train,022_S_0130_MR_2008-02-12,2008-02-12,I90222,Image/ADNI_022_S_0130/2008-02-12/t1.nii.gz,Image/ADNI_022_S_0130/2008-02-12/seg.nii.gz,24.638633377135346,2008-02-12T11:38:57,75.15947980835044,1.0,0.0,3.0,ADNI,MPRAGE,0.5217977183982849,0.5604395604395604,0.8275862068965517,0.4455523484649698,0.5134730538922155,0.37978537559271275,0.3429657794676806,0.6343706810274985,0.7236273806677823,0.22617144780011778,0.2558859975216852,0.5581395348837209,0.029712163416898793,0.11456668442550169,0.6435006435006435,0.5411937019406811,0.6107784431137725,0.34552845528455284,0.5671969281404279
ADNI_022_S_0130,022_S_0130,train,022_S_0130_MR_2009-03-03,2009-03-03,I137806,Image/ADNI_022_S_0130/2009-03-03/t1.nii.gz,Image/ADNI_022_S_0130/2009-03-03/seg.nii.gz,37.286465177398156,2009-03-03T13:44:17,76.21355236139631,1.0,0.0,19.0,ADNI,MPRAGE_SAGITTAL,0.48752775438327844,0.4747252747252747,0.7725779967159278,0.42272369456835474,0.48502994011976047,0.29837783878213125,0.2907984790874525,0.5716850148532939,0.6777751215236274,0.2997251899834553,0.3073110285006196,0.5005366726296959,0.07056638811513463,0.15041733262297993,0.6589446589446589,0.5133650677407543,0.5520209580838323,0.44959349593495934,0.56006582556226
ADNI_022_S_0130,022_S_0130,train,022_S_0130_MR_2010-03-26,2010-03-26,I169828,Image/ADNI_022_S_0130/2010-03-26/t1.nii.gz,Image/ADNI_022_S_0130/2010-03-26/seg.nii.gz,50.03285151116951,2010-03-26T09:17:00,77.27583846680356,1.0,0.0,75.0,ADNI,MPRAGE_SAGITTAL,0.5040808513896332,0.5230769230769231,0.8111658456486043,0.4602466544214117,0.5229540918163673,0.34774145245819815,0.33779467680608366,0.6256334493002271,0.6893298270778548,0.24263200695437592,0.26765799256505574,0.5499105545617173,0.03837821108016094,0.13618806606286626,0.631917631917632,0.5283778835591358,0.5857035928143712,0.4089430894308943,0.5913329676357653
ADNI_022_S_0130,022_S_0130,train,022_S_0130_MR_2011-04-27,2011-04-27,I229559,Image/ADNI_022_S_0130/2011-04-27/t1.nii.gz,Image/ADNI_022_S_0130/2011-04-27/seg.nii.gz,63.07490144546649,2011-04-27T13:14:49,78.36276522929501,1.0,0.0,8.0,ADNI,MPRAGE_SAGITTAL,0.559405864788301,0.4989010989010989,0.8160919540229885,0.4964576226712149,0.5119760479041916,0.4337908659845271,0.4781749049429658,0.5418513399736294,0.7503067973543709,0.2611536412327192,0.34944237918215615,0.540608228980322,0.05137728257505416,0.15685491031788315,0.5958815958815958,0.5236177224459905,0.5658682634730539,0.43577235772357725,0.5715852989577619
ADNI_022_S_0130,022_S_0130,train,022_S_0130_MR_2012-05-10,2012-05-10,I302989,Image/ADNI_022_S_0130/2012-05-10/t1.nii.gz,Image/ADNI_022_S_0130/2012-05-10/seg.nii.gz,75.52562417871222,2012-05-10T13:07:12,79.40041067761807,1.0,0.0,5.0,ADNI,MPRAGE_SAGITTAL,0.5195467422096317,0.49230769230769234,0.7947454844006568,0.45394909472579376,0.499500998003992,0.3438482655353132,0.32927756653992396,0.5465059016028849,0.6723563630568172,0.33132834188609406,0.26827757125154894,0.5148479427549195,0.047972763850201175,0.1609616409163559,0.6344916344916345,0.5206883925302087,0.5681137724550899,0.4398373983739837,0.562260010970927
ADNI_022_S_4173,022_S_4173,train,022_S_4173_MR_2012-03-27,2012-03-27,I294191,Image/ADNI_022_S_4173/2012-03-27/t1.nii.gz,Image/ADNI_022_S_4173/2012-03-27/seg.nii.gz,0.0,2012-03-27T13:26:29,70.44763860369609,0.0,0.0,1.0,ADNI,MPRAGE,0.6926728428144858,0.7934065934065934,0.6379310344827587,0.4329572290737339,0.41916167664670656,0.7648614923883205,0.4950570342205323,0.7124021032899649,0.46787791855924776,0.4105605563500743,0.25092936802973975,0.6679785330948121,0.07923243577839678,0.11436689753152193,0.5624195624195624,0.6221164408641523,0.6313622754491018,0.35609756097560974,0.6297312122874383
ADNI_022_S_4173,022_S_4173,train,022_S_4173_MR_2012-09-25,2012-09-25,I336766,Image/ADNI_022_S_4173/2012-09-25/t1.nii.gz,Image/ADNI_022_S_4173/2012-09-25/seg.nii.gz,5.978975032851511,2012-09-25T13:24:27,70.94592744695414,0.0,0.0,3.0,ADNI,MPRAGE,0.700650792435495,0.7868131868131868,0.5944170771756979,0.42875885594332197,0.4096806387225549,0.7897679061642127,0.5390114068441064,0.6821395097618708,0.4684516694557335,0.43752278399371863,0.23110285006195788,0.667262969588551,0.07706592386258125,0.11334576451784763,0.5688545688545689,0.6323690955693885,0.5886976047904192,0.36666666666666664,0.5885902358749314
ADNI_022_S_4173,022_S_4173,train,022_S_4173_MR_2013-09-27,2013-09-27,I393439,Image/ADNI_022_S_4173/2013-09-27/t1.nii.gz,Image/ADNI_022_S_4173/2013-09-27/seg.nii.gz,18.035479632063073,2013-09-27T08:57:06,71.95071868583162,0.0,0.0,0.0,ADNI,MPRAGE,0.7136972666717709,0.7098901098901099,0.5894909688013136,0.42482288113356076,0.38772455089820357,0.755428000998253,0.5196958174904943,0.6959443358909594,0.45382102159534626,0.45499284933120215,0.2540272614622057,0.6558139534883721,0.09904054472299598,0.12424524951163203,0.5263835263835264,0.5990479677773709,0.625,0.3943089430894309,0.5863960504662644
ADNI_022_S_4173,022_S_4173,train,022_S_4173_MR_2016-02-09,2016-02-09,I650361,Image/ADNI_022_S_4173/2016-02-09/t1.nii.gz,Image/ADNI_022_S_4173/2016-02-09/seg.nii.gz,46.45203679369251,2016-02-09T13:12:40,74.3189596167009,0.0,0.0,118.0,ADNI,MPRAGE,0.5347523160554322,0.6593406593406593,0.5090311986863711,0.35397533455785885,0.34231536926147704,0.6747192413276766,0.4147528517110266,0.5783253109660201,0.3412861582596223,0.5230784330220689,0.26332094175960347,0.5491949910554562,0.13896626431445372,0.15268158408808383,0.5083655083655083,0.5470523617722446,0.5531437125748503,0.43821138211382116,0.5200219418540867
ADNI_022_S_6847,022_S_6847,test,022_S_6847_MR_2020-01-29,2020-01-29,I1283754,Image/ADNI_022_S_6847/2020-01-29/t1.nii.gz,Image/ADNI_022_S_6847/2020-01-29/seg.nii.gz,0.0,2020-01-29T08:46:26,72.95277207392198,1.0,0.5,8.0,ADNI,Accelerated_Sagittal_MPRAGE,0.48601179082765483,0.6,0.9113300492610837,0.23668328522697454,0.47105788423153694,0.2788120788619915,0.12167300380228137,0.6680646237430301,0.4676069806359072,0.3592720338745408,0.3952912019826518,0.538819320214669,0.057567316620241414,0.248823477179897,0.7027027027027027,0.4851702673013548,0.6197604790419161,0.5276422764227642,0.5134393856280856
ADNI_022_S_6847,022_S_6847,test,022_S_6847_MR_2022-08-02,2022-08-02,I1611682,Image/ADNI_022_S_6847/2022-08-02/t1.nii.gz,Image/ADNI_022_S_6847/2022-08-02/seg.nii.gz,30.091984231274637,2022-08-02T09:12:31,75.46064339493498,1.0,0.5,58.0,ADNI,Accelerated_Sagittal_MPRAGE,0.49927264374856445,0.5736263736263736,0.9014778325123153,0.19443715560220415,0.5239520958083832,0.2143748440229598,0.16730038022813687,0.5602154124767669,0.4530400828751295,0.47258910294158885,0.42441140024783147,0.50912343470483,0.07520891364902507,0.28442994139584443,0.6872586872586872,0.47125595020139144,0.5726047904191617,0.5756097560975609,0.5403181568842568
ADNI_023_S_0031,023_S_0031,test,023_S_0031_MR_2005-10-12,2005-10-12,I7899,Image/ADNI_023_S_0031/2005-10-12/t1.nii.gz,Image/ADNI_023_S_0031/2005-10-12/seg.nii.gz,0.0,2005-10-12T15:48:09,77.74127310061601,0.0,0.0,12.0,ADNI,MPRAGE,0.4344077788836996,0.6637362637362637,0.7142857142857143,0.2227761742324849,0.5369261477045908,0.4476665834789119,0.3032699619771863,0.5781187945797391,0.44451350705235476,0.38729985137825634,0.39281288723667906,0.58783542039356,0.08511296812132467,0.18287160362280233,0.797940797940798,0.69718051995606,0.5071107784431138,0.35528455284552846,0.4618760285244103
ADNI_023_S_0031,023_S_0031,test,023_S_0031_MR_2006-04-17,2006-04-17,I13535,Image/ADNI_023_S_0031/2006-04-17/t1.nii.gz,Image/ADNI_023_S_0031/2006-04-17/seg.nii.gz,6.14323258869908,2006-04-17T11:40:52,78.25325119780972,0.0,0.0,1.0,ADNI,MPRAGE,0.5128856902228007,0.6923076923076923,0.7446633825944171,0.23904487011283126,0.5578842315369261,0.43808335413027205,0.29460076045627376,0.567475257748336,0.47227667543230534,0.4369339053868372,0.41511771995043373,0.590339892665474,0.09965954812751471,0.19212839637719767,0.685971685971686,0.724642987916514,0.49925149700598803,0.36585365853658536,0.5282501371365881
ADNI_023_S_0031,023_S_0031,test,023_S_0031_MR_2006-10-30,2006-10-30,I28019,Image/ADNI_023_S_0031/2006-10-30/t1.nii.gz,Image/ADNI_023_S_0031/2006-10-30/seg.nii.gz,12.582128777923783,2006-10-30T10:48:54,78.78986995208761,0.0,0.0,0.0,ADNI,MPRAGE,0.4891509072812189,0.7186813186813187,0.6781609195402298,0.26790868538441354,0.5588822355289421,0.48599950087347144,0.3172623574144487,0.5047419339465281,0.5422264722288629,0.40262471607638595,0.379182156133829,0.5806797853309481,0.09285051067780872,0.1811845142958622,0.6164736164736164,0.7272061515928231,0.49513473053892215,0.34715447154471546,0.5205704882062534
ADNI_023_S_0031,023_S_0031,test,023_S_0031_MR_2007-11-14,2007-11-14,I82191,Image/ADNI_023_S_0031/2007-11-14/t1.nii.gz,Image/ADNI_023_S_0031/2007-11-14/seg.nii.gz,25.065703022339026,2007-11-14T08:11:42,79.8302532511978,0.0,0.0,6.0,ADNI,MPRAGE,0.4161243396370875,0.701098901098901,0.6880131362889984,0.1886643925478877,0.5034930139720559,0.3951085600199651,0.2267680608365019,0.518800934089501,0.42432066300103594,0.4532542553489807,0.42193308550185876,0.5556350626118068,0.11358712472918601,0.20684603090037293,0.6344916344916345,0.6909556938850238,0.468188622754491,0.4065040650406504,0.421832144816237
ADNI_023_S_0031,023_S_0031,test,023_S_0031_MR_2008-12-02,2008-12-02,I129040,Image/ADNI_023_S_0031/2008-12-02/t1.nii.gz,Image/ADNI_023_S_0031/2008-12-02/seg.nii.gz,37.680683311432325,2008-12-02T07:59:22,80.88158795345653,0.0,0.0,0.0,ADNI,MPRAGE,0.42863486716177934,0.6791208791208792,0.6715927750410509,0.18472841773812648,0.5114770459081837,0.3930621412528076,0.23832699619771863,0.5152107261433859,0.4250059765718384,0.4646953254255349,0.41821561338289964,0.5516994633273703,0.10739709068399876,0.20680163381282188,0.8133848133848134,0.6891248626876602,0.4902694610778443,0.3983739837398374,0.44048272078990675
ADNI_023_S_0031,023_S_0031,test,023_S_0031_MR_2009-10-22,2009-10-22,I157584,Image/ADNI_023_S_0031/2009-10-22/t1.nii.gz,Image/ADNI_023_S_0031/2009-10-22/seg.nii.gz,48.3245729303548,2009-10-22T10:13:56,81.76865160848733,0.0,0.0,1.0,ADNI,MPRAGE,0.3807671694357247,0.6263736263736264,0.680623973727422,0.1558646024665442,0.49051896207584833,0.39445969553281757,0.24197718631178708,0.48050008737231725,0.4102000159375249,0.4606993634502678,0.419454770755886,0.5298747763864043,0.11544413494274218,0.22118629017936423,0.6435006435006435,0.6821677041376785,0.44236526946107785,0.4040650406504065,0.46407021393307735
ADNI_023_S_0031,023_S_0031,test,023_S_0031_MR_2010-12-01,2010-12-01,I207222,Image/ADNI_023_S_0031/2010-12-01/t1.nii.gz,Image/ADNI_023_S_0031/2010-12-01/seg.nii.gz,61.629434954007884,2010-12-01T15:41:28,82.87748117727584,0.0,0.0,9.0,ADNI,MPRAGE,0.3459918842355103,0.610989010989011,0.6469622331691297,0.14300708475465757,0.4426147704590818,0.3377090092338408,0.1785551330798479,0.43397035695563074,0.3907243605068133,0.5061832253722554,0.4603469640644362,0.5123434704830053,0.12782420303311667,0.2282010300124312,0.7734877734877735,0.6825338703771512,0.44610778443113774,0.4170731707317073,0.3993417443773999
ADNI_023_S_0031,023_S_0031,test,023_S_0031_MR_2011-10-20,2011-10-20,I261879,Image/ADNI_023_S_0031/2011-10-20/t1.nii.gz,Image/ADNI_023_S_0031/2011-10-20/seg.nii.gz,72.24047306176084,2011-10-20T12:19:49,83.76180698151951,0.0,0.0,3.0,ADNI,MPRAGE,0.4160018375315826,0.6197802197802198,0.6576354679802956,0.17082130674363685,0.499001996007984,0.358223109558273,0.19771863117870722,0.5327963907290029,0.4102956410869392,0.45161380780123944,0.44423791821561337,0.5155635062611806,0.12411018260600433,0.22997691351447344,0.7451737451737451,0.6931526913218601,0.4861526946107784,0.41544715447154473,0.4426769061985738
ADNI_023_S_0031,023_S_0031,test,023_S_0031_MR_2012-09-20,2012-09-20,I336528,Image/ADNI_023_S_0031/2012-09-20/t1.nii.gz,Image/ADNI_023_S_0031/2012-09-20/seg.nii.gz,83.27858081471747,2012-09-20T13:16:30,84.68172484599589,0.0,0.0,5.0,ADNI,MPRAGE,0.3959421177551489,0.6395604395604395,0.674055829228243,0.16741012857517712,0.4870259481037924,0.3757424507112553,0.1638022813688213,0.4557181210186024,0.3924934257709778,0.5135161661198508,0.4591078066914498,0.5087656529516995,0.11265861962240792,0.23186378973539337,0.7863577863577863,0.7407543024533138,0.4711826347305389,0.42032520325203254,0.4114097641250686
ADNI_023_S_0031,023_S_0031,test,023_S_0031_MR_2013-10-17,2013-10-17,I395003,Image/ADNI_023_S_0031/2013-10-17/t1.nii.gz,Image/ADNI_023_S_0031/2013-10-17/seg.nii.gz,96.15637319316689,2013-10-17T07:29:50,85.75496235455168,0.0,0.0,4.0,ADNI,MPRAGE,0.3282903299900467,0.6351648351648351,0.6001642036124795,0.15612700078719496,0.4810379241516966,0.3518342899925131,0.15604562737642586,0.4267899410634005,0.3578133715833931,0.514034940130675,0.46096654275092935,0.47262969588550985,0.12503868771278243,0.2447611436689753,0.7425997425997426,0.6774075430245331,0.4494760479041916,0.4317073170731707,0.3823368074602304
ADNI_023_S_0031,023_S_0031,test,023_S_0031_MR_2016-01-26,2016-01-26,I614783,Image/ADNI_023_S_0031/2016-01-26/t1.nii.gz,Image/ADNI_023_S_0031/2016-01-26/seg.nii.gz,123.45597897503285,2016-01-26T16:28:52,88.03011635865845,0.0,0.0,76.0,ADNI,MPRAGE_Repeat,0.3149529132531965,0.589010989010989,0.5082101806239737,0.1222776174232485,0.4655688622754491,0.3256301472423259,0.12365019011406844,0.39126912262307584,0.3500039843812256,0.5312946916799866,0.4801734820322181,0.40930232558139534,0.17579696688331786,0.27752619428165515,0.7323037323037324,0.7429512998901501,0.4199101796407186,0.47235772357723577,0.3927591881513988
ADNI_023_S_0031,023_S_0031,test,023_S_0031_MR_2018-04-17,2018-04-17,I987370,Image/ADNI_023_S_0031/2018-04-17/t1.nii.gz,Image/ADNI_023_S_0031/2018-04-17/seg.nii.gz,150.13140604467804,2018-04-17T12:12:15,90.25325119780972,0.0,0.0,8.0,ADNI,Accelerated_Sagittal_MPRAGE,0.5117372329836919,0.5846153846153846,0.5977011494252874,0.18053004460771452,0.6442115768463074,0.3700524082855004,0.07711026615969582,0.4885065688096713,0.36812495019523467,0.5437172261013432,0.49566294919454773,0.4400715563506261,0.20396162178891983,0.3287604333155745,0.8442728442728443,0.8227755400952033,0.5595059880239521,0.551219512195122,0.47558968732857926
ADNI_023_S_0031,023_S_0031,test,023_S_0031_MR_2019-04-24,2019-04-24,I1158135,Image/ADNI_023_S_0031/2019-04-24/t1.nii.gz,Image/ADNI_023_S_0031/2019-04-24/seg.nii.gz,162.35216819973718,2019-04-24T09:27:54,91.27173169062286,0.0,0.0,7.0,ADNI,Accelerated_Sagittal_MPRAGE,0.5527754383278463,0.5956043956043956,0.6133004926108374,0.13828391498294412,0.7245508982035929,0.3701023209383579,0.07984790874524715,0.4492366836645538,0.41660690094828273,0.5694175710159558,0.516728624535316,0.4518783542039356,0.20055710306406685,0.33084709643047416,0.9214929214929215,0.8191138777004761,0.5598802395209581,0.5617886178861788,0.48656061437191445
ADNI_023_S_0042,023_S_0042,test,023_S_0042_MR_2005-10-31,2005-10-31,I8344,Image/ADNI_023_S_0042/2005-10-31/t1.nii.gz,Image/ADNI_023_S_0042/2005-10-31/seg.nii.gz,0.0,2005-10-31T11:53:52,72.87611225188228,1.0,0.5,10.0,ADNI,MPRAGE,0.30132455401577213,0.432967032967033,0.5311986863711001,0.2637103122540016,0.21457085828343314,0.47521836785625154,0.46600760456273765,0.24524615164657104,0.4529444577257152,0.4859790807885365,0.18835192069392812,0.15491949910554562,0.34076137418755803,0.3398819037471142,0.32947232947232946,0.19296960820212378,0.1972305389221557,0.5455284552845528,0.38946791003839826
ADNI_023_S_0042,023_S_0042,test,023_S_0042_MR_2006-05-03,2006-05-03,I14532,Image/ADNI_023_S_0042/2006-05-03/t1.nii.gz,Image/ADNI_023_S_0042/2006-05-03/seg.nii.gz,6.044678055190539,2006-05-03T15:54:10,73.37987679671458,1.0,0.5,1.0,ADNI,MPRAGE,0.27875354107648725,0.3230769230769231,0.5123152709359606,0.23169771713461035,0.17964071856287425,0.43878213127027704,0.5008365019011407,0.2266437910054171,0.4350944298350466,0.49970556069655925,0.19021065675340768,0.13488372093023257,0.37202104611575365,0.3541555673947789,0.31917631917631917,0.15012815818381545,0.22342814371257486,0.5634146341463414,0.3598464070213933
ADNI_023_S_0042,023_S_0042,test,023_S_0042_MR_2006-11-09,2006-11-09,I29219,Image/ADNI_023_S_0042/2006-11-09/t1.nii.gz,Image/ADNI_023_S_0042/2006-11-09/seg.nii.gz,12.28646517739816,2006-11-09T08:16:24,73.90006844626969,1.0,1.0,0.0,ADNI,MPRAGE,0.2719087359313988,0.378021978021978,0.48440065681444994,0.2314353188139596,0.2090818363273453,0.439880209633142,0.4445627376425855,0.2414811990659105,0.41284564507132043,0.4994672050699644,0.17657992565055763,0.12450805008944543,0.39059114825131536,0.36405611791866455,0.3178893178893179,0.15928231417063346,0.15494011976047903,0.5861788617886179,0.3636862314865606
ADNI_023_S_0042,023_S_0042,test,023_S_0042_MR_2007-06-08,2007-06-08,I56431,Image/ADNI_023_S_0042/2007-06-08/t1.nii.gz,Image/ADNI_023_S_0042/2007-06-08/seg.nii.gz,19.21813403416557,2007-06-08T10:42:54,74.47775496235455,1.0,1.0,29.0,ADNI,MPRAGE,0.3017379986218513,0.389010989010989,0.4729064039408867,0.22146418262923118,0.22704590818363274,0.46189168954329923,0.4223574144486692,0.30043368441119,0.39086779823093476,0.48738117270968284,0.18711276332094176,0.11055456171735241,0.4085422469823584,0.36514384656366544,0.3153153153153153,0.1882094470889784,0.1657934131736527,0.5845528455284553,0.3664289632473944
ADNI_023_S_0042,023_S_0042,test,023_S_0042_MR_2007-12-03,2007-12-03,I83994,Image/ADNI_023_S_0042/2007-12-03/t1.nii.gz,Image/ADNI_023_S_0042/2007-12-03/seg.nii.gz,25.065703022339026,2007-12-03T12:20:08,74.96509240246407,1.0,1.0,0.0,ADNI,MPRAGE,0.19215986524768394,0.41098901098901097,0.4367816091954023,0.1650485436893204,0.31137724550898205,0.4199151484901423,0.3417490494296578,0.2267708780123592,0.3829149733046458,0.47240683099183983,0.1895910780669145,0.04758497316636851,0.4271123491179202,0.38374622624755816,0.33204633204633205,0.18894177956792385,0.07709580838323353,0.5804878048780487,0.3664289632473944
ADNI_023_S_0042,023_S_0042,test,023_S_0042_MR_2008-12-05,2008-12-05,I129443,Image/ADNI_023_S_0042/2008-12-05/t1.nii.gz,Image/ADNI_023_S_0042/2008-12-05/seg.nii.gz,37.155059132720105,2008-12-05T08:04:52,75.97262149212868,1.0,1.0,1.0,ADNI,MPRAGE,0.21448587397595897,0.37142857142857144,0.46551724137931033,0.17082130674363685,0.2405189620758483,0.39880209633142,0.3546768060836502,0.19132948895137333,0.3649693202645629,0.5364824317882281,0.1970260223048327,0.057960644007155636,0.4574435159393377,0.3982196767892026,0.2728442728442728,0.1600146466495789,0.08982035928143713,0.6373983739837399,0.32035106966538673
ADNI_023_S_0042,023_S_0042,test,023_S_0042_MR_2010-03-18,2010-03-18,I168064,Image/ADNI_023_S_0042/2010-03-18/t1.nii.gz,Image/ADNI_023_S_0042/2010-03-18/seg.nii.gz,52.52956636005256,2010-03-18T08:53:36,77.2539356605065,1.0,1.0,0.0,ADNI,MPRAGE,0.15720082688921216,0.3032967032967033,0.4039408866995074,0.13408554185253213,0.27894211576846306,0.3448964312453207,0.3215209125475285,0.12662631654196255,0.3366802135628337,0.5645382911303665,0.21995043370508055,0.034704830053667264,0.517486846177654,0.4358684070324987,0.24324324324324326,0.10984987184181619,0.09505988023952096,0.6829268292682927,0.21119034558420186
ADNI_023_S_0042,023_S_0042,test,023_S_0042_MR_2011-04-13,2011-04-13,I227807,Image/ADNI_023_S_0042/2011-04-13/t1.nii.gz,Image/ADNI_023_S_0042/2011-04-13/seg.nii.gz,65.37450722733246,2011-04-13T17:45:52,78.32443531827515,1.0,1.0,7.0,ADNI,MPRAGE,0.24162009034530282,0.31648351648351647,0.37520525451559933,0.1639989504067174,0.29291417165668665,0.3909658098327926,0.33079847908745247,0.18306883350013503,0.3338114590804048,0.5677070188721572,0.19578686493184635,0.049016100178890874,0.5441039925719592,0.4500976735926123,0.19305019305019305,0.1439033321127792,0.09019461077844311,0.708130081300813,0.22051563357103676
ADNI_023_S_0042,023_S_0042,test,023_S_0042_MR_2011-11-30,2011-11-30,I275399,Image/ADNI_023_S_0042/2011-11-30/t1.nii.gz,Image/ADNI_023_S_0042/2011-11-30/seg.nii.gz,72.96320630749014,2011-11-30T12:54:00,78.95687885010267,1.0,1.0,37.0,ADNI,MPRAGE,0.17773524232447746,0.2967032967032967,0.3399014778325123,0.12700078719496194,0.24201596806387227,0.34933865734963815,0.37247148288973386,0.10681662933485837,0.3423699099529843,0.5556490283502986,0.21933085501858737,0.05688729874776386,0.584958217270195,0.4900328538447878,0.18275418275418276,0.11827169534968876,0.06399700598802395,0.7308943089430894,0.18486012068019747
ADNI_023_S_0042,023_S_0042,test,023_S_0042_MR_2013-01-23,2013-01-23,I355997,Image/ADNI_023_S_0042/2013-01-23/t1.nii.gz,Image/ADNI_023_S_0042/2013-01-23/seg.nii.gz,86.76084099868594,2013-01-23T17:09:30,80.10677618069815,1.0,1.0,13.0,ADNI,MPRAGE,0.16788913559451804,0.2549450549450549,0.312807881773399,0.11624245604828129,0.3413173652694611,0.33875717494384827,0.2984030418250951,0.11674530175221211,0.31471830424735037,0.5391323855191946,0.21189591078066913,0.07513416815742398,0.6480965645311049,0.5330536316817617,0.16731016731016732,0.11570853167337972,0.0688622754491018,0.7666666666666667,0.19528250137136588
ADNI_023_S_0042,023_S_0042,test,023_S_0042_MR_2013-11-21,2013-11-21,I400077,Image/ADNI_023_S_0042/2013-11-21/t1.nii.gz,Image/ADNI_023_S_0042/2013-11-21/seg.nii.gz,96.6819973718791,2013-11-21T17:02:27,80.93360711841204,1.0,1.0,13.0,ADNI,MPRAGE,0.10277926651864329,0.189010989010989,0.22988505747126436,0.07635791130936762,0.30439121756487025,0.30771150486648363,0.24836501901140684,0.051454351935693976,0.29240576938401464,0.5601076806595441,0.21561338289962825,0.07334525939177101,0.6976168368926029,0.5619339371337241,0.12226512226512226,0.08861222995239838,0.02470059880239521,0.765040650406504,0.10586944596818432
ADNI_023_S_0058,023_S_0058,train,023_S_0058_MR_2005-11-30,2005-11-30,I9078,Image/ADNI_023_S_0058/2005-11-30/t1.nii.gz,Image/ADNI_023_S_0058/2005-11-30/seg.nii.gz,0.0,2005-11-30T09:36:10,70.12731006160165,1.0,0.0,12.0,ADNI,MPRAGE,0.4007196998698415,0.789010989010989,0.8013136288998358,0.5641563893991078,0.5419161676646707,0.6239580733715997,0.3467680608365019,0.5597706079524695,0.48955295242648816,0.28061467709823057,0.21623296158612143,0.6837209302325581,0.06282884555865058,0.15496803409696325,0.6821106821106822,0.5214207250091542,0.6324850299401198,0.11951219512195121,0.6357652221612726
ADNI_023_S_0058,023_S_0058,train,023_S_0058_MR_2006-06-13,2006-06-13,I16960,Image/ADNI_023_S_0058/2006-06-13/t1.nii.gz,Image/ADNI_023_S_0058/2006-06-13/seg.nii.gz,6.40604467805519,2006-06-13T11:13:49,70.6611909650924,1.0,0.0,0.0,ADNI,MPRAGE,0.40751856672536557,0.810989010989011,0.8078817733990148,0.4738913670952506,0.5898203592814372,0.5761417519341153,0.19026615969581748,0.6118127372952707,0.44911945174914336,0.30114130282381313,0.2218091697645601,0.6862254025044723,0.06530485917672547,0.1599627064464571,0.7335907335907336,0.5671915049432442,0.6586826347305389,0.16341463414634147,0.591881513987932
ADNI_023_S_0058,023_S_0058,train,023_S_0058_MR_2006-12-19,2006-12-19,I33743,Image/ADNI_023_S_0058/2006-12-19/t1.nii.gz,Image/ADNI_023_S_0058/2006-12-19/seg.nii.gz,12.614980289093298,2006-12-19T08:15:52,71.17864476386038,1.0,0.0,0.0,ADNI,MPRAGE,0.21851313069443382,0.6307692307692307,0.7380952380952381,0.47257937549199686,0.49251497005988026,0.5462440728724731,0.2737642585551331,0.4846304150979364,0.4010040640688501,0.30544572502173245,0.22676579925650558,0.6443649373881932,0.06778087279480037,0.1523708044752264,0.5765765765765766,0.4621017942145734,0.5692365269461078,0.10975609756097561,0.5639056500274273
ADNI_023_S_0058,023_S_0058,train,023_S_0058_MR_2007-12-06,2007-12-06,I84250,Image/ADNI_023_S_0058/2007-12-06/t1.nii.gz,Image/ADNI_023_S_0058/2007-12-06/seg.nii.gz,24.178712220762154,2007-12-06T07:51:16,72.14236824093086,1.0,0.0,5.0,ADNI,MPRAGE,0.35145854069366816,0.6967032967032967,0.7545155993431856,0.4788769351876148,0.5099800399201597,0.5522835038682306,0.3206083650190114,0.48957092249281164,0.4495019523468005,0.3516586747427161,0.2664188351920694,0.6726296958855098,0.08263695450324977,0.17119516959687445,0.7091377091377091,0.49322592456975467,0.624251497005988,0.14878048780487804,0.603400987383434
ADNI_023_S_0058,023_S_0058,train,023_S_0058_MR_2008-12-09,2008-12-09,I129821,Image/ADNI_023_S_0058/2008-12-09/t1.nii.gz,Image/ADNI_023_S_0058/2008-12-09/seg.nii.gz,36.300919842312744,2008-12-09T07:45:08,73.15263518138262,1.0,0.0,0.0,ADNI,MPRAGE,0.2888752775438328,0.7252747252747253,0.7742200328407225,0.47231697717134613,0.5399201596806387,0.5358123284252558,0.248212927756654,0.4690940284992613,0.4064865726352697,0.3625529289700233,0.24225526641883519,0.6311270125223614,0.0872794800371402,0.17685579825963416,0.6731016731016731,0.46466495789088247,0.5703592814371258,0.14227642276422764,0.6039495337356007
ADNI_023_S_0058,023_S_0058,train,023_S_0058_MR_2010-03-19,2010-03-19,I168313,Image/ADNI_023_S_0058/2010-03-19/t1.nii.gz,Image/ADNI_023_S_0058/2010-03-19/seg.nii.gz,51.57687253613666,2010-03-19T13:05:44,74.42573579739904,1.0,0.0,2.0,ADNI,MPRAGE,0.2952760125564658,0.756043956043956,0.715927750410509,0.46050905274206244,0.4725548902195609,0.5010731220364363,0.26387832699619773,0.45819631765397384,0.4170690891704518,0.37232550966041333,0.2664188351920694,0.621824686940966,0.09532652429588363,0.18591280412004973,0.6550836550836551,0.4884657634566093,0.5886976047904192,0.16178861788617885,0.6050466264399341
ADNI_023_S_0058,023_S_0058,train,023_S_0058_MR_2011-04-27,2011-04-27,I229512,Image/ADNI_023_S_0058/2011-04-27/t1.nii.gz,Image/ADNI_023_S_0058/2011-04-27/seg.nii.gz,64.84888304862024,2011-04-27T16:52:55,75.53182751540041,1.0,0.0,16.0,ADNI,MPRAGE,0.24137508613429293,0.6461538461538462,0.7504105090311987,0.4109157701390711,0.5184630738522954,0.45969553281756925,0.23209125475285172,0.40861649907067626,0.38071559486811696,0.4124533804436219,0.2577447335811648,0.6232558139534884,0.09099350046425256,0.19377108861658676,0.6435006435006435,0.486268766019773,0.5999251497005988,0.15691056910569107,0.5085024684585847
ADNI_023_S_0058,023_S_0058,train,023_S_0058_MR_2012-04-02,2012-04-02,I294600,Image/ADNI_023_S_0058/2012-04-02/t1.nii.gz,Image/ADNI_023_S_0058/2012-04-02/seg.nii.gz,76.05124835742444,2012-04-02T11:29:43,76.46543463381246,1.0,0.0,1.0,ADNI,MPRAGE,0.30558150218206875,0.6329670329670329,0.7463054187192119,0.43190763579113095,0.4875249500998004,0.5009732967307212,0.20866920152091253,0.4848210456083496,0.3730815204398757,0.38934690558313,0.26394052044609667,0.637567084078712,0.10523057876818323,0.21115254839282543,0.6074646074646075,0.4870010984987184,0.5741017964071856,0.16341463414634147,0.5364783324190894
ADNI_023_S_0058,023_S_0058,train,023_S_0058_MR_2013-12-04,2013-12-04,I400300,Image/ADNI_023_S_0058/2013-12-04/t1.nii.gz,Image/ADNI_023_S_0058/2013-12-04/seg.nii.gz,96.12352168199737,2013-12-04T16:45:15,78.13826146475017,1.0,0.0,18.0,ADNI,MPRAGE,0.28232141489931856,0.589010989010989,0.7766830870279147,0.4678562057202834,0.5538922155688623,0.4651859246318942,0.20547528517110267,0.4216905749098477,0.3768109012670332,0.3985306076666386,0.2707558859975217,0.5992844364937389,0.13649025069637882,0.25013319126265315,0.6808236808236808,0.5466861955327719,0.5389221556886228,0.1926829268292683,0.5880416895227647
ADNI_023_S_0604,023_S_0604,train,023_S_0604_MR_2006-06-02,2006-06-02,I16451,Image/ADNI_023_S_0604/2006-06-02/t1.nii.gz,Image/ADNI_023_S_0604/2006-06-02/seg.nii.gz,0.0,2006-06-02T12:47:40,86.54620123203286,1.0,0.5,18.0,ADNI,MPRAGE,0.4322333665109869,0.6725274725274726,0.6921182266009852,0.4326948307530832,0.6127744510978044,0.3213875717494385,0.22950570342205323,0.43176222021001126,0.24878476372619332,0.5186197807128236,0.3308550185873606,0.44293381037567087,0.2872175796966883,0.5017092878707157,0.7554697554697555,0.5811058220432076,0.4120508982035928,0.44065040650406506,0.4947888096544158
ADNI_023_S_0604,023_S_0604,train,023_S_0604_MR_2006-12-12,2006-12-12,I32972,Image/ADNI_023_S_0604/2006-12-12/t1.nii.gz,Image/ADNI_023_S_0604/2006-12-12/seg.nii.gz,6.340341655716163,2006-12-12T14:01:57,87.07460643394936,1.0,0.5,0.0,ADNI,MPRAGE,0.43794502718015466,0.643956043956044,0.7799671592775042,0.33219627394384676,0.6516966067864272,0.282455702520589,0.14904942965779466,0.428251441643235,0.22212128456450714,0.556448220745352,0.29987608426270135,0.4525939177101968,0.3122872175796967,0.516426922393891,0.8146718146718147,0.6389600878798974,0.46781437125748504,0.4975609756097561,0.4646187602852441
ADNI_023_S_0604,023_S_0604,train,023_S_0604_MR_2007-06-11,2007-06-11,I56614,Image/ADNI_023_S_0604/2007-06-11/t1.nii.gz,Image/ADNI_023_S_0604/2007-06-11/seg.nii.gz,12.28646517739816,2007-06-11T11:12:57,87.57015742642027,1.0,0.5,2.0,ADNI,MPRAGE,0.38934231682107034,0.589010989010989,0.6839080459770115,0.39517187090002626,0.5858283433133733,0.28300474170202145,0.16638783269961976,0.40569349791100734,0.22741254283209816,0.5222371778693811,0.31970260223048325,0.43828264758497315,0.33735685546270505,0.5290800923459421,0.749034749034749,0.6019772976931527,0.39932634730538924,0.43089430894308944,0.48491497531541417
ADNI_023_S_0604,023_S_0604,train,023_S_0604_MR_2007-12-11,2007-12-11,I84641,Image/ADNI_023_S_0604/2007-12-11/t1.nii.gz,Image/ADNI_023_S_0604/2007-12-11/seg.nii.gz,18.298291721419183,2007-12-11T09:01:53,88.07118412046543,1.0,1.0,0.0,ADNI,MPRAGE,0.3852844345762193,0.5736263736263736,0.6986863711001642,0.39044870112831276,0.624750499001996,0.2960818567506863,0.1647148288973384,0.4015631701853882,0.22704597975934337,0.5184515296822859,0.30607187112763323,0.4440071556350626,0.34323738780563295,0.5329648375066596,0.7413127413127413,0.6228487733430977,0.3929640718562874,0.2016260162601626,0.49917718047174986
ADNI_023_S_0604,023_S_0604,train,023_S_0604_MR_2008-07-30,2008-07-30,I114830,Image/ADNI_023_S_0604/2008-07-30/t1.nii.gz,Image/ADNI_023_S_0604/2008-07-30/seg.nii.gz,25.919842312746386,2008-07-30T09:01:58,88.70636550308008,1.0,1.0,0.0,ADNI,MPRAGE,0.36534721690529054,0.6021978021978022,0.680623973727422,0.36342167410128573,0.6067864271457086,0.2411280259545795,0.1873764258555133,0.3682504884906829,0.22487847637261935,0.5354869465242141,0.3358116480793061,0.42683363148479425,0.3608789848344166,0.5463727579470786,0.7271557271557272,0.615891614793116,0.37574850299401197,0.4195121951219512,0.4788809654415798
ADNI_023_S_0604,023_S_0604,train,023_S_0604_MR_2009-07-10,2009-07-10,I148533,Image/ADNI_023_S_0604/2009-07-10/t1.nii.gz,Image/ADNI_023_S_0604/2009-07-10/seg.nii.gz,37.253613666228645,2009-07-10T08:55:00,89.65092402464066,1.0,1.0,0.0,ADNI,MPRAGE,0.3728351581042799,0.5142857142857142,0.6371100164203612,0.33508265547100496,0.5968063872255489,0.2079361118043424,0.14570342205323195,0.3140637659057332,0.20905251414455336,0.589902133983904,0.3339529120198265,0.40250447227191416,0.42401733209532655,0.5984061445569171,0.6447876447876448,0.5785426583668986,0.3379491017964072,0.44878048780487806,0.43828853538123974
ADNI_023_S_1046,023_S_1046,test,023_S_1046_MR_2006-11-06,2006-11-06,I29027,Image/ADNI_023_S_1046/2006-11-06/t1.nii.gz,Image/ADNI_023_S_1046/2006-11-06/seg.nii.gz,0.0,2006-11-06T17:18:56,71.64681724845995,1.0,0.5,10.0,ADNI,MPRAGE,0.5619171579511523,0.37362637362637363,0.2791461412151067,0.5085279454211493,0.4101796407185629,0.5072123783379087,0.3735361216730038,0.4581804317781061,0.4921507689855765,0.2721740837329295,0.31474597273853777,0.2887298747763864,0.5840297121634169,0.6291067305984728,0.5444015444015444,0.21201025265470524,0.25898203592814373,0.8186991869918699,0.5353812397147559
ADNI_023_S_1046,023_S_1046,test,023_S_1046_MR_2007-05-29,2007-05-29,I55383,Image/ADNI_023_S_1046/2007-05-29/t1.nii.gz,Image/ADNI_023_S_1046/2007-05-29/seg.nii.gz,6.701708278580814,2007-05-29T12:34:47,72.20533880903491,1.0,0.5,1.0,ADNI,MPRAGE,0.5465737692366588,0.4,0.3341543513957307,0.3862503279979008,0.43363273453093815,0.5000249563264287,0.2901901140684411,0.40311998602042926,0.42948442106940793,0.37327893216679287,0.3215613382899628,0.3262969588550984,0.5459610027855153,0.6398508257858284,0.5353925353925354,0.18930794580739657,0.24887724550898205,0.8317073170731707,0.43664289632473946
ADNI_023_S_1046,023_S_1046,test,023_S_1046_MR_2007-11-06,2007-11-06,I81058,Image/ADNI_023_S_1046/2007-11-06/t1.nii.gz,Image/ADNI_023_S_1046/2007-11-06/seg.nii.gz,11.990801576872535,2007-11-06T07:54:20,72.64613278576317,1.0,0.5,0.0,ADNI,MPRAGE,0.5132685093025037,0.37362637362637363,0.24794745484400657,0.4408291786932564,0.41916167664670656,0.476865485400549,0.3411406844106464,0.42323150486902095,0.4287672324488007,0.3194806651524074,0.30607187112763323,0.2926654740608229,0.6103373568554628,0.6527925768069615,0.5495495495495496,0.1655071402416697,0.27994011976047906,0.8252032520325203,0.3351618211738892
ADNI_023_S_1046,023_S_1046,test,023_S_1046_MR_2008-05-30,2008-05-30,I107901,Image/ADNI_023_S_1046/2008-05-30/t1.nii.gz,Image/ADNI_023_S_1046/2008-05-30/seg.nii.gz,18.758212877792378,2008-05-30T15:39:28,73.21013004791239,1.0,0.5,0.0,ADNI,MPRAGE,0.5285812724906209,0.35384615384615387,0.2963875205254516,0.3838887431120441,0.43313373253493015,0.4852508110806089,0.26935361216730036,0.40362833404819776,0.43291098892342017,0.3481254031014273,0.33209417596034696,0.32737030411449014,0.5731971525843392,0.6574542709998225,0.5688545688545689,0.18711094837056022,0.25898203592814373,0.8439024390243902,0.39221064179923204
ADNI_023_S_1046,023_S_1046,test,023_S_1046_MR_2009-01-21,2009-01-21,I134247,Image/ADNI_023_S_1046/2009-01-21/t1.nii.gz,Image/ADNI_023_S_1046/2009-01-21/seg.nii.gz,26.511169513797633,2009-01-21T10:04:13,73.85626283367556,1.0,0.5,1.0,ADNI,MPRAGE,0.5026414516499502,0.4065934065934066,0.22660098522167488,0.41301495670427707,0.4540918163672655,0.47372098827052656,0.3233460076045627,0.40941079286406457,0.4306797354370866,0.3126945402540591,0.33271375464684017,0.3112701252236136,0.598576292169607,0.6689531166755461,0.5328185328185329,0.16843647015745147,0.2638473053892216,0.8317073170731707,0.3472298409215579
ADNI_023_S_1046,023_S_1046,test,023_S_1046_MR_2009-11-05,2009-11-05,I158300,Image/ADNI_023_S_1046/2009-11-05/t1.nii.gz,Image/ADNI_023_S_1046/2009-11-05/seg.nii.gz,35.972404730617605,2009-11-05T09:14:19,74.64476386036961,1.0,0.5,1.0,ADNI,MPRAGE,0.45530970063547965,0.3208791208791209,0.1748768472906404,0.4143269483075308,0.48303393213572854,0.4545545295732468,0.2883650190114068,0.3433414351300259,0.37907402980317156,0.3472561061103166,0.3680297397769517,0.2837209302325581,0.6895697926338595,0.7247602557272242,0.4568854568854569,0.14719882826803368,0.1998502994011976,0.8252032520325203,0.3483269336258914
ADNI_023_S_1046,023_S_1046,test,023_S_1046_MR_2011-02-14,2011-02-14,I217505,Image/ADNI_023_S_1046/2011-02-14/t1.nii.gz,Image/ADNI_023_S_1046/2011-02-14/seg.nii.gz,51.28120893561103,2011-02-14T12:32:02,75.92060232717317,1.0,0.5,9.0,ADNI,MPRAGE,0.4990429523007427,0.25274725274725274,0.15763546798029557,0.4261348727368145,0.4810379241516966,0.44477164961317694,0.2974904942965779,0.34751942048324835,0.3631683799505937,0.370713103951095,0.38351920693928127,0.3155635062611807,0.7118539151965336,0.7740632214526727,0.33976833976833976,0.08971072867081654,0.23315868263473055,0.7910569105691057,0.27098189797037847
ADNI_023_S_1046,023_S_1046,test,023_S_1046_MR_2011-12-21,2011-12-21,I274043,Image/ADNI_023_S_1046/2011-12-21/t1.nii.gz,Image/ADNI_023_S_1046/2011-12-21/seg.nii.gz,61.465177398160314,2011-12-21T15:33:45,76.76933607118411,1.0,0.5,0.0,ADNI,MPRAGE,0.44645892351274785,0.3252747252747253,0.09113300492610837,0.3489897664654946,0.4086826347305389,0.4144247566758173,0.23224334600760457,0.28327693847400276,0.3183839349748984,0.4147528111943019,0.3915737298636927,0.31198568872987475,0.7796347879913339,0.81701740365832,0.4144144144144144,0.05199560600512633,0.13884730538922155,0.7829268292682927,0.24520021941854087
ADNI_023_S_1104,023_S_1104,train,023_S_1104_MR_2006-11-15,2006-11-15,I29738,Image/ADNI_023_S_1104/2006-11-15/t1.nii.gz,Image/ADNI_023_S_1104/2006-11-15/seg.nii.gz,0.0,2006-11-15T08:08:03,64.50376454483231,0.0,0.5,20.0,ADNI,MPRAGE,0.6347599724370263,0.8857142857142857,0.7134646962233169,0.704539490947258,0.657185628742515,0.8545545295732468,0.7031178707224335,0.7125927338003781,0.5362180253406647,0.27332379910826954,0.20508054522924413,0.6003577817531306,0.021046115753636643,0.056672882258923814,0.7722007722007722,0.5898938117905529,0.6781437125748503,0.08211382113821138,0.6747120131651124
ADNI_023_S_1104,023_S_1104,train,023_S_1104_MR_2007-06-14,2007-06-14,I56978,Image/ADNI_023_S_1104/2007-06-14/t1.nii.gz,Image/ADNI_023_S_1104/2007-06-14/seg.nii.gz,6.931668856767411,2007-06-14T10:02:31,65.08145106091717,0.0,0.5,0.0,ADNI,MPRAGE,0.4978026184825052,0.8263736263736263,0.6206896551724138,0.6032537391760693,0.6162674650698603,0.8846019465934615,0.5934600760456273,0.7583599421754118,0.4535819587218105,0.20490171335632765,0.18897149938042132,0.6171735241502684,0.011142061281337047,0.0380927011188066,0.7155727155727156,0.5441230318564628,0.6830089820359282,0.06097560975609756,0.6730663741086121
ADNI_023_S_4122,023_S_4122,train,023_S_4122_MR_2012-06-05,2012-06-05,I308172,Image/ADNI_023_S_4122/2012-06-05/t1.nii.gz,Image/ADNI_023_S_4122/2012-06-05/seg.nii.gz,0.0,2012-06-05T11:38:36,67.72073921971253,1.0,0.5,3.0,ADNI,MPRAGE,0.8613276165684097,0.6857142857142857,0.7750410509031199,0.2957229073733928,0.7130738522954092,0.5166957823808336,0.2719391634980989,0.8925161638786955,0.46999760937126467,0.4553573932307002,0.3017348203221809,0.44221824686940964,0.043020736614051376,0.20640206002486236,0.7657657657657657,0.5250823874038814,0.5247005988023952,0.25040650406504067,0.4349972572682392
ADNI_023_S_4122,023_S_4122,train,023_S_4122_MR_2013-03-05,2013-03-05,I362085,Image/ADNI_023_S_4122/2013-03-05/t1.nii.gz,Image/ADNI_023_S_4122/2013-03-05/seg.nii.gz,8.968462549277266,2013-03-05T11:08:40,68.46817248459959,1.0,0.5,1.0,ADNI,MPRAGE,0.8107648725212464,0.6901098901098901,0.7323481116584565,0.27630543164523746,0.6746506986027944,0.5006239081607188,0.18539923954372622,0.7938807606157365,0.4258984779663718,0.5474888533692269,0.31970260223048325,0.4261180679785331,0.047663262147941816,0.2176345231752797,0.6975546975546976,0.4957890882460637,0.47155688622754494,0.25691056910569104,0.4114097641250686
ADNI_023_S_4122,023_S_4122,train,023_S_4122_MR_2014-11-06,2014-11-06,I451520,Image/ADNI_023_S_4122/2014-11-06/t1.nii.gz,Image/ADNI_023_S_4122/2014-11-06/seg.nii.gz,29.040735873850196,2014-11-06T11:50:07,70.1409993155373,1.0,0.5,7.0,ADNI,MPRAGE,0.7671081846719241,0.6945054945054945,0.7151067323481116,0.2857517711886644,0.6921157684630739,0.47761417519341154,0.2479087452471483,0.7713069310076411,0.40996095306398916,0.5113569445612854,0.3190830235439901,0.39177101967799643,0.09408851748684617,0.26116586751909077,0.7014157014157014,0.47821310875137313,0.5291916167664671,0.2934959349593496,0.3987931980252331
ADNI_023_S_6547,023_S_6547,train,023_S_6547_MR_2018-08-07,2018-08-07,I1032282,Image/ADNI_023_S_6547/2018-08-07/t1.nii.gz,Image/ADNI_023_S_6547/2018-08-07/seg.nii.gz,0.0,2018-08-07T15:42:05,67.06365503080082,0.0,0.0,1.0,ADNI,Accelerated_Sagittal_MPRAGE,0.48414363371870456,0.5802197802197803,0.7471264367816092,0.3555497244817633,0.13972055888223553,0.4722236086848016,0.4308745247148289,0.5738613798471779,0.3285042632879114,0.5015843638708953,0.3017348203221809,0.5202146690518784,0.043949241720829466,0.266848694725626,0.46846846846846846,0.2449652142072501,0.40793413173652693,0.4268292682926829,0.4371914426769062
ADNI_023_S_6547,023_S_6547,train,023_S_6547_MR_2022-09-28,2022-09-28,I1623763,Image/ADNI_023_S_6547/2022-09-28/t1.nii.gz,Image/ADNI_023_S_6547/2022-09-28/seg.nii.gz,49.70433639947437,2022-09-28T08:48:07,71.2060232717317,0.0,0.0,0.0,ADNI,Accelerated_Sagittal_MPRAGE,0.5158410535181074,0.47912087912087914,0.7553366174055829,0.365258462345841,0.17714570858283432,0.44497130022460696,0.4229657794676806,0.5447425693815628,0.3039764124631445,0.5422169877457166,0.3475836431226766,0.49051878354203937,0.07675642216032189,0.3355975847984372,0.43114543114543114,0.23507872574148664,0.3589071856287425,0.5284552845528455,0.40098738343390017
ADNI_023_S_6547,023_S_6547,train,023_S_6547_MR_2025-03-11,2025-03-11,I11152569,Image/ADNI_023_S_6547/2025-03-11/t1.nii.gz,Image/ADNI_023_S_6547/2025-03-11/seg.nii.gz,79.10643889618922,2025-03-11T08:53:25,73.65639972621491,0.0,0.0,44.0,ADNI,Accelerated_Sagittal_MPRAGE__MSV21_,0.5575530204425388,0.45714285714285713,0.6986863711001642,0.3416426134872737,0.17914171656686625,0.42181182929872724,0.39756653992395435,0.4952262943017363,0.26655510399235,0.6363253974930596,0.3822800495662949,0.4636851520572451,0.10244506344784897,0.38265849760255727,0.5418275418275418,0.24569754668619553,0.32934131736526945,0.6056910569105691,0.37794843664289635
ADNI_024_S_6005,024_S_6005,train,024_S_6005_MR_2017-03-09,2017-03-09,I828694,Image/ADNI_024_S_6005/2017-03-09/t1.nii.gz,Image/ADNI_024_S_6005/2017-03-09/seg.nii.gz,0.0,2017-03-09T08:14:47,67.4798083504449,0.0,0.0,9.0,ADNI,Accelerated_Sagittal_MPRAGE,0.8892427838603476,0.6351648351648351,0.722495894909688,0.25347677774862243,0.14021956087824353,0.604092837534315,0.5604562737642586,0.7646825207707827,0.6775201211251892,0.45761476122374584,0.1976456009913259,0.6447227191413238,0.047044258743423086,0.08635233528680518,0.6782496782496783,0.1655071402416697,0.6182634730538922,0.22032520325203253,0.5831047723532639
ADNI_024_S_6005,024_S_6005,train,024_S_6005_MR_2019-03-25,2019-03-25,I1146857,Image/ADNI_024_S_6005/2019-03-25/t1.nii.gz,Image/ADNI_024_S_6005/2019-03-25/seg.nii.gz,24.50722733245729,2019-03-25T08:44:01,69.52224503764545,0.0,0.0,4.0,ADNI,Accelerated_Sagittal_MPRAGE,0.7313835081540464,0.7252747252747253,0.7110016420361248,0.21595381789556548,0.12025948103792415,0.5470426753181932,0.5309505703422053,0.723998792673434,0.627237230058172,0.41218698297860407,0.19083023543990088,0.6214669051878354,0.046115753636645,0.0920129639495649,0.5958815958815958,0.18894177956792385,0.6059131736526946,0.23658536585365852,0.5704882062534284
ADNI_024_S_6005,024_S_6005,train,024_S_6005_MR_2021-07-07,2021-07-07,I1464695,Image/ADNI_024_S_6005/2021-07-07/t1.nii.gz,Image/ADNI_024_S_6005/2021-07-07/seg.nii.gz,51.93823915900131,2021-07-07T09:33:37,71.80835044490075,0.0,0.0,14.0,ADNI,Accelerated_Sagittal_MPRAGE,0.6416200903453028,0.6021978021978022,0.7036124794745484,0.17501967987404882,0.06536926147704591,0.5364112802595458,0.4926235741444867,0.6292236572463423,0.5408558450872579,0.4964527074394997,0.19083023543990088,0.5774597495527728,0.047972763850201175,0.10879506304386433,0.5148005148005148,0.13621384108385207,0.561751497005988,0.2658536585365854,0.5485463521667581
ADNI_027_S_0074,027_S_0074,train,027_S_0074_MR_2005-12-09,2005-12-09,I9487,Image/ADNI_027_S_0074/2005-12-09/t1.nii.gz,Image/ADNI_027_S_0074/2005-12-09/seg.nii.gz,0.0,2005-12-09T10:31:57,78.2340862422998,1.0,0.0,32.0,ADNI,MP-RAGE,0.45717785774443,0.17582417582417584,0.674055829228243,0.2841773812647599,0.26746506986027946,0.18198153231844272,0.20076045627376427,0.5376256969928037,0.2925651446330385,0.40074591290204986,0.42193308550185876,0.3409660107334526,0.12875270813989476,0.6725048836796306,0.3745173745173745,0.2002929329915782,0.35441616766467066,0.32682926829268294,0.3296763576522216
ADNI_027_S_0074,027_S_0074,train,027_S_0074_MR_2006-07-07,2006-07-07,I18233,Image/ADNI_027_S_0074/2006-07-07/t1.nii.gz,Image/ADNI_027_S_0074/2006-07-07/seg.nii.gz,6.898817345597897,2006-07-07T13:17:07,78.80903490759754,1.0,0.0,0.0,ADNI,MP-RAGE,0.47209248908965623,0.17362637362637362,0.6732348111658456,0.28391498294410916,0.2619760479041916,0.23588719740454206,0.2538403041825095,0.490158699899919,0.28209419077217307,0.442374022040885,0.4541511771995043,0.31735241502683365,0.1392757660167131,0.6778769312733085,0.42084942084942084,0.17356279751006956,0.4023203592814371,0.3300813008130081,0.2627537026878771
ADNI_027_S_0074,027_S_0074,train,027_S_0074_MR_2006-12-27,2006-12-27,I34644,Image/ADNI_027_S_0074/2006-12-27/t1.nii.gz,Image/ADNI_027_S_0074/2006-12-27/seg.nii.gz,12.582128777923783,2006-12-27T13:31:55,79.2826830937714,1.0,0.0,16.0,ADNI,MP-RAGE,0.4564428451114004,0.15164835164835164,0.6929392446633826,0.27131986355287324,0.2949101796407186,0.21956575992013977,0.21140684410646388,0.5157190741711545,0.2641485377320902,0.4342699307366591,0.44423791821561337,0.32737030411449014,0.12503868771278243,0.6735260166933049,0.3667953667953668,0.14353716587330648,0.37013473053892215,0.34065040650406503,0.3033461327482172
ADNI_027_S_0074,027_S_0074,train,027_S_0074_MR_2008-01-07,2008-01-07,I86850,Image/ADNI_027_S_0074/2008-01-07/t1.nii.gz,Image/ADNI_027_S_0074/2008-01-07/seg.nii.gz,24.93429697766097,2008-01-07T13:30:36,80.31211498973306,1.0,0.0,2.0,ADNI,MP-RAGE,0.47875354107648727,0.14945054945054945,0.6420361247947455,0.2731566517974285,0.32335329341317365,0.2576990267032693,0.24,0.44032470730273715,0.3035620368156825,0.46574689436639466,0.44671623296158613,0.3252236135957066,0.12287217579696688,0.6843589060557628,0.3436293436293436,0.16294397656536067,0.3596556886227545,0.3439024390243902,0.3263850795392211
ADNI_027_S_0074,027_S_0074,train,027_S_0074_MR_2009-01-13,2009-01-13,I133523,Image/ADNI_027_S_0074/2009-01-13/t1.nii.gz,Image/ADNI_027_S_0074/2009-01-13/seg.nii.gz,37.155059132720105,2009-01-13T11:17:36,81.3305954825462,1.0,0.0,2.0,ADNI,MP-RAGE,0.4437026261388868,0.11648351648351649,0.6691297208538588,0.26502230385725534,0.2754491017964072,0.27556775642625403,0.23178707224334602,0.43972104401976203,0.2390628735357399,0.4777628221306189,0.47335811648079307,0.3220035778175313,0.15134633240482823,0.699875688154857,0.32432432432432434,0.14719882826803368,0.35217065868263475,0.36097560975609755,0.3132199670872189
ADNI_027_S_0074,027_S_0074,train,027_S_0074_MR_2010-01-05,2010-01-05,I162251,Image/ADNI_027_S_0074/2010-01-05/t1.nii.gz,Image/ADNI_027_S_0074/2010-01-05/seg.nii.gz,48.88304862023653,2010-01-05T08:50:03,82.30800821355236,1.0,0.0,2.0,ADNI,MP-RAGE,0.43854222494449124,0.14505494505494507,0.6510673234811166,0.2584623458409866,0.3213572854291417,0.2161217868729723,0.15756653992395436,0.44914136840934726,0.23651286955135867,0.4897366871372087,0.4473358116480793,0.30983899821109123,0.14639430516867843,0.704115610015983,0.323037323037323,0.13804467228121567,0.33869760479041916,0.35609756097560974,0.2945693911135491
ADNI_027_S_0074,027_S_0074,train,027_S_0074_MR_2010-12-27,2010-12-27,I209535,Image/ADNI_027_S_0074/2010-12-27/t1.nii.gz,Image/ADNI_027_S_0074/2010-12-27/seg.nii.gz,60.57818659658344,2010-12-27T14:40:45,83.2826830937714,1.0,0.0,0.0,ADNI,MP-RAGE,0.435770614807442,0.14505494505494507,0.6551724137931034,0.25032799790081345,0.3507984031936128,0.1906663339156476,0.16273764258555132,0.4480452429744714,0.23149254920710813,0.48799809315498727,0.4560099132589839,0.29838998211091233,0.14948932219127206,0.7225847984372226,0.3564993564993565,0.13548150860490663,0.32934131736526945,0.359349593495935,0.2660449808008777
ADNI_027_S_0074,027_S_0074,train,027_S_0074_MR_2012-01-03,2012-01-03,I275380,Image/ADNI_027_S_0074/2012-01-03/t1.nii.gz,Image/ADNI_027_S_0074/2012-01-03/seg.nii.gz,72.79894875164257,2012-01-03T11:29:19,84.30116358658454,1.0,0.0,2.0,ADNI,IR-FSPGR,0.475323482122349,0.15824175824175823,0.6280788177339901,0.25321437942797165,0.3847305389221557,0.22670326927876217,0.16212927756653991,0.4647571843873612,0.23836162244003506,0.4882504697007936,0.4838909541511772,0.3470483005366726,0.14144227793252864,0.7297549280767182,0.3333333333333333,0.13584767484437935,0.2578592814371258,0.36910569105691055,0.28250137136588044
ADNI_027_S_0074,027_S_0074,train,027_S_0074_MR_2012-12-17,2012-12-17,I352141,Image/ADNI_027_S_0074/2012-12-17/t1.nii.gz,Image/ADNI_027_S_0074/2012-12-17/seg.nii.gz,84.26412614980289,2012-12-17T13:20:54,85.25667351129364,1.0,0.0,4.0,ADNI,IR-FSPGR,0.4172727968761963,0.12747252747252746,0.6198686371100164,0.22146418262923118,0.38872255489021956,0.16361367606688296,0.10844106463878327,0.42043559071629416,0.22809785640290062,0.5006870250413618,0.47026022304832715,0.2991055456171735,0.1612503868771278,0.7443837684247914,0.31402831402831405,0.13548150860490663,0.2616017964071856,0.37317073170731707,0.251782775644542
ADNI_027_S_0074,027_S_0074,train,027_S_0074_MR_2014-01-23,2014-01-23,I415543,Image/ADNI_027_S_0074/2014-01-23/t1.nii.gz,Image/ADNI_027_S_0074/2014-01-23/seg.nii.gz,97.47043363994743,2014-01-23T10:36:43,86.35728952772074,1.0,0.0,7.0,ADNI,IR-FSPGR_REPEAT,0.4804685705535564,0.12747252747252746,0.5911330049261084,0.21700341117816846,0.36926147704590817,0.2157723983029698,0.1508745247148289,0.40728208549778394,0.21488564825882542,0.5522139031434901,0.5043370508054523,0.30304114490161,0.1606313834726091,0.7644290534540934,0.29987129987129985,0.14097400219699743,0.23877245508982037,0.37886178861788616,0.2292923752057049
ADNI_027_S_0074,027_S_0074,train,027_S_0074_MR_2015-02-13,2015-02-13,I473733,Image/ADNI_027_S_0074/2015-02-13/t1.nii.gz,Image/ADNI_027_S_0074/2015-02-13/seg.nii.gz,110.15111695137976,2015-02-13T09:52:18,87.41409993155374,1.0,0.0,8.0,ADNI,IR-FSPGR_REPEAT,0.4577903682719547,0.0945054945054945,0.5919540229885057,0.19601154552610864,0.41467065868263475,0.1366608435238333,0.10129277566539924,0.4149390776660471,0.20557813371583394,0.5421328622304479,0.5204460966542751,0.2908765652951699,0.19251005880532343,0.7940419108506482,0.26640926640926643,0.1208348590259978,0.19535928143712575,0.37398373983739835,0.24465167306637411
ADNI_027_S_0074,027_S_0074,train,027_S_0074_MR_2019-01-24,2019-01-24,I1120324,Image/ADNI_027_S_0074/2019-01-24/t1.nii.gz,Image/ADNI_027_S_0074/2019-01-24/seg.nii.gz,157.49014454664913,2019-01-24T10:08:13,91.35934291581108,1.0,0.0,2.0,ADNI,Accelerated_Sagittal_IR-FSPGR,0.3989281065768318,0.03296703296703297,0.5706075533661741,0.2017843085804251,0.3463073852295409,0.2722735213376591,0.057946768060836505,0.41498673529365043,0.11057454777273089,0.5116233420263032,0.5322180916976456,0.26833631484794274,0.233983286908078,0.8352424080980287,0.23680823680823682,0.09337239106554375,0.23016467065868262,0.4065040650406504,0.26988480526604497
ADNI_027_S_0074,027_S_0074,train,027_S_0074_MR_2021-01-21,2021-01-21,I1401760,Image/ADNI_027_S_0074/2021-01-21/t1.nii.gz,Image/ADNI_027_S_0074/2021-01-21/seg.nii.gz,181.4060446780552,2021-01-21T11:21:14,93.35249828884326,1.0,0.0,10.0,ADNI,Accelerated_Sagittal_IR-FSPGR,0.37603552561059644,0.015384615384615385,0.6018062397372742,0.17423248491209656,0.4226546906187625,0.23428999251310206,0.06463878326996197,0.3977664458529921,0.09817515339867719,0.5193068057541852,0.5452292441140025,0.22719141323792486,0.255338904363974,0.8512475581601847,0.2084942084942085,0.12229952398388869,0.16429640718562874,0.3983739837398374,0.21009325287986835
ADNI_027_S_0404,027_S_0404,train,027_S_0404_MR_2006-04-27,2006-04-27,I14392,Image/ADNI_027_S_0404/2006-04-27/t1.nii.gz,Image/ADNI_027_S_0404/2006-04-27/seg.nii.gz,0.0,2006-04-27T16:28:47,87.86584531143053,0.0,1.0,15.0,ADNI,MP-RAGE,0.20888140264910804,0.2571428571428571,0.31773399014778325,0.16714773025452637,0.3083832335329341,0.3293236835537809,0.24577946768060838,0.2346661583186389,0.14621085345445853,0.7853397268724938,0.36926889714993805,0.17531305903398928,0.25410089755493653,0.28249866808737345,0.3680823680823681,0.13218601244965214,0.3342065868263473,0.45691056910569106,0.2852441031267142
ADNI_027_S_0404,027_S_0404,train,027_S_0404_MR_2006-11-20,2006-11-20,I30249,Image/ADNI_027_S_0404/2006-11-20/t1.nii.gz,Image/ADNI_027_S_0404/2006-11-20/seg.nii.gz,6.800262812089356,2006-11-20T13:44:33,88.43258042436688,0.0,1.0,3.0,ADNI,MP-RAGE,0.3076640379756527,0.2549450549450549,0.30623973727422005,0.18997638415114143,0.2969061876247505,0.34120289493386574,0.28973384030418253,0.2666920840680551,0.20503625786915292,0.7842040324163653,0.35811648079306074,0.20178890876565295,0.25719591457753016,0.28287604333155747,0.287001287001287,0.1365800073233248,0.4094311377245509,0.46747967479674796,0.2868897421832145
ADNI_027_S_0404,027_S_0404,train,027_S_0404_MR_2007-05-09,2007-05-09,I54056,Image/ADNI_027_S_0404/2007-05-09/t1.nii.gz,Image/ADNI_027_S_0404/2007-05-09/seg.nii.gz,12.3850197109067,2007-05-09T12:56:19,88.89801505817933,0.0,1.0,1.0,ADNI,MP-RAGE,0.0,0.22637362637362637,0.2684729064039409,0.14510627131986356,0.28043912175648705,0.2801098078362865,0.20958174904942967,0.16607094632162545,0.13663240098812654,0.700344914612602,0.3190830235439901,0.14919499105545617,0.24295883627359952,0.2660717456934825,0.323037323037323,0.11131453679970707,0.30351796407185627,0.4219512195121951,0.24410312671420736
ADNI_027_S_0404,027_S_0404,train,027_S_0404_MR_2008-05-13,2008-05-13,I105405,Image/ADNI_027_S_0404/2008-05-13/t1.nii.gz,Image/ADNI_027_S_0404/2008-05-13/seg.nii.gz,24.540078843626805,2008-05-13T10:33:22,89.91101984941821,0.0,1.0,1.0,ADNI,MP-RAGE,0.007916698568256641,0.210989010989011,0.23316912972085385,0.15927578063500394,0.25,0.3212877464437235,0.22813688212927757,0.1393509031120431,0.11046298509841422,0.7331678864866381,0.32899628252788105,0.13846153846153847,0.27978953884246366,0.27626087728645,0.3384813384813385,0.09337239106554375,0.31549401197604793,0.45447154471544715,0.2501371365880417
ADNI_027_S_0485,027_S_0485,train,027_S_0485_MR_2006-05-08,2006-05-08,I14928,Image/ADNI_027_S_0485/2006-05-08/t1.nii.gz,Image/ADNI_027_S_0485/2006-05-08/seg.nii.gz,0.0,2006-05-08T17:10:44,64.39425051334702,1.0,0.5,17.0,ADNI,MP-RAGE,0.3810427991731108,0.4461538461538462,0.6789819376026273,0.36132248753607976,0.3208582834331337,0.3725979535812328,0.2679847908745247,0.41892643250885636,0.4642441628815045,0.42437116177336587,0.26084262701363076,0.5152057245080501,0.13060971835345095,0.30895933226780325,0.7181467181467182,0.3233247894544123,0.4476047904191617,0.3796747967479675,0.5924300603400987
ADNI_027_S_0485,027_S_0485,train,027_S_0485_MR_2006-11-17,2006-11-17,I30210,Image/ADNI_027_S_0485/2006-11-17/t1.nii.gz,Image/ADNI_027_S_0485/2006-11-17/seg.nii.gz,6.340341655716163,2006-11-17T15:24:29,64.92265571526352,1.0,0.5,4.0,ADNI,MP-RAGE,0.3988362299977031,0.45494505494505494,0.6912972085385879,0.33928102860141696,0.4001996007984032,0.34714250062390817,0.25627376425855514,0.4135570064655515,0.43974818710654234,0.46555060149743416,0.26765799256505574,0.504830053667263,0.1467038068709378,0.3193482507547505,0.7104247104247104,0.3573782497253753,0.4532185628742515,0.38699186991869916,0.5814591332967636
ADNI_027_S_0485,027_S_0485,train,027_S_0485_MR_2007-05-30,2007-05-30,I55618,Image/ADNI_027_S_0485/2007-05-30/t1.nii.gz,Image/ADNI_027_S_0485/2007-05-30/seg.nii.gz,12.713534822601838,2007-05-30T13:26:36,65.45379876796714,1.0,0.5,15.0,ADNI,MP-RAGE,0.3367123497435112,0.4835164835164835,0.6666666666666666,0.3594856992915245,0.4036926147704591,0.3227851260294485,0.2600760456273764,0.3815151948402675,0.4039046936010838,0.4658310198816634,0.26270136307311026,0.48085867620751344,0.15289384091612504,0.3335775173148641,0.61003861003861,0.37056023434639324,0.41130239520958084,0.4040650406504065,0.6538672517827756
ADNI_027_S_0485,027_S_0485,train,027_S_0485_MR_2007-11-06,2007-11-06,I80992,Image/ADNI_027_S_0485/2007-11-06/t1.nii.gz,Image/ADNI_027_S_0485/2007-11-06/seg.nii.gz,17.969776609724047,2007-11-06T11:26:29,65.89185489390829,1.0,0.5,6.0,ADNI,MP-RAGE,0.2987673225633566,0.4593406593406593,0.7118226600985221,0.3962214641826292,0.34530938123752497,0.40454205141003247,0.28699619771863116,0.3355414700789528,0.36986214040959436,0.4762625837749923,0.27695167286245354,0.5234347048300537,0.14546580006190035,0.333066950808027,0.6640926640926641,0.3346759428780666,0.41130239520958084,0.4,0.5946242457487658
ADNI_027_S_2336,027_S_2336,train,027_S_2336_MR_2011-10-25,2011-10-25,I262625,Image/ADNI_027_S_2336/2011-10-25/t1.nii.gz,Image/ADNI_027_S_2336/2011-10-25/seg.nii.gz,0.0,2011-10-25T19:24:45,73.52772073921972,0.0,0.5,7.0,ADNI,SAG_IR-SPGR,0.552101676747569,0.4175824175824176,0.7463054187192119,0.3705064287588559,0.3597804391217565,0.4185175942101323,0.42342205323193916,0.6192473272013852,0.387170292453582,0.4816746585906172,0.48203221809169766,0.6583184257602862,0.051686784277313526,0.23501598295151838,0.4942084942084942,0.5785426583668986,0.4101796407185629,0.21300813008130082,0.4810751508502468
ADNI_027_S_2336,027_S_2336,train,027_S_2336_MR_2012-03-26,2012-03-26,I293862,Image/ADNI_027_S_2336/2012-03-26/t1.nii.gz,Image/ADNI_027_S_2336/2012-03-26/seg.nii.gz,5.026281208935611,2012-03-26T12:50:18,73.94661190965093,0.0,0.5,4.0,ADNI,SAG_IR-SPGR,0.31919454865630503,0.4087912087912088,0.7167487684729064,0.22802414064549986,0.31686626746506985,0.3291240329423509,0.3236501901140684,0.5364183704268535,0.29627858793529366,0.4709065926362132,0.4684014869888476,0.6125223613595706,0.06251934385639121,0.23752441839815308,0.4517374517374517,0.5016477480776272,0.36227544910179643,0.21707317073170732,0.4585847504114098
ADNI_027_S_2336,027_S_2336,train,027_S_2336_MR_2013-05-02,2013-05-02,I369912,Image/ADNI_027_S_2336/2013-05-02/t1.nii.gz,Image/ADNI_027_S_2336/2013-05-02/seg.nii.gz,18.232588699080157,2013-05-02T14:15:28,75.04722792607802,0.0,0.5,16.0,ADNI,Sag_IR-FSPGR,0.1749483194242401,0.3978021978021978,0.680623973727422,0.2665966937811598,0.28592814371257486,0.35013725979535815,0.30585551330798477,0.4388632067229027,0.25767790262172285,0.45605843919127337,0.4566294919454771,0.5824686940966011,0.05478180129990715,0.24342923104244363,0.3359073359073359,0.4459904796777737,0.34281437125748504,0.21544715447154472,0.4695556774547449
ADNI_027_S_2336,027_S_2336,train,027_S_2336_MR_2014-04-25,2014-04-25,I421708,Image/ADNI_027_S_2336/2014-04-25/t1.nii.gz,Image/ADNI_027_S_2336/2014-04-25/seg.nii.gz,29.993429697766096,2014-04-25T11:50:14,76.02737850787132,0.0,0.5,4.0,ADNI,Sag_IR-FSPGR,0.17678585100681418,0.34725274725274724,0.7027914614121511,0.1986355287326161,0.2744510978043912,0.3163463938108311,0.2977946768060836,0.4241528856693514,0.20699657343214597,0.5030285185496761,0.476456009913259,0.5338103756708408,0.0882079851439183,0.2837639850825786,0.32947232947232946,0.4602709630172098,0.3304640718562874,0.2577235772357724,0.4750411409764125
ADNI_027_S_2336,027_S_2336,train,027_S_2336_MR_2015-04-14,2015-04-14,I486884,Image/ADNI_027_S_2336/2015-04-14/t1.nii.gz,Image/ADNI_027_S_2336/2015-04-14/seg.nii.gz,41.62286465177398,2015-04-14T13:20:52,76.99657768651609,0.0,0.5,5.0,ADNI,Sag_IR-FSPGR,0.24324324324324326,0.35384615384615387,0.6444991789819376,0.22802414064549986,0.282435129740519,0.33865734963813326,0.30737642585551334,0.38359624457894487,0.22661566658697904,0.554541375732593,0.45848822800495664,0.5291592128801431,0.1046115753636645,0.31459776238678744,0.3861003861003861,0.4511168070303918,0.31923652694610777,0.26991869918699185,0.4827207899067471
ADNI_027_S_4964,027_S_4964,train,027_S_4964_MR_2013-04-23,2013-04-23,I368490,Image/ADNI_027_S_4964/2013-04-23/t1.nii.gz,Image/ADNI_027_S_4964/2013-04-23/seg.nii.gz,0.0,2013-04-23T16:22:26,81.52224503764545,1.0,1.0,1.0,ADNI,Sag_IR-FSPGR,0.4159865247683945,0.35604395604395606,0.3981937602627258,0.044345316189976385,0.33532934131736525,0.5429498377838782,0.18007604562737642,0.4074727160081971,0.21866284166069008,0.6244917416785845,0.6078066914498141,0.1520572450805009,0.3955431754874652,0.37591014029479664,0.5096525096525096,0.30318564628341266,0.2675898203592814,0.8089430894308943,0.3834339001645639
ADNI_027_S_4964,027_S_4964,train,027_S_4964_MR_2013-10-08,2013-10-08,I394005,Image/ADNI_027_S_4964/2013-10-08/t1.nii.gz,Image/ADNI_027_S_4964/2013-10-08/seg.nii.gz,5.519053876478318,2013-10-08T15:28:12,81.98220396988364,1.0,1.0,1.0,ADNI,Sag_IR-FSPGR,0.3967996324936835,0.34945054945054943,0.36042692939244664,0.0,0.32285429141716565,0.48335413027202395,0.1590874524714829,0.3454065989928355,0.2171965893696709,0.6754998457698886,0.6028500619578686,0.10554561717352415,0.4292788610337357,0.39455691706624046,0.5328185328185329,0.3042841450018308,0.2215568862275449,0.8146341463414634,0.3653318705430609
ADNI_027_S_5169,027_S_5169,test,027_S_5169_MR_2015-06-05,2015-06-05,I495956,Image/ADNI_027_S_5169/2015-06-05/t1.nii.gz,Image/ADNI_027_S_5169/2015-06-05/seg.nii.gz,0.0,2015-06-05T11:14:18,67.80561259411363,0.0,0.0,6.0,ADNI,Accelerated_Sag_IR-FSPGR,0.6560294005053212,0.7032967032967034,0.8349753694581281,0.6392023091052217,0.3263473053892216,0.6165710007486898,0.44866920152091255,0.8756930213347313,0.654187584668101,0.1255433106194442,0.19144981412639406,0.7270125223613596,0.025379139585267718,0.09403303143313799,0.6833976833976834,0.47491761259611864,0.7148203592814372,0.05121951219512195,0.5880416895227647
ADNI_027_S_5169,027_S_5169,test,027_S_5169_MR_2019-08-19,2019-08-19,I1214136,Image/ADNI_027_S_5169/2019-08-19/t1.nii.gz,Image/ADNI_027_S_5169/2019-08-19/seg.nii.gz,50.45992115637319,2019-08-19T11:37:49,72.01095140314852,0.0,0.0,5.0,ADNI,Accelerated_Sagittal_IR-FSPGR,0.6718627976418344,0.7450549450549451,0.8981937602627258,0.6483862503279979,0.3033932135728543,0.6168205640129772,0.37961977186311785,0.8907528316573734,0.5836640369750578,0.17101315162222036,0.22057001239157373,0.7452593917710196,0.014856081708449397,0.12788581069081867,0.7593307593307593,0.4511168070303918,0.6860029940119761,0.08292682926829269,0.6357652221612726
ADNI_027_S_5169,027_S_5169,test,027_S_5169_MR_2024-07-12,2024-07-12,I10955631,Image/ADNI_027_S_5169/2024-07-12/t1.nii.gz,Image/ADNI_027_S_5169/2024-07-12/seg.nii.gz,109.23127463863337,2024-07-12T13:33:14,76.90896646132786,0.0,0.0,15.0,ADNI,Accelerated_Sagittal_MPRAGE__MSV22_,0.6051144629048312,0.6571428571428571,0.7536945812807881,0.6554710049855681,0.25149700598802394,0.5726478662340904,0.44106463878326996,0.7049833992597182,0.5648577575902463,0.2868680070665433,0.25650557620817843,0.6139534883720931,0.03961621788919839,0.16453560646421594,0.5804375804375804,0.41047235444891983,0.6744011976047904,0.12682926829268293,0.5430608886450905
ADNI_027_S_5288,027_S_5288,train,027_S_5288_MR_2015-10-05,2015-10-05,I522467,Image/ADNI_027_S_5288/2015-10-05/t1.nii.gz,Image/ADNI_027_S_5288/2015-10-05/seg.nii.gz,0.0,2015-10-05T10:22:33,83.97262149212868,0.0,0.0,11.0,ADNI,Sag_IR-FSPGR,0.6048082076410688,0.4197802197802198,0.7110016420361248,0.3628968774599843,0.3033932135728543,0.3449463438981782,0.3151330798479087,0.6622027355478244,0.38803091879831064,0.4364011104568015,0.4033457249070632,0.5674418604651162,0.2822655524605385,0.3566418042976381,0.5637065637065637,0.5188575613328451,0.4277694610778443,0.4373983739837398,0.6050466264399341
ADNI_027_S_5288,027_S_5288,train,027_S_5288_MR_2019-10-31,2019-10-31,I1251784,Image/ADNI_027_S_5288/2019-10-31/t1.nii.gz,Image/ADNI_027_S_5288/2019-10-31/seg.nii.gz,48.85019710906702,2019-10-31T15:50:04,88.04380561259411,0.0,0.0,30.0,ADNI,Accelerated_Sagittal_IR-FSPGR,0.6396141183676595,0.2857142857142857,0.687192118226601,0.33560745211230647,0.3907185628742515,0.3501871724482156,0.28334600760456274,0.6124005147023781,0.32687863574786835,0.5057205350382771,0.44175960346964066,0.4915921288014311,0.421850820179511,0.4499200852424081,0.5637065637065637,0.49322592456975467,0.41130239520958084,0.5121951219512195,0.573779484366429
ADNI_027_S_5288,027_S_5288,train,027_S_5288_MR_2021-10-12,2021-10-12,I1504118,Image/ADNI_027_S_5288/2021-10-12/t1.nii.gz,Image/ADNI_027_S_5288/2021-10-12/seg.nii.gz,72.24047306176084,2021-10-12T12:52:32,89.99315537303217,0.0,0.0,6.0,ADNI,Accelerated_Sagittal_IR-FSPGR,0.6263992037363142,0.3230769230769231,0.6059113300492611,0.3450537916557334,0.4251497005988024,0.3040179685550287,0.31133079847908746,0.6011850863397353,0.32973145270539483,0.49655085387397996,0.39714993804213133,0.4493738819320215,0.4753946146703807,0.47402770378263187,0.5778635778635779,0.47125595020139144,0.4199101796407186,0.516260162601626,0.5671969281404279
ADNI_027_S_6643,027_S_6643,train,027_S_6643_MR_2018-12-26,2018-12-26,I1100527,Image/ADNI_027_S_6643/2018-12-26/t1.nii.gz,Image/ADNI_027_S_6643/2018-12-26/seg.nii.gz,0.0,2018-12-26T12:23:55,56.44900752908966,1.0,0.5,19.0,ADNI,Accelerated_Sagittal_IR-FSPGR,0.4725059336957354,0.756043956043956,1.0,0.6132248753607977,0.49251497005988026,0.8350386823059646,0.5411406844106463,0.8463041509793643,0.5682365128695513,0.01968537057289476,0.27261462205700127,0.9821109123434705,0.014546580006190035,0.02213194814420174,0.5855855855855856,0.511168070303918,0.5868263473053892,0.0040650406504065045,0.6818431157432803
ADNI_027_S_6643,027_S_6643,train,027_S_6643_MR_2020-01-31,2020-01-31,I1283746,Image/ADNI_027_S_6643/2020-01-31/t1.nii.gz,Image/ADNI_027_S_6643/2020-01-31/seg.nii.gz,13.173455978975033,2020-01-31T13:01:31,57.54688569472964,1.0,0.5,0.0,ADNI,Accelerated_Sagittal_IR-FSPGR,0.5101600183753158,0.7692307692307693,0.9408866995073891,0.6050905274206245,0.5219560878243513,0.8294983778387821,0.5501140684410646,0.8770592066593592,0.5975615586899354,0.0,0.28314745972738536,0.9817531305903399,0.017022593624264934,0.020200674835730775,0.528957528957529,0.5408275357012083,0.6130239520958084,0.0,0.757542512342293
ADNI_027_S_6643,027_S_6643,train,027_S_6643_MR_2024-06-27,2024-06-27,I10887676,Image/ADNI_027_S_6643/2024-06-27/t1.nii.gz,Image/ADNI_027_S_6643/2024-06-27/seg.nii.gz,66.03153745072274,2024-06-27T09:08:23,61.95208761122519,1.0,0.5,1.0,ADNI,Accelerated_Sag_IR-FSPGR__MSV21_,0.5358854605313529,0.7714285714285715,0.8908045977011494,0.607714510627132,0.4810379241516966,0.7663588719740454,0.6130798479087453,0.8275270457036649,0.5708502669535421,0.09441686996999524,0.30793060718711274,0.9524150268336314,0.03218817703497369,0.043420351624933406,0.6061776061776062,0.5232515562065178,0.5385479041916168,0.026016260162601626,0.6615469007131103
ADNI_029_S_0845,029_S_0845,train,029_S_0845_MR_2006-09-12,2006-09-12,I24249,Image/ADNI_029_S_0845/2006-09-12/t1.nii.gz,Image/ADNI_029_S_0845/2006-09-12/seg.nii.gz,0.0,2006-09-12T12:24:22,80.32854209445586,1.0,0.0,9.0,ADNI,MP-RAGE,0.34651251818390627,0.11868131868131868,0.4482758620689655,0.2353712936237208,0.26047904191616766,0.31669578238083357,0.2874524714828897,0.0819711194776724,0.20194437803809068,0.6962648271220662,0.6171003717472119,0.15742397137745975,0.7740637573506655,0.719077428520689,0.21235521235521235,0.06114976199194434,0.13809880239520958,0.7910569105691057,0.23368074602303895
ADNI_029_S_0845,029_S_0845,train,029_S_0845_MR_2007-04-02,2007-04-02,I47780,Image/ADNI_029_S_0845/2007-04-02/t1.nii.gz,Image/ADNI_029_S_0845/2007-04-02/seg.nii.gz,6.636005256241787,2007-04-02T12:25:36,80.88158795345653,1.0,0.0,11.0,ADNI,MP-RAGE,0.386295076946635,0.14945054945054945,0.37520525451559933,0.2117554447651535,0.17115768463073852,0.2880958322934864,0.2947528517110266,0.055695880792387485,0.21254283209817515,0.7315975435349541,0.6319702602230484,0.14740608228980323,0.8399876199319096,0.7599671461552122,0.20463320463320464,0.02892713291834493,0.1122754491017964,0.8056910569105691,0.2501371365880417
ADNI_029_S_0845,029_S_0845,train,029_S_0845_MR_2007-09-20,2007-09-20,I74852,Image/ADNI_029_S_0845/2007-09-20/t1.nii.gz,Image/ADNI_029_S_0845/2007-09-20/seg.nii.gz,12.253613666228645,2007-09-20T11:59:02,81.34976043805612,1.0,0.0,8.0,ADNI,MP-RAGE,0.44757675522548046,0.16483516483516483,0.43267651888341546,0.24612962477040146,0.34930139720558884,0.32268530072373347,0.3358174904942966,0.09703092980031454,0.22585066539166468,0.7111410224054289,0.6555142503097894,0.17280858676207514,0.8406066233364283,0.7662493340436868,0.25868725868725867,0.04540461369461735,0.11751497005988024,0.7780487804878049,0.26933625891387825
ADNI_029_S_0845,029_S_0845,train,029_S_0845_MR_2008-10-13,2008-10-13,I120668,Image/ADNI_029_S_0845/2008-10-13/t1.nii.gz,Image/ADNI_029_S_0845/2008-10-13/seg.nii.gz,25.03285151116951,2008-10-13T14:59:09,82.41478439425052,1.0,0.0,20.0,ADNI,MP-RAGE,0.38667789602633795,0.08571428571428572,0.319376026272578,0.19338756231960116,0.20808383233532934,0.2646368854504617,0.30585551330798477,0.04513177334032312,0.21027970356203682,0.7231148874120187,0.6425030978934325,0.16135957066189624,0.9049829774063758,0.8019001953471853,0.22522522522522523,0.011351153423654338,0.07110778443113773,0.7845528455284553,0.2172243554580362
ADNI_029_S_0845,029_S_0845,train,029_S_0845_MR_2009-10-14,2009-10-14,I157191,Image/ADNI_029_S_0845/2009-10-14/t1.nii.gz,Image/ADNI_029_S_0845/2009-10-14/seg.nii.gz,37.056504599211564,2009-10-14T13:57:23,83.41683778234086,1.0,0.0,14.0,ADNI,MP-RAGE,0.37651022126942807,0.11648351648351649,0.23809523809523808,0.1941747572815534,0.25,0.29907661592213625,0.3114828897338403,0.0,0.20839907562355567,0.7058130731050728,0.6877323420074349,0.2178890876565295,1.0,0.8607041378085598,0.1364221364221364,0.0,0.0,0.6723577235772358,0.2397147558968733
ADNI_029_S_4279,029_S_4279,train,029_S_4279_MR_2012-07-16,2012-07-16,I316679,Image/ADNI_029_S_4279/2012-07-16/t1.nii.gz,Image/ADNI_029_S_4279/2012-07-16/seg.nii.gz,0.0,2012-07-16T10:30:57,84.50102669404518,1.0,0.0,2.0,ADNI,IR-SPGR,0.3837378454942194,0.3956043956043956,0.7635467980295566,0.12254001574389924,0.18063872255489022,0.1672572997254804,0.00532319391634981,0.5668080509618898,0.24801976253087896,0.6041614088219623,0.17657992565055763,0.4962432915921288,0.18415351284432063,0.3013896288403481,0.3088803088803089,0.30465031124130354,0.30501497005988026,0.48048780487804876,0.34339001645639056
ADNI_029_S_4279,029_S_4279,train,029_S_4279_MR_2013-01-18,2013-01-18,I356046,Image/ADNI_029_S_4279/2013-01-18/t1.nii.gz,Image/ADNI_029_S_4279/2013-01-18/seg.nii.gz,6.110381077529566,2013-01-18T10:35:19,85.01026694045174,1.0,0.0,1.0,ADNI,Sag_IR-FSPGR,0.36251435571548885,0.421978021978022,0.7364532019704434,0.13251115192862767,0.1996007984031936,0.1759920139755428,0.0,0.5759106578341197,0.2377719340186469,0.5797930512324388,0.18711276332094176,0.5098389982110912,0.17332095326524297,0.3047194104066773,0.28442728442728443,0.3130721347491761,0.312125748502994,0.4878048780487805,0.3571036752605595
ADNI_031_S_0294,031_S_0294,test,031_S_0294_MR_2006-03-16,2006-03-16,I12065,Image/ADNI_031_S_0294/2006-03-16/t1.nii.gz,Image/ADNI_031_S_0294/2006-03-16/seg.nii.gz,0.0,2006-03-16T12:14:32,79.24982888432581,1.0,0.5,36.0,ADNI,MP-RAGE,0.4717556082995176,0.34065934065934067,0.5632183908045977,0.11702965101023353,0.045409181636726546,-0.007886199151484901,0.13307984790874525,0.2617515766731799,0.4776794963742131,0.806945963377359,0.40086741016109045,0.3509838998211091,0.12472918601052306,0.30687266915290357,0.5366795366795367,0.21567191504943245,0.10853293413173652,0.3886178861788618,0.34393856280855734
ADNI_031_S_0294,031_S_0294,test,031_S_0294_MR_2006-10-03,2006-10-03,I25629,Image/ADNI_031_S_0294/2006-10-03/t1.nii.gz,Image/ADNI_031_S_0294/2006-10-03/seg.nii.gz,6.603153745072273,2006-10-03T14:39:49,79.80013689253936,1.0,0.5,7.0,ADNI,MP-RAGE,0.5473700329224409,0.34065934065934067,0.5467980295566502,0.1222776174232485,0.05289421157684631,0.0017968555028699776,0.09961977186311786,0.2988927544520167,0.4885967009323452,0.8326042455343372,0.3990086741016109,0.3674418604651163,0.1145156298359641,0.3063621026460664,0.47619047619047616,0.2255584035151959,0.12050898203592815,0.4040650406504065,0.3867251782775645
ADNI_031_S_0294,031_S_0294,test,031_S_0294_MR_2007-04-04,2007-04-04,I49057,Image/ADNI_031_S_0294/2007-04-04/t1.nii.gz,Image/ADNI_031_S_0294/2007-04-04/seg.nii.gz,12.614980289093298,2007-04-04T15:57:31,80.30116358658454,1.0,0.5,13.0,ADNI,MP-RAGE,0.45103743970599497,0.3802197802197802,0.5615763546798029,0.07976908947782735,0.04241516966067864,-0.035587721487397056,0.05247148288973384,0.26961508522772404,0.43791537174276834,0.8249628445640896,0.379182156133829,0.36493738819320215,0.12287217579696688,0.31892647842301547,0.5148005148005148,0.2310508971072867,0.10516467065868264,0.41300813008130083,0.33955019199122327
ADNI_031_S_0294,031_S_0294,test,031_S_0294_MR_2007-09-25,2007-09-25,I75543,Image/ADNI_031_S_0294/2007-09-25/t1.nii.gz,Image/ADNI_031_S_0294/2007-09-25/seg.nii.gz,18.331143232588698,2007-09-25T12:44:18,80.77754962354551,1.0,0.5,2.0,ADNI,MP-RAGE,0.5008192328305643,0.42637362637362636,0.5238095238095238,0.0729467331409079,0.036926147704590816,-0.05121038183179436,0.0711787072243346,0.27851117571367295,0.47772730894892024,0.8308796724713272,0.3649318463444858,0.3728085867620751,0.13060971835345095,0.3208577517314864,0.444015444015444,0.19589893811790554,0.09019461077844311,0.42276422764227645,0.38946791003839826
ADNI_031_S_0294,031_S_0294,test,031_S_0294_MR_2008-03-27,2008-03-27,I99822,Image/ADNI_031_S_0294/2008-03-27/t1.nii.gz,Image/ADNI_031_S_0294/2008-03-27/seg.nii.gz,24.375821287779235,2008-03-27T11:47:54,81.28131416837782,1.0,1.0,5.0,ADNI,MP-RAGE,0.4838373784549422,0.3208791208791209,0.5098522167487685,0.091577013907111,0.023453093812375248,0.03443973047167457,0.09429657794676806,0.25981349981731244,0.4302812973145271,0.8399932699587785,0.4052044609665427,0.36923076923076925,0.14608480346641906,0.33091369206180077,0.42084942084942084,0.1988282680336873,0.08570359281437126,0.42601626016260163,0.3938562808557323
ADNI_031_S_0294,031_S_0294,test,031_S_0294_MR_2009-03-30,2009-03-30,I140388,Image/ADNI_031_S_0294/2009-03-30/t1.nii.gz,Image/ADNI_031_S_0294/2009-03-30/seg.nii.gz,36.465177398160314,2009-03-30T08:54:14,82.28884325804243,1.0,1.0,16.0,ADNI,MPRAGE_ASO,0.4980782482198913,0.2571428571428571,0.5180623973727422,0.09026502230385726,0.05888223552894212,-0.005839780384327427,0.058098859315589356,0.22753340005401199,0.38793529364889634,0.8977173943523737,0.3946716232961586,0.3531305903398927,0.16496440730424017,0.3941351447345054,0.3127413127413127,0.14243866715488832,0.06624251497005988,0.4682926829268293,0.3340647284695557
ADNI_031_S_0351,031_S_0351,train,031_S_0351_MR_2006-04-18,2006-04-18,I13783,Image/ADNI_031_S_0351/2006-04-18/t1.nii.gz,Image/ADNI_031_S_0351/2006-04-18/seg.nii.gz,0.0,2006-04-18T12:03:56,68.42162902121834,1.0,0.5,22.0,ADNI,MP-RAGE,0.5809815481203583,0.5142857142857142,0.3251231527093596,0.5602204145893467,0.09131736526946108,0.6023458946843024,0.5017490494296578,0.42674228343579723,0.5989799984062475,0.5030285185496761,0.3506815365551425,0.3037567084078712,0.09316001238006809,0.17783253418575742,0.5431145431145431,0.3222262907359941,0.27282934131736525,0.23170731707317074,0.44157981349424025
ADNI_031_S_0351,031_S_0351,train,031_S_0351_MR_2006-11-02,2006-11-02,I28618,Image/ADNI_031_S_0351/2006-11-02/t1.nii.gz,Image/ADNI_031_S_0351/2006-11-02/seg.nii.gz,6.504599211563732,2006-11-02T14:22:37,68.9637234770705,1.0,0.5,5.0,ADNI,MP-RAGE,0.627807977949621,0.5208791208791209,0.27504105090311987,0.5350301758068748,0.11077844311377245,0.6259046668330421,0.509809885931559,0.44018173441992725,0.6080962626504104,0.5179467765906732,0.35687732342007433,0.2851520572450805,0.09935004642525534,0.18182827206535251,0.5431145431145431,0.31014280483339435,0.2911676646706587,0.24390243902439024,0.42896324739440483
ADNI_031_S_0351,031_S_0351,train,031_S_0351_MR_2007-05-14,2007-05-14,I54354,Image/ADNI_031_S_0351/2007-05-14/t1.nii.gz,Image/ADNI_031_S_0351/2007-05-14/seg.nii.gz,12.844940867279893,2007-05-14T12:38:34,69.492128678987,1.0,0.5,0.0,ADNI,MP-RAGE,0.6370875124416201,0.5186813186813187,0.3013136288998358,0.5646811860404093,0.11726546906187625,0.6142750187172448,0.48304182509505705,0.4330172044035648,0.6019284405131883,0.5365244945458624,0.3543990086741016,0.2958855098389982,0.09687403280718045,0.18711152548392826,0.6177606177606177,0.3269864518491395,0.3001497005988024,0.24878048780487805,0.4185408667032364
ADNI_031_S_0351,031_S_0351,train,031_S_0351_MR_2007-11-08,2007-11-08,I81692,Image/ADNI_031_S_0351/2007-11-08/t1.nii.gz,Image/ADNI_031_S_0351/2007-11-08/seg.nii.gz,18.69250985545335,2007-11-08T14:19:00,69.97946611909651,1.0,0.5,12.0,ADNI,MP-RAGE,0.6517571395758365,0.5296703296703297,0.2799671592775041,0.5481500918394122,0.13223552894211577,0.5702520588969304,0.4643346007604563,0.4439625728764555,0.6184237787871544,0.542259050503351,0.32032218091697645,0.2805008944543828,0.09996904982977406,0.19053010122535963,0.5444015444015444,0.2900036616623947,0.28405688622754494,0.24227642276422764,0.4333516182117389
ADNI_031_S_0351,031_S_0351,train,031_S_0351_MR_2008-04-21,2008-04-21,I103450,Image/ADNI_031_S_0351/2008-04-21/t1.nii.gz,Image/ADNI_031_S_0351/2008-04-21/seg.nii.gz,24.113009198423125,2008-04-21T12:21:40,70.43121149897331,1.0,0.5,8.0,ADNI,MP-RAGE,0.6339483959880561,0.5934065934065934,0.2660098522167488,0.5308318026764629,0.125249500998004,0.6304467182430746,0.4926235741444867,0.4505075537339751,0.5981353095864212,0.5091416393258742,0.3649318463444858,0.2880143112701252,0.10244506344784897,0.19770023086485528,0.5933075933075933,0.34602709630172096,0.2967814371257485,0.25691056910569104,0.4712013165112452
ADNI_031_S_0351,031_S_0351,train,031_S_0351_MR_2009-04-27,2009-04-27,I142787,Image/ADNI_031_S_0351/2009-04-27/t1.nii.gz,Image/ADNI_031_S_0351/2009-04-27/seg.nii.gz,36.300919842312744,2009-04-27T13:38:10,71.44695414099931,1.0,0.5,22.0,ADNI,MPRAGE_ASO,0.565010336115152,0.5208791208791209,0.277504105090312,0.51928627656783,0.10978043912175649,0.59700524082855,0.4333079847908745,0.4268058269392683,0.5492230456610089,0.5312245870839292,0.3395291201982652,0.2661896243291592,0.10244506344784897,0.20231752797016517,0.5045045045045045,0.29769315269132185,0.2601047904191617,0.26504065040650404,0.3730115194733955
ADNI_031_S_0830,031_S_0830,train,031_S_0830_MR_2006-09-13,2006-09-13,I24281,Image/ADNI_031_S_0830/2006-09-13/t1.nii.gz,Image/ADNI_031_S_0830/2006-09-13/seg.nii.gz,0.0,2006-09-13T12:16:40,70.82819986310746,1.0,0.5,8.0,ADNI,MP-RAGE,0.6528137202358165,0.5494505494505495,0.2536945812807882,0.3594856992915245,0.3078842315369261,0.43543798352882457,0.43923954372623575,0.4695547188994265,0.6039525061757909,0.5421609040688707,0.10780669144981413,0.2923076923076923,0.4097802537913959,0.20680163381282188,0.6795366795366795,0.4441596484804101,0.4311377245508982,0.37398373983739835,0.5013713658804169
ADNI_031_S_0830,031_S_0830,train,031_S_0830_MR_2007-04-03,2007-04-03,I48137,Image/ADNI_031_S_0830/2007-04-03/t1.nii.gz,Image/ADNI_031_S_0830/2007-04-03/seg.nii.gz,6.636005256241787,2007-04-03T13:14:38,71.38124572210815,1.0,0.5,0.0,ADNI,MP-RAGE,0.6262460761044331,0.4989010989010989,0.23809523809523808,0.3119916032537392,0.27694610778443113,0.40169703019715497,0.4156653992395437,0.4682203053265342,0.5709777671527612,0.5586354841423403,0.08736059479553904,0.26475849731663686,0.42618384401114207,0.21596963239211509,0.6653796653796654,0.4086415232515562,0.4318862275449102,0.4097560975609756,0.5370268787712562
ADNI_031_S_0830,031_S_0830,train,031_S_0830_MR_2007-09-17,2007-09-17,I73739,Image/ADNI_031_S_0830/2007-09-17/t1.nii.gz,Image/ADNI_031_S_0830/2007-09-17/seg.nii.gz,12.12220762155059,2007-09-17T12:58:18,71.8384668035592,1.0,0.5,10.0,ADNI,MPRAGE,0.5933083224867928,0.4879120879120879,0.20361247947454844,0.2707950669115718,0.22904191616766467,0.4547042675318193,0.35102661596958173,0.4441055457592654,0.5134273647302574,0.5911359748745127,0.11586121437422553,0.2669051878354204,0.43392138656762613,0.22407210087018292,0.6293436293436293,0.39802270230684733,0.43899700598802394,0.4585365853658537,0.4596818431157433
ADNI_031_S_0830,031_S_0830,train,031_S_0830_MR_2008-03-24,2008-03-24,I99392,Image/ADNI_031_S_0830/2008-03-24/t1.nii.gz,Image/ADNI_031_S_0830/2008-03-24/seg.nii.gz,18.331143232588698,2008-03-24T12:40:22,72.35592060232717,1.0,0.5,8.0,ADNI,MP-RAGE,0.5233443074802848,0.4043956043956044,0.17898193760262726,0.34479139333508263,0.22305389221556887,0.36516096830546546,0.3838783269961977,0.45675070295000714,0.5105904852976333,0.5349541515941785,0.1090458488228005,0.25008944543828265,0.45558650572578147,0.23388385721896643,0.5804375804375804,0.34383009886488464,0.3997005988023952,0.43821138211382116,0.49149753154141523
ADNI_031_S_0830,031_S_0830,train,031_S_0830_MR_2008-09-25,2008-09-25,I118457,Image/ADNI_031_S_0830/2008-09-25/t1.nii.gz,Image/ADNI_031_S_0830/2008-09-25/seg.nii.gz,24.40867279894875,2008-09-25T11:10:07,72.86242299794661,1.0,0.5,20.0,ADNI,MPRAGE_ASO,0.5281525151213536,0.432967032967033,0.19458128078817735,0.30621884019942275,0.23003992015968064,0.3790366857998503,0.4006083650190114,0.44143671861348077,0.4863335723962069,0.5714085415439836,0.1171003717472119,0.2257602862254025,0.43020736614051375,0.2377686023796839,0.5135135135135135,0.3306481142438667,0.406062874251497,0.43821138211382116,0.4618760285244103
ADNI_031_S_0830,031_S_0830,train,031_S_0830_MR_2009-09-21,2009-09-21,I155595,Image/ADNI_031_S_0830/2009-09-21/t1.nii.gz,Image/ADNI_031_S_0830/2009-09-21/seg.nii.gz,36.26806833114323,2009-09-21T11:37:07,73.8507871321013,1.0,0.5,44.0,ADNI,MPRAGE,0.5782711890360616,0.4989010989010989,0.19047619047619047,0.25688795591708213,0.20508982035928144,0.45061142999750436,0.3300380228136882,0.4840902953184324,0.4387122479878875,0.5805361599506463,0.13568773234200743,0.24329159212880144,0.4942742185082018,0.2749067661161428,0.5752895752895753,0.3251556206517759,0.4157934131736527,0.551219512195122,0.46791003839824463
ADNI_031_S_0830,031_S_0830,train,031_S_0830_MR_2011-09-22,2011-09-22,I257622,Image/ADNI_031_S_0830/2011-09-22/t1.nii.gz,Image/ADNI_031_S_0830/2011-09-22/seg.nii.gz,60.282522996057814,2011-09-22T15:26:52,75.85215605749487,1.0,1.0,0.0,ADNI,MPRAGE_ASO,0.6219431896485721,0.367032967032967,0.14039408866995073,0.3067436368407242,0.18712574850299402,0.3662590466683304,0.4050190114068441,0.3526664442644045,0.488756076181369,0.6933765177645046,0.14622057001239158,0.18747763864042935,0.5215103683070257,0.3086263541111703,0.48133848133848134,0.24899304284145002,0.3907185628742515,0.5780487804878048,0.43938562808557324
ADNI_031_S_4029,031_S_4029,train,031_S_4029_MR_2011-11-10,2011-11-10,I265965,Image/ADNI_031_S_4029/2011-11-10/t1.nii.gz,Image/ADNI_031_S_4029/2011-11-10/seg.nii.gz,0.0,2011-11-10T14:37:35,61.65639972621492,1.0,0.5,25.0,ADNI,MPRAGE,0.616323405558533,0.6747252747252748,0.7577996715927751,0.3550249278404618,0.36976047904191617,0.14035437983528826,0.3376425855513308,0.7152139033185595,0.8270141047095386,0.2446089565631923,0.14560099132589838,0.6271914132379248,0.04456824512534819,0.1002264251465104,0.5791505791505791,0.4870010984987184,0.5610029940119761,0.0951219512195122,0.5682940208447613
ADNI_031_S_4029,031_S_4029,train,031_S_4029_MR_2012-05-17,2012-05-17,I305272,Image/ADNI_031_S_4029/2012-05-17/t1.nii.gz,Image/ADNI_031_S_4029/2012-05-17/seg.nii.gz,6.2089356110381075,2012-05-17T14:25:14,62.17385352498289,1.0,0.5,8.0,ADNI,MPRAGE,0.6006737615802772,0.6241758241758242,0.7857142857142857,0.3437418000524797,0.36776447105788423,0.14045420514100324,0.39269961977186313,0.6819012216238542,0.8437485058570404,0.23731807857323126,0.14993804213135067,0.6125223613595706,0.04456824512534819,0.1050213106020245,0.5212355212355212,0.4987184181618455,0.5774700598802395,0.07804878048780488,0.5820076796489303
ADNI_031_S_4029,031_S_4029,train,031_S_4029_MR_2013-04-26,2013-04-26,I368904,Image/ADNI_031_S_4029/2013-04-26/t1.nii.gz,Image/ADNI_031_S_4029/2013-04-26/seg.nii.gz,17.509855453350852,2013-04-26T10:25:18,63.115674195756334,1.0,0.5,21.0,ADNI,MPRAGE,0.6452185896945104,0.6263736263736264,0.7397372742200329,0.35082655471004986,0.36826347305389223,0.17898677314699277,0.28730038022813686,0.7955964352094552,0.7999840624750976,0.21356664142901208,0.15055762081784388,0.6110912343470483,0.04271123491179202,0.10928343100692595,0.583011583011583,0.4870010984987184,0.5254491017964071,0.08943089430894309,0.6182117388919364
ADNI_033_S_4176,033_S_4176,train,033_S_4176_MR_2012-03-01,2012-03-01,I287617,Image/ADNI_033_S_4176/2012-03-01/t1.nii.gz,Image/ADNI_033_S_4176/2012-03-01/seg.nii.gz,0.0,2012-03-01T16:27:00,84.5448323066393,1.0,0.0,0.0,ADNI,MPRAGE__NO_ANGLE=,0.5352270117142638,0.621978021978022,0.7520525451559934,0.45027551823668327,0.21157684630738524,0.3895682555527826,0.25505703422053233,0.5426297478911499,0.4743326161447127,0.5124505762597796,0.1895910780669145,0.6150268336314848,0.10987310430207366,0.18438110459953827,0.5238095238095238,0.43061149761991946,0.5823353293413174,0.24796747967479674,0.5913329676357653
ADNI_033_S_4176,033_S_4176,train,033_S_4176_MR_2012-09-07,2012-09-07,I332313,Image/ADNI_033_S_4176/2012-09-07/t1.nii.gz,Image/ADNI_033_S_4176/2012-09-07/seg.nii.gz,6.241787122207621,2012-09-07T14:00:31,85.06502395619438,1.0,0.0,0.0,ADNI,MPRAGE__Sag__-_NO_ANGLE=,0.5489931858203813,0.6021978021978022,0.715927750410509,0.40934138021516664,0.20508982035928144,0.35887197404542054,0.2634220532319392,0.5683966385486664,0.4631922862379472,0.5156753876784161,0.21871127633209417,0.6067978533094812,0.134942742185082,0.1981220031965903,0.4723294723294723,0.38557305016477483,0.5684880239520959,0.275609756097561,0.5748765770707625
ADNI_033_S_4176,033_S_4176,train,033_S_4176_MR_2013-09-04,2013-09-04,I388333,Image/ADNI_033_S_4176/2013-09-04/t1.nii.gz,Image/ADNI_033_S_4176/2013-09-04/seg.nii.gz,18.134034165571617,2013-09-04T14:22:52,86.0561259411362,1.0,0.0,0.0,ADNI,MPRAGE_GRAPPA2,0.5513819768777276,0.5736263736263736,0.7339901477832512,0.40068223563369193,0.24900199600798403,0.33396556026952834,0.31193916349809886,0.5895248534527952,0.46445135070523547,0.4908443397549143,0.2100371747211896,0.6067978533094812,0.1432992881460848,0.20622447167465816,0.5508365508365508,0.42511900402782865,0.5920658682634731,0.27723577235772356,0.5869445968184311
ADNI_033_S_4176,033_S_4176,train,033_S_4176_MR_2016-01-12,2016-01-12,I598190,Image/ADNI_033_S_4176/2016-01-12/t1.nii.gz,Image/ADNI_033_S_4176/2016-01-12/seg.nii.gz,46.38633377135348,2016-01-12T10:23:27,88.41067761806981,1.0,0.0,8.0,ADNI,MPRAGE,0.5266978026184825,0.5252747252747253,0.6568144499178982,0.41616373655208605,0.27045908183632733,0.36471175442974796,0.24319391634980989,0.5185785318273523,0.42108534544585224,0.5637390987353131,0.2218091697645601,0.5402504472271914,0.17363045496750232,0.22003196590303675,0.45817245817245816,0.38410838520688395,0.5336826347305389,0.2894308943089431,0.5858475041140977
ADNI_033_S_4176,033_S_4176,train,033_S_4176_MR_2018-01-18,2018-01-18,I955473,Image/ADNI_033_S_4176/2018-01-18/t1.nii.gz,Image/ADNI_033_S_4176/2018-01-18/seg.nii.gz,70.59789750328515,2018-01-18T09:09:56,90.42847364818617,1.0,0.0,8.0,ADNI,Accelerated_Sagittal_MPRAGE,0.4687543067146467,0.5714285714285714,0.5254515599343186,0.3408554185253214,0.2470059880239521,0.30491639630646367,0.24517110266159695,0.4374017061430682,0.3645071320423938,0.6170326126580858,0.2372986369268897,0.4254025044722719,0.2825750541627979,0.28551767004084533,0.3732303732303732,0.3042841450018308,0.4981287425149701,0.37886178861788616,0.5836533187054306
ADNI_033_S_4176,033_S_4176,train,033_S_4176_MR_2019-01-17,2019-01-17,I1117701,Image/ADNI_033_S_4176/2019-01-17/t1.nii.gz,Image/ADNI_033_S_4176/2019-01-17/seg.nii.gz,82.55584756898817,2019-01-17T15:09:46,91.42505133470226,1.0,0.0,20.0,ADNI,Accelerated_Sagittal_IR-FSPGR,0.3771839828497052,0.5406593406593406,0.513136288998358,0.34584098661768564,0.25,0.3227851260294485,0.25536121673003803,0.5086498594099985,0.37851621643158817,0.46709290261069514,0.20322180916976457,0.43112701252236135,0.28876508820798513,0.26798082045817795,0.3487773487773488,0.2669351885756133,0.4749251497005988,0.37073170731707317,0.5458036204059243
ADNI_033_S_4176,033_S_4176,train,033_S_4176_MR_2020-02-04,2020-02-04,I1285188,Image/ADNI_033_S_4176/2020-02-04/t1.nii.gz,Image/ADNI_033_S_4176/2020-02-04/seg.nii.gz,95.13797634691196,2020-02-04T13:13:07,92.47364818617385,1.0,0.0,8.0,ADNI,Accelerated_Sagittal_IR-FSPGR,0.34530280989204504,0.512087912087912,0.48686371100164205,0.3369194437155602,0.2939121756487026,0.27367107561766907,0.2692015209125475,0.42623393540802873,0.38022153159614314,0.5153949692941869,0.2527881040892193,0.38354203935599285,0.31352522438873415,0.28154413070502576,0.28185328185328185,0.2662028560966679,0.4416167664670659,0.38130081300813007,0.5074053757542513
ADNI_033_S_4176,033_S_4176,train,033_S_4176_MR_2022-04-28,2022-04-28,I11043981,Image/ADNI_033_S_4176/2022-04-28/t1.nii.gz,Image/ADNI_033_S_4176/2022-04-28/seg.nii.gz,121.87910643889619,2022-04-28T13:19:04,94.70225872689939,1.0,0.0,61.0,ADNI,Accelerated_Sagittal_IR-FSPGR,0.3134216369343848,0.24175824175824176,0.25533661740558294,0.27525583836263445,0.22255489021956087,0.2910905914649364,0.19574144486692016,0.3971786684458848,0.3719977687465137,0.5113990073189199,0.275092936802974,0.3209302325581395,0.4193748065614361,0.3219454803764873,0.3539253539253539,0.09373855730501647,0.31773952095808383,0.4195121951219512,0.5847504114097641
ADNI_033_S_4179,033_S_4179,val,033_S_4179_MR_2012-03-02,2012-03-02,I287718,Image/ADNI_033_S_4179/2012-03-02/t1.nii.gz,Image/ADNI_033_S_4179/2012-03-02/seg.nii.gz,0.0,2012-03-02T14:28:47,83.54551676933607,1.0,0.0,0.0,ADNI,MPRAGE__NO_ANGLE=,0.4763800627823291,0.4989010989010989,0.6847290640394089,0.3303594856992915,0.437125748502994,0.403493885700025,0.26509505703422054,0.518530874199749,0.4279544186787792,0.3749894843105914,0.21933085501858737,0.4479427549194991,0.2547199009594553,0.41486858462084886,0.5495495495495496,0.34053460270963015,0.5033682634730539,0.5016260162601626,0.5249588590235875
ADNI_033_S_4179,033_S_4179,val,033_S_4179_MR_2012-09-05,2012-09-05,I330801,Image/ADNI_033_S_4179/2012-09-05/t1.nii.gz,Image/ADNI_033_S_4179/2012-09-05/seg.nii.gz,6.14323258869908,2012-09-05T16:28:27,84.05749486652978,1.0,0.0,0.0,ADNI,MPRAGE__Sag__-_NO_ANGLE=,0.5111706607457316,0.5428571428571428,0.6412151067323482,0.3148779847808974,0.46357285429141715,0.37379585724981285,0.26661596958174905,0.5701123131423851,0.41338752091800146,0.3740360618042119,0.21561338289962825,0.4400715563506261,0.2575054162797895,0.42450275261942816,0.555984555984556,0.3324789454412303,0.5542664670658682,0.5146341463414634,0.5693911135490949
ADNI_033_S_4179,033_S_4179,val,033_S_4179_MR_2013-09-16,2013-09-16,I390143,Image/ADNI_033_S_4179/2013-09-16/t1.nii.gz,Image/ADNI_033_S_4179/2013-09-16/seg.nii.gz,18.495400788436267,2013-09-16T08:32:01,85.08692676249144,1.0,0.0,4.0,ADNI,MPRAGE,0.5394686471173723,0.5186813186813187,0.6551724137931034,0.31566517974284963,0.49500998003992014,0.39825305714998754,0.2544486692015209,0.5958156602964304,0.42921348314606744,0.34550349120888363,0.2137546468401487,0.4461538461538462,0.27081398947694213,0.43708932694015273,0.5624195624195624,0.3632369095569388,0.5722305389221557,0.526829268292683,0.5770707624794296
ADNI_033_S_4179,033_S_4179,val,033_S_4179_MR_2016-01-04,2016-01-04,I589764,Image/ADNI_033_S_4179/2016-01-04/t1.nii.gz,Image/ADNI_033_S_4179/2016-01-04/seg.nii.gz,46.090670170827856,2016-01-04T10:08:17,87.3867214236824,1.0,0.0,8.0,ADNI,MPRAGE_GRAPPA2,0.532761656840977,0.4703296703296703,0.583743842364532,0.300708475465757,0.5563872255489022,0.38647367107561764,0.28030418250950573,0.5564504598961064,0.4079846999760937,0.38420122823252295,0.21251548946716234,0.39391771019677996,0.298050139275766,0.4573343988634346,0.510939510939511,0.3764188941779568,0.5232035928143712,0.5504065040650407,0.5633571036752606
ADNI_033_S_4179,033_S_4179,val,033_S_4179_MR_2018-01-25,2018-01-25,I957065,Image/ADNI_033_S_4179/2018-01-25/t1.nii.gz,Image/ADNI_033_S_4179/2018-01-25/seg.nii.gz,70.79500657030223,2018-01-25T13:14:17,89.44558521560575,1.0,0.0,3.0,ADNI,Accelerated_Sagittal_MPRAGE,0.4728121889594977,0.45494505494505494,0.5599343185550082,0.2385200734715298,0.5883233532934131,0.34709258797105064,0.20486692015209126,0.5032486616149582,0.372428081918878,0.3964274697849191,0.21685254027261464,0.29695885509839,0.357783967811823,0.5140516782099094,0.46332046332046334,0.307945807396558,0.5086077844311377,0.5821138211382114,0.578167855183763
ADNI_033_S_4179,033_S_4179,val,033_S_4179_MR_2020-01-28,2020-01-28,I1281495,Image/ADNI_033_S_4179/2020-01-28/t1.nii.gz,Image/ADNI_033_S_4179/2020-01-28/seg.nii.gz,94.87516425755584,2020-01-28T15:10:04,91.45242984257358,1.0,0.5,4.0,ADNI,Accelerated_Sagittal_MPRAGE,0.5020442538856137,0.46373626373626375,0.46551724137931033,0.24508003148779847,0.6492015968063872,0.32443224357374595,0.2311787072243346,0.43295366090009374,0.3878874810741892,0.4421496873335016,0.2224287484510533,0.23971377459749552,0.4156607861343237,0.5655301012253596,0.4774774774774775,0.3452947638227755,0.4786676646706587,0.6422764227642277,0.5156335710367526
ADNI_033_S_6572,033_S_6572,train,033_S_6572_MR_2018-09-04,2018-09-04,I1045204,Image/ADNI_033_S_6572/2018-09-04/t1.nii.gz,Image/ADNI_033_S_6572/2018-09-04/seg.nii.gz,0.0,2018-09-04T08:07:15,67.88774811772758,0.0,0.0,8.0,ADNI,Accelerated_Sagittal_MPRAGE,0.6194931475384733,0.7274725274725274,0.7668308702791461,0.5581212280241407,0.8562874251497006,0.7449463438981782,0.6177946768060837,0.6748796644903017,0.6452785082476692,0.17904713833038893,0.25650557620817843,0.7202146690518784,0.052615289384091615,0.13483395489255906,0.9227799227799228,0.5789088246063713,0.6231287425149701,0.0886178861788618,0.78003291278113
ADNI_033_S_6572,033_S_6572,train,033_S_6572_MR_2019-09-26,2019-09-26,I1233828,Image/ADNI_033_S_6572/2019-09-26/t1.nii.gz,Image/ADNI_033_S_6572/2019-09-26/seg.nii.gz,12.713534822601838,2019-09-26T14:39:35,68.94729637234771,0.0,0.0,0.0,ADNI,Accelerated_Sagittal_MPRAGE,0.7093025036367813,0.7098901098901099,0.80623973727422,0.5652059826817109,0.8707584830339321,0.839181432493137,0.6433460076045627,0.7239511350458308,0.6539166467447606,0.17001766635820645,0.2577447335811648,0.7663685152057245,0.05787681832250077,0.1443571301722607,1.0,0.5920908092273892,0.6115269461077845,0.11382113821138211,0.8091058694459682
ADNI_033_S_6572,033_S_6572,train,033_S_6572_MR_2020-10-01,2020-10-01,I1345109,Image/ADNI_033_S_6572/2020-10-01/t1.nii.gz,Image/ADNI_033_S_6572/2020-10-01/seg.nii.gz,24.901445466491456,2020-10-01T15:47:12,69.96303901437372,0.0,0.0,0.0,ADNI,Accelerated_Sagittal_MPRAGE,0.6349590383584718,0.6505494505494506,0.7274220032840722,0.5426397271057465,0.8458083832335329,0.7565759920139755,0.669809885931559,0.6284611352046895,0.623571599330624,0.2301954516138078,0.26022304832713755,0.7273703041144901,0.06313834726090993,0.16295950985615343,0.8764478764478765,0.5690223361406078,0.5969311377245509,0.14227642276422764,0.7657707076247943
ADNI_033_S_6572,033_S_6572,train,033_S_6572_MR_2022-10-31,2022-10-31,I1637423,Image/ADNI_033_S_6572/2022-10-31/t1.nii.gz,Image/ADNI_033_S_6572/2022-10-31/seg.nii.gz,49.86859395532194,2022-10-31T13:33:42,72.04380561259411,0.0,0.0,0.0,ADNI,Accelerated_Sagittal_MPRAGE,0.6588928872214991,0.6879120879120879,0.7873563218390804,0.573340330621884,0.846307385229541,0.7338657349638134,0.6731558935361217,0.6548475750210487,0.5954737429277234,0.23675724180477273,0.2589838909541512,0.7166368515205724,0.06592386258124419,0.1923281832711774,0.9832689832689833,0.5759794946905895,0.5553892215568862,0.18536585365853658,0.8085573230938015
ADNI_033_S_6572,033_S_6572,train,033_S_6572_MR_2024-01-17,2024-01-17,I10332420,Image/ADNI_033_S_6572/2024-01-17/t1.nii.gz,Image/ADNI_033_S_6572/2024-01-17/seg.nii.gz,64.42181340341655,2024-01-17T11:03:41,73.25667351129364,0.0,0.0,1.0,ADNI,Accelerated_Sagittal_MPRAGE__MSV21_,0.6104586172574841,0.6395604395604395,0.7602627257799671,0.5814746785620573,0.7924151696606786,0.7201896680808585,0.6368060836501901,0.5689208724523026,0.5358833373177145,0.3093996242393651,0.27137546468401486,0.6898032200357782,0.07706592386258125,0.22584798437222517,0.9781209781209781,0.5411937019406811,0.5830838323353293,0.22682926829268293,0.7712561711464618
ADNI_035_S_7121,035_S_7121,train,035_S_7121_MR_2024-03-12,2024-03-12,I10932457,Image/ADNI_035_S_7121/2024-03-12/t1.nii.gz,Image/ADNI_035_S_7121/2024-03-12/seg.nii.gz,0.0,2024-03-12T15:07:19,63.238877481177276,1.0,0.5,0.0,ADNI,Accelerated_Sagittal_MPRAGE__MSV21_,0.585253809049843,0.7274725274725274,0.7331691297208539,0.34584098661768564,0.38572854291417163,0.7584726728225605,0.3849429657794677,0.731735214221036,0.41692565144633037,0.2776702840638232,0.09107806691449814,0.43864042933810377,0.03497369235530796,0.29364233706268866,0.6357786357786358,0.40534602709630174,0.47043413173652693,0.27235772357723576,0.4333516182117389
ADNI_035_S_7121,035_S_7121,train,035_S_7121_MR_2025-03-05,2025-03-05,I11149266,Image/ADNI_035_S_7121/2025-03-05/t1.nii.gz,Image/ADNI_035_S_7121/2025-03-05/seg.nii.gz,11.76084099868594,2025-03-05T16:10:20,64.21902806297057,1.0,0.5,15.0,ADNI,Accelerated_Sagittal_MPRAGE__MSV21_,0.5994946788147921,0.6835164835164835,0.6502463054187192,0.34689057990028865,0.3977045908183633,0.7785375592712752,0.4138403041825095,0.7197413779408728,0.42208940951470236,0.2841479487395194,0.0687732342007435,0.40322003577817533,0.039925719591457756,0.3037426744805541,0.646074646074646,0.3994873672647382,0.48278443113772457,0.26910569105691057,0.4569391113549095
ADNI_035_S_7121,035_S_7121,train,035_S_7121_MR_2026-03-19,2026-03-19,I11617867,Image/ADNI_035_S_7121/2026-03-19/t1.nii.gz,Image/ADNI_035_S_7121/2026-03-19/seg.nii.gz,24.21156373193167,2026-03-19T16:03:01,65.25667351129364,1.0,0.5,7.0,ADNI,Accelerated_Sagittal_MPRAGE__MSV21_,0.6030625526376234,0.654945054945055,0.6018062397372742,0.3258987142482288,0.37924151696606784,0.7534314948839531,0.3993916349809886,0.7116872388759155,0.4010200015937525,0.3148677827318359,0.10037174721189591,0.36064400715563505,0.052615289384091615,0.3221674658142426,0.6383526383526383,0.3632369095569388,0.4801646706586826,0.2967479674796748,0.4201865057597367
ADNI_036_S_5063,036_S_5063,train,036_S_5063_MR_2013-08-12,2013-08-12,I385316,Image/ADNI_036_S_5063/2013-08-12/t1.nii.gz,Image/ADNI_036_S_5063/2013-08-12/seg.nii.gz,0.0,2013-08-12T07:17:28,72.0766598220397,0.0,1.0,1.0,ADNI,MPRAGE_GRAPPA2,0.42756297373861113,0.2879120879120879,0.4852216748768473,0.2540015743899239,0.16367265469061876,0.38812078861991517,0.2938403041825095,0.1688033169708812,0.14729460514782056,0.9772160062813718,0.2614622057001239,0.3377459749552773,0.37697307335190344,0.3082933759545374,0.5971685971685972,0.17209813255217868,0.49700598802395207,0.45284552845528453,0.4854635216675809
ADNI_036_S_5063,036_S_5063,train,036_S_5063_MR_2014-02-24,2014-02-24,I415463,Image/ADNI_036_S_5063/2014-02-24/t1.nii.gz,Image/ADNI_036_S_5063/2014-02-24/seg.nii.gz,6.438896189224704,2014-02-24T07:26:28,72.6132785763176,0.0,1.0,0.0,ADNI,MPRAGE_GRAPPA2,0.4625832631498354,0.31648351648351647,0.45566502463054187,0.22487536079769088,0.14770459081836326,0.39126528574993763,0.2971863117870722,0.1540929959173299,0.15547055542274285,1.0,0.2534076827757125,0.32057245080500896,0.42680284741566077,0.329537382347718,0.6332046332046332,0.14317099963383376,0.5276946107784432,0.4788617886178862,0.5052111903455841
ADNI_037_S_4071,037_S_4071,train,037_S_4071_MR_2012-01-23,2012-01-23,I412219,Image/ADNI_037_S_4071/2012-01-23/t1.nii.gz,Image/ADNI_037_S_4071/2012-01-23/seg.nii.gz,0.0,2012-01-23T09:46:12,85.18822724161534,1.0,0.0,53.0,ADNI,MPRAGE_GRAPPA2,0.520496133527295,0.2087912087912088,0.6683087027914614,0.4476515350301758,0.7739520958083832,0.12937359620663838,0.19954372623574146,0.3472970182210996,0.2833532552394613,0.5323602815400578,0.28376703841387857,0.42110912343470486,0.5156298359640978,0.7704670573610372,0.5508365508365508,0.35994141340168434,0.36788922155688625,0.5382113821138211,0.4339001645639057
ADNI_037_S_4071,037_S_4071,train,037_S_4071_MR_2012-07-09,2012-07-09,I315460,Image/ADNI_037_S_4071/2012-07-09/t1.nii.gz,Image/ADNI_037_S_4071/2012-07-09/seg.nii.gz,5.519053876478318,2012-07-09T09:43:17,85.64818617385353,1.0,0.0,32.0,ADNI,MPRAGE,0.5457315672613123,0.21978021978021978,0.6773399014778325,0.4072421936499606,0.7574850299401198,0.08639880209633143,0.08897338403041825,0.3887114966083655,0.2846601322814567,0.5593785928605479,0.2781908302354399,0.4214669051878354,0.47879913339523367,0.7489788669863257,0.510939510939511,0.3002563163676309,0.3372005988023952,0.5853658536585366,0.4909489851892485
ADNI_037_S_4071,037_S_4071,train,037_S_4071_MR_2013-08-02,2013-08-02,I384196,Image/ADNI_037_S_4071/2013-08-02/t1.nii.gz,Image/ADNI_037_S_4071/2013-08-02/seg.nii.gz,18.298291721419183,2013-08-02T14:52:01,86.71321013004791,1.0,0.5,57.0,ADNI,MPRAGE_GRAPPA2,0.5622081004517265,0.2835164835164835,0.6305418719211823,0.42009971136184726,0.8033932135728543,0.15607686548540056,0.22266159695817492,0.367090819552336,0.27465136664276035,0.5450492134264322,0.29677819083023543,0.4046511627906977,0.5255338904363974,0.7845631326584976,0.47876447876447875,0.3006224826071036,0.3626497005988024,0.573170731707317,0.4541963795940757
ADNI_037_S_4071,037_S_4071,train,037_S_4071_MR_2015-11-11,2015-11-11,I549804,Image/ADNI_037_S_4071/2015-11-11/t1.nii.gz,Image/ADNI_037_S_4071/2015-11-11/seg.nii.gz,45.59789750328515,2015-11-11T08:03:32,88.9883641341547,1.0,0.5,14.0,ADNI,MPRAGE,0.49131000689074344,0.16043956043956045,0.5582922824302134,0.36184728417738127,0.6916167664670658,0.10102320938357874,0.09262357414448669,0.22190979999682284,0.20234281616065025,0.671545946552256,0.3674101610904585,0.35778175313059035,0.6140513772825751,0.862857396554786,0.2728442728442728,0.1969974368363237,0.21369760479041916,0.47479674796747967,0.3104772353263851
ADNI_037_S_4071,037_S_4071,train,037_S_4071_MR_2017-03-27,2017-03-27,I833977,Image/ADNI_037_S_4071/2017-03-27/t1.nii.gz,Image/ADNI_037_S_4071/2017-03-27/seg.nii.gz,62.089356110381075,2017-03-27T14:44:21,90.36276522929501,1.0,0.5,25.0,ADNI,Accelerated_Sagittal_MPRAGE,0.4154812035831866,0.0,0.5451559934318555,0.37969036998163214,0.6786427145708582,0.07377090092338408,0.08775665399239543,0.21550779202211315,0.20176906526416447,0.6104007178710636,0.3277571251548947,0.3416815742397138,0.6397400185701021,0.8751109927188776,0.23680823680823682,0.13804467228121567,0.14857784431137724,0.5455284552845528,0.4328030718595721
ADNI_037_S_5222,037_S_5222,test,037_S_5222_MR_2015-08-26,2015-08-26,I723941,Image/ADNI_037_S_5222/2015-08-26/t1.nii.gz,Image/ADNI_037_S_5222/2015-08-26/seg.nii.gz,0.0,2015-08-26T08:14:55,69.69472963723477,0.0,0.0,14.0,ADNI,MPRAGE,0.7250133986677896,0.9208791208791208,0.7627257799671593,0.4696929939648386,0.468562874251497,0.5736960319440978,0.49688212927756653,0.7733720948704507,0.5132839270061359,0.4127618406662741,0.1895910780669145,0.7202146690518784,0.1959145775301764,0.08950452850293021,0.7773487773487774,0.479677773709264,0.6070359281437125,0.0943089430894309,0.5979155238617663
ADNI_037_S_5222,037_S_5222,test,037_S_5222_MR_2019-09-23,2019-09-23,I1229918,Image/ADNI_037_S_5222/2019-09-23/t1.nii.gz,Image/ADNI_037_S_5222/2019-09-23/seg.nii.gz,48.91590013140604,2019-09-23T13:59:28,73.77138945927447,0.0,0.0,7.0,ADNI,Accelerated_Sagittal_MPRAGE,0.6858739759589618,0.865934065934066,0.7931034482758621,0.4919968512201522,0.46457085828343314,0.5859246318941852,0.46220532319391633,0.7391856900030184,0.45447446011634396,0.44147668321135136,0.19950433705080545,0.7155635062611807,0.21603218817703498,0.11498845675723672,0.7709137709137709,0.4635664591724643,0.5658682634730539,0.10894308943089431,0.6291826659352715
ADNI_037_S_5222,037_S_5222,test,037_S_5222_MR_2021-06-17,2021-06-17,I1456644,Image/ADNI_037_S_5222/2021-06-17/t1.nii.gz,Image/ADNI_037_S_5222/2021-06-17/seg.nii.gz,69.71090670170828,2021-06-17T12:37:46,75.50444900752909,0.0,0.0,6.0,ADNI,Accelerated_Sagittal_MPRAGE,0.6387566036291249,0.8395604395604396,0.7635467980295566,0.47520335869850433,0.4865269461077844,0.5625655103568755,0.45399239543726233,0.7480817804889672,0.43608255637899435,0.41830010375480214,0.19144981412639406,0.7048300536672629,0.18879603837821107,0.10997158586396732,0.6705276705276705,0.5243500549249359,0.5490269461077845,0.1048780487804878,0.6725178277564454
ADNI_041_S_0314,041_S_0314,train,041_S_0314_MR_2006-03-28,2006-03-28,I12475,Image/ADNI_041_S_0314/2006-03-28/t1.nii.gz,Image/ADNI_041_S_0314/2006-03-28/seg.nii.gz,0.0,2006-03-28T11:26:06,72.19712525667352,1.0,0.5,41.0,ADNI,MPRAGE,0.3520251129316285,0.4351648351648352,0.4573070607553366,0.358960902650223,0.0813373253493014,0.3272772647866234,0.4664638783269962,0.49633830561247994,0.5325045820384094,0.35300468298701665,0.0,0.39821109123434706,0.1829155060352832,0.1981220031965903,0.5842985842985843,0.3097766385939216,0.5587574850299402,0.3723577235772358,0.49972572682391664
ADNI_041_S_0314,041_S_0314,train,041_S_0314_MR_2007-02-26,2007-02-26,I41647,Image/ADNI_041_S_0314/2007-02-26/t1.nii.gz,Image/ADNI_041_S_0314/2007-02-26/seg.nii.gz,11.005256241787121,2007-02-26T13:22:13,73.11430527036276,1.0,0.5,14.0,ADNI,MPRAGE,0.3157032386494143,0.3934065934065934,0.45894909688013136,0.34216741012857516,0.05439121756487026,0.31524831544796605,0.4535361216730038,0.4233903636276986,0.4805163758068372,0.4282970191525756,0.0055762081784386614,0.38246869409660106,0.20860414732281027,0.2144157343278281,0.564993564993565,0.29073599414134016,0.5037425149700598,0.3967479674796748,0.48601206801974767
ADNI_041_S_0314,041_S_0314,train,041_S_0314_MR_2007-05-02,2007-05-02,I53290,Image/ADNI_041_S_0314/2007-05-02/t1.nii.gz,Image/ADNI_041_S_0314/2007-05-02/seg.nii.gz,13.140604467805518,2007-05-02T10:21:41,73.29226557152636,1.0,0.5,5.0,ADNI,MPRAGE,0.2187734476686318,0.367032967032967,0.44745484400656815,0.3138283914982944,0.03093812375249501,0.33226853007237334,0.43923954372623575,0.36288106244737806,0.4256434775679337,0.4474776366338577,0.004337050805452293,0.3667262969588551,0.20210461157536366,0.2087773042088439,0.5122265122265123,0.26766752105455877,0.46444610778443113,0.3829268292682927,0.5052111903455841
ADNI_041_S_0314,041_S_0314,train,041_S_0314_MR_2007-11-29,2007-11-29,I83882,Image/ADNI_041_S_0314/2007-11-29/t1.nii.gz,Image/ADNI_041_S_0314/2007-11-29/seg.nii.gz,20.07227332457293,2007-11-29T10:25:37,73.86995208761122,1.0,0.5,21.0,ADNI,MPRAGE,0.3534951381976878,0.367032967032967,0.44170771756978655,0.3741800052479664,0.054890219560878244,0.3586723234339905,0.47954372623574143,0.43252474225166404,0.4616782213722209,0.43398951235242983,0.024783147459727387,0.35456171735241504,0.2547199009594553,0.24620404901438467,0.5714285714285714,0.2735261808861223,0.5097305389221557,0.42357723577235773,0.4843664289632474
ADNI_041_S_0314,041_S_0314,train,041_S_0314_MR_2008-04-14,2008-04-14,I102583,Image/ADNI_041_S_0314/2008-04-14/t1.nii.gz,Image/ADNI_041_S_0314/2008-04-14/seg.nii.gz,24.57293035479632,2008-04-14T10:25:06,74.24503764544832,1.0,0.5,7.0,ADNI,MPRAGE,0.3173723298369191,0.3274725274725275,0.4129720853858785,0.3487273681448439,0.04590818363273453,0.3422011479910157,0.44045627376425855,0.42397814103480597,0.4472547613355646,0.43439611900956226,0.012391573729863693,0.3445438282647585,0.2633859486227174,0.2465592257147931,0.5675675675675675,0.24569754668619553,0.4749251497005988,0.41788617886178864,0.4805266044980801
ADNI_041_S_0314,041_S_0314,train,041_S_0314_MR_2009-04-14,2009-04-14,I141930,Image/ADNI_041_S_0314/2009-04-14/t1.nii.gz,Image/ADNI_041_S_0314/2009-04-14/seg.nii.gz,36.563731931668855,2009-04-14T11:23:18,75.24435318275154,1.0,1.0,6.0,ADNI,MPRAGE,0.22688921215833396,0.2835164835164835,0.40229885057471265,0.304906848596169,0.04840319361277445,0.3044172697778887,0.4,0.3124275206913533,0.3746433978803092,0.5146658814951909,0.016728624535315983,0.3005366726296959,0.3187867533271433,0.2757059136920618,0.48133848133848134,0.22409373855730502,0.437125748502994,0.43821138211382116,0.473944048272079
ADNI_041_S_0314,041_S_0314,train,041_S_0314_MR_2010-05-18,2010-05-18,I174182,Image/ADNI_041_S_0314/2010-05-18/t1.nii.gz,Image/ADNI_041_S_0314/2010-05-18/seg.nii.gz,49.67148488830486,2010-05-18T13:24:28,76.33675564681725,1.0,1.0,0.0,ADNI,MPRAGE,0.27979480897327924,0.25934065934065936,0.35714285714285715,0.3489897664654946,0.09481037924151696,0.3200898427751435,0.42524714828897336,0.34321434812308377,0.3911865487289824,0.4799360646083957,0.028500619578686492,0.29660107334525937,0.4069947384710616,0.3155079026815841,0.5135135135135135,0.24899304284145002,0.46407185628742514,0.4902439024390244,0.4552934722984092
ADNI_041_S_1010,041_S_1010,train,041_S_1010_MR_2006-12-12,2006-12-12,I32831,Image/ADNI_041_S_1010/2006-12-12/t1.nii.gz,Image/ADNI_041_S_1010/2006-12-12/seg.nii.gz,0.0,2006-12-12T09:30:05,74.40930869267625,1.0,0.5,57.0,ADNI,MPRAGE,0.3157185514126024,0.3098901098901099,0.2561576354679803,0.1695093151403831,0.0718562874251497,0.2471674569503369,0.20060836501901141,0.41581280083877425,0.46631604111881425,0.4443649925689128,0.23977695167286245,0.15778175313059034,0.3549984524914887,0.33388829692772154,0.3938223938223938,0.13438300988648846,0.2522455089820359,0.4764227642276423,0.3143170597915524
ADNI_041_S_1010,041_S_1010,train,041_S_1010_MR_2007-06-04,2007-06-04,I55847,Image/ADNI_041_S_1010/2007-06-04/t1.nii.gz,Image/ADNI_041_S_1010/2007-06-04/seg.nii.gz,5.716162943495401,2007-06-04T10:04:18,74.88569472963724,1.0,0.5,7.0,ADNI,MPRAGE,0.33119975499578896,0.31868131868131866,0.2134646962233169,0.1744948832327473,0.07934131736526946,0.22904916396306463,0.18555133079847907,0.43360498181067214,0.47030042234440994,0.4429068169709206,0.21623296158612143,0.13917710196779964,0.3599504797276385,0.33992630083466524,0.42342342342342343,0.12852435005492494,0.26721556886227543,0.48048780487804876,0.2984092155787164
ADNI_041_S_1010,041_S_1010,train,041_S_1010_MR_2007-12-04,2007-12-04,I84151,Image/ADNI_041_S_1010/2007-12-04/t1.nii.gz,Image/ADNI_041_S_1010/2007-12-04/seg.nii.gz,11.727989487516425,2007-12-04T12:26:41,75.3867214236824,1.0,0.5,8.0,ADNI,MPRAGE,0.29268815557767397,0.27692307692307694,0.2134646962233169,0.19653634216741012,0.07135728542914171,0.2962815073621163,0.20106463878326997,0.4129056855549731,0.45347039604749384,0.41234121308993016,0.24907063197026022,0.12737030411449016,0.4045187248529867,0.3490942994139584,0.37194337194337196,0.13218601244965214,0.24850299401197604,0.47804878048780486,0.31596269884805267
ADNI_041_S_1010,041_S_1010,train,041_S_1010_MR_2008-06-25,2008-06-25,I111060,Image/ADNI_041_S_1010/2008-06-25/t1.nii.gz,Image/ADNI_041_S_1010/2008-06-25/seg.nii.gz,18.429697766097238,2008-06-25T12:07:45,75.94524298425736,1.0,0.5,0.0,ADNI,MPRAGE,0.2762881862032004,0.31648351648351647,0.1272577996715928,0.11834164261348727,0.1626746506986028,0.14549538307961069,0.16228136882129277,0.3027212505361483,0.44488007012510955,0.5106839404391352,0.2899628252788104,0.06976744186046512,0.5116063138347261,0.4107174569348251,0.36293436293436293,0.12010252654705236,0.18862275449101795,0.5642276422764227,0.2803071859572134
ADNI_041_S_1010,041_S_1010,train,041_S_1010_MR_2009-01-12,2009-01-12,I133432,Image/ADNI_041_S_1010/2009-01-12/t1.nii.gz,Image/ADNI_041_S_1010/2009-01-12/seg.nii.gz,25.03285151116951,2009-01-12T12:28:25,76.49555099247091,1.0,1.0,0.0,ADNI,MPRAGE,0.28789526069979327,0.2967032967032967,0.10016420361247948,0.14536866964051431,0.1497005988023952,0.19930122285999502,0.1776425855513308,0.33562089945829165,0.4420750657422902,0.4736126300440257,0.2496902106567534,0.0665474060822898,0.5221293717115444,0.4192638962884035,0.31016731016731014,0.1332845111680703,0.17365269461077845,0.5235772357723577,0.303894679100384
ADNI_041_S_1010,041_S_1010,train,041_S_1010_MR_2009-12-15,2009-12-15,I161111,Image/ADNI_041_S_1010/2009-12-15/t1.nii.gz,Image/ADNI_041_S_1010/2009-12-15/seg.nii.gz,36.10381077529566,2009-12-15T13:41:23,77.41820670773443,1.0,1.0,3.0,ADNI,MPRAGE,0.24149758823979786,0.26373626373626374,0.034482758620689655,0.26108632904749407,0.12125748502994012,0.35852258547541804,0.2771102661596958,0.306883350013503,0.35714399553749304,0.4527074394997336,0.28562577447335813,0.0815742397137746,0.6409780253791396,0.44041910850648197,0.31016731016731014,0.11644086415232516,0.18413173652694612,0.551219512195122,0.3110257816785518
ADNI_041_S_1260,041_S_1260,test,041_S_1260_MR_2007-02-01,2007-02-01,I37970,Image/ADNI_041_S_1260/2007-02-01/t1.nii.gz,Image/ADNI_041_S_1260/2007-02-01/seg.nii.gz,0.0,2007-02-01T11:52:03,71.21423682409309,1.0,0.5,28.0,ADNI,MPRAGE,0.4221116300436414,0.6747252747252748,0.7799671592775042,0.40986617685646815,0.3992015968063872,0.3424007986024457,0.30585551330798477,0.5062034345263626,0.578803091879831,0.3602955609769776,0.3420074349442379,0.5320214669051878,0.09935004642525534,0.1692194992008524,0.6254826254826255,0.40534602709630174,0.624625748502994,0.34308943089430893,0.589687328579265
ADNI_041_S_1260,041_S_1260,test,041_S_1260_MR_2007-10-05,2007-10-05,I76936,Image/ADNI_041_S_1260/2007-10-05/t1.nii.gz,Image/ADNI_041_S_1260/2007-10-05/seg.nii.gz,8.081471747700395,2007-10-05T12:22:39,71.88774811772758,1.0,0.5,0.0,ADNI,MPRAGE,0.3881326085292091,0.7076923076923077,0.7668308702791461,0.4114405667803726,0.4171656686626746,0.3518342899925131,0.32197718631178707,0.523280751084211,0.5670730735516775,0.3164801884411542,0.3097893432465923,0.5245080500894455,0.11018260600433302,0.17352601669330492,0.6190476190476191,0.4291468326620286,0.6186377245508982,0.34552845528455284,0.6050466264399341
ADNI_041_S_1260,041_S_1260,test,041_S_1260_MR_2008-03-03,2008-03-03,I95081,Image/ADNI_041_S_1260/2008-03-03/t1.nii.gz,Image/ADNI_041_S_1260/2008-03-03/seg.nii.gz,13.009198423127463,2008-03-03T10:19:28,72.2984257357974,1.0,0.5,4.0,ADNI,MPRAGE,0.3885766786616645,0.6835164835164835,0.7931034482758621,0.45342429808449225,0.4096806387225549,0.42785126029448467,0.37749049429657794,0.49212854850752197,0.507705793290302,0.3630436611424245,0.355638166047088,0.5370304114490161,0.1259671928195605,0.18249422837861837,0.6048906048906049,0.4046136946173563,0.5748502994011976,0.36260162601626017,0.5776193088315963
ADNI_041_S_1260,041_S_1260,test,041_S_1260_MR_2008-09-24,2008-09-24,I118425,Image/ADNI_041_S_1260/2008-09-24/t1.nii.gz,Image/ADNI_041_S_1260/2008-09-24/seg.nii.gz,19.743758212877793,2008-09-24T12:41:42,72.85968514715948,1.0,0.5,0.0,ADNI,MPRAGE,0.3829722073348136,0.6747252747252748,0.7471264367816092,0.42770926266071896,0.4096806387225549,0.39605690042425756,0.33536121673003805,0.4984034694752895,0.5286477010120328,0.3510978379742576,0.3333333333333333,0.5456171735241503,0.1120396162178892,0.17889806428698277,0.5997425997425997,0.4031490296594654,0.6021706586826348,0.33739837398373984,0.596269884805266
ADNI_041_S_1260,041_S_1260,test,041_S_1260_MR_2009-03-04,2009-03-04,I137971,Image/ADNI_041_S_1260/2009-03-04/t1.nii.gz,Image/ADNI_041_S_1260/2009-03-04/seg.nii.gz,25.03285151116951,2009-03-04T13:55:46,73.30047912388775,1.0,0.5,5.0,ADNI,MPRAGE,0.3659137891432509,0.643956043956044,0.7610837438423645,0.3967462608239307,0.3902195608782435,0.3848764661841777,0.3568060836501901,0.4775770862126483,0.5317555183679975,0.35099969153977734,0.34944237918215615,0.5370304114490161,0.12039616217889199,0.1832267803232108,0.646074646074646,0.4046136946173563,0.5741017964071856,0.35121951219512193,0.6182117388919364
ADNI_041_S_1260,041_S_1260,test,041_S_1260_MR_2010-07-27,2010-07-27,I187656,Image/ADNI_041_S_1260/2010-07-27/t1.nii.gz,Image/ADNI_041_S_1260/2010-07-27/seg.nii.gz,41.78712220762155,2010-07-27T12:09:05,74.69678302532512,1.0,0.5,52.0,ADNI,MPRAGE,0.3616721537401424,0.6571428571428571,0.8004926108374384,0.39569666754132776,0.41367265469061876,0.3710007486897929,0.2959695817490494,0.4713974805000874,0.5281217626902542,0.35440677490816297,0.3066914498141264,0.5166368515205725,0.12813370473537605,0.20067483573077607,0.5662805662805663,0.4013181984621018,0.5976796407185628,0.375609756097561,0.6023038946791004
ADNI_041_S_4014,041_S_4014,test,041_S_4014_MR_2011-12-02,2011-12-02,I269652,Image/ADNI_041_S_4014/2011-12-02/t1.nii.gz,Image/ADNI_041_S_4014/2011-12-02/seg.nii.gz,0.0,2011-12-02T10:23:32,81.38261464750171,1.0,0.0,53.0,ADNI,MPRAGE,0.5749483194242401,0.5076923076923077,0.6477832512315271,0.11073209131461559,0.08532934131736528,0.3694035437983529,0.057946768060836505,0.5150836391364438,0.37174276834807557,0.6063066094613163,0.4950433705080545,0.5105545617173524,0.052615289384091615,0.38696501509500975,0.4543114543114543,0.2965946539729037,0.23652694610778444,0.37642276422764226,0.33955019199122327
ADNI_041_S_4014,041_S_4014,test,041_S_4014_MR_2012-05-30,2012-05-30,I307077,Image/ADNI_041_S_4014/2012-05-30/t1.nii.gz,Image/ADNI_041_S_4014/2012-05-30/seg.nii.gz,5.913272010512483,2012-05-30T11:54:20,81.8754277891855,1.0,0.0,9.0,ADNI,MPRAGE,0.6016537784243167,0.46813186813186813,0.5993431855500821,0.11598005772763054,0.07884231536926148,0.3757923633641128,0.10022813688212928,0.4907147055552908,0.41689377639652564,0.6096996719104905,0.4969021065675341,0.5152057245080501,0.04580625193438564,0.3830802699342923,0.5186615186615187,0.29586232149395825,0.23914670658682635,0.36829268292682926,0.34119583104772355
ADNI_041_S_4014,041_S_4014,test,041_S_4014_MR_2013-06-05,2013-06-05,I375277,Image/ADNI_041_S_4014/2013-06-05/t1.nii.gz,Image/ADNI_041_S_4014/2013-06-05/seg.nii.gz,18.101182654402102,2013-06-05T12:09:15,82.89117043121149,1.0,0.0,30.0,ADNI,MPRAGE_GRAPPA2,0.49521476150371335,0.4593406593406593,0.6083743842364532,0.07215953817895565,0.08582834331337326,0.3128525081108061,0.05901140684410646,0.503328090994297,0.2979679655749462,0.6287541011188693,0.4838909541511772,0.49838998211091234,0.03744970597338285,0.39298082045817795,0.4723294723294723,0.28158183815452215,0.17964071856287425,0.375609756097561,0.2918266593527153
ADNI_041_S_4014,041_S_4014,test,041_S_4014_MR_2015-05-14,2015-05-14,I492666,Image/ADNI_041_S_4014/2015-05-14/t1.nii.gz,Image/ADNI_041_S_4014/2015-05-14/seg.nii.gz,41.36005256241787,2015-05-14T10:43:47,84.82956878850102,1.0,0.0,28.0,ADNI,MPRAGE_GRAPPA2,0.6332593216445908,0.4175824175824176,0.6231527093596059,0.1157176594069798,0.12375249500998003,0.3341152982281008,0.08182509505703423,0.5357352777645396,0.3267511355486493,0.6645495078657356,0.5117719950433705,0.47549194991055455,0.05818632002476014,0.425967856508613,0.49034749034749037,0.3141706334675943,0.22305389221556887,0.416260162601626,0.2896324739440483
ADNI_041_S_4877,041_S_4877,val,041_S_4877_MR_2013-03-27,2013-03-27,I364562,Image/ADNI_041_S_4877/2013-03-27/t1.nii.gz,Image/ADNI_041_S_4877/2013-03-27/seg.nii.gz,0.0,2013-03-27T09:29:52,85.0321697467488,1.0,0.5,8.0,ADNI,MPRAGE,0.5197304953678892,0.4879120879120879,0.7454844006568144,0.3949094725793755,0.21906187624750498,0.33137010232093833,0.18996197718631178,0.5300322483280115,0.2341859909156108,0.6956479066767617,0.14436183395291202,0.46833631484794275,0.30052615289384094,0.2886254661694193,0.5611325611325612,0.42145734163310145,0.2058383233532934,0.37317073170731707,0.40537575425123423
ADNI_041_S_4877,041_S_4877,val,041_S_4877_MR_2013-09-09,2013-09-09,I389035,Image/ADNI_041_S_4877/2013-09-09/t1.nii.gz,Image/ADNI_041_S_4877/2013-09-09/seg.nii.gz,5.45335085413929,2013-09-09T12:25:27,85.48665297741273,1.0,0.5,25.0,ADNI,MPRAGE_GRAPPA2,0.5014929944108414,0.4747252747252747,0.7175697865353038,0.3768039884544739,0.19860279441117765,0.3087596705764911,0.20760456273764258,0.5263943827542932,0.2156347119292374,0.707846106390735,0.16604708798017348,0.43148479427549197,0.29526462395543174,0.29053454093411474,0.44787644787644787,0.42475283778835593,0.18001497005988024,0.3642276422764228,0.3927591881513988
ADNI_041_S_4877,041_S_4877,val,041_S_4877_MR_2014-10-07,2014-10-07,I446512,Image/ADNI_041_S_4877/2014-10-07/t1.nii.gz,Image/ADNI_041_S_4877/2014-10-07/seg.nii.gz,18.363994743758212,2014-10-07T10:06:36,86.56262833675565,1.0,0.5,10.0,ADNI,MPRAGE_GRAPPA2,0.5516422938519255,0.4835164835164835,0.7003284072249589,0.39123589609026505,0.20758483033932135,0.32213626154230096,0.21247148288973383,0.5293650415415654,0.2139772093393896,0.7206892683884355,0.16047087980173483,0.46225402504472274,0.34478489631692977,0.3225892381459776,0.5431145431145431,0.4470889783961919,0.2002245508982036,0.38943089430894307,0.4031815688425672
ADNI_041_S_4989,041_S_4989,train,041_S_4989_MR_2013-04-26,2013-04-26,I368911,Image/ADNI_041_S_4989/2013-04-26/t1.nii.gz,Image/ADNI_041_S_4989/2013-04-26/seg.nii.gz,0.0,2013-04-26T08:41:00,60.695414099931554,0.0,0.5,11.0,ADNI,MPRAGE,0.7719470178393691,0.6967032967032967,0.7816091954022989,0.8837575439517187,0.4625748502994012,0.6022460693785875,0.7823574144486692,0.7596625839965686,0.8064228225356602,0.1597403325762037,0.23915737298636927,0.6819320214669052,0.04735376044568245,0.07707334398863434,0.7245817245817245,0.7114610032954961,0.5759730538922155,0.04878048780487805,0.7399890290729567
ADNI_041_S_4989,041_S_4989,train,041_S_4989_MR_2013-10-25,2013-10-25,I396058,Image/ADNI_041_S_4989/2013-10-25/t1.nii.gz,Image/ADNI_041_S_4989/2013-10-25/seg.nii.gz,5.978975032851511,2013-10-25T08:40:25,61.1937029431896,0.0,0.5,3.0,ADNI,MPRAGE_GRAPPA2,0.75014164305949,0.6813186813186813,0.7898193760262726,0.8869063237995277,0.467564870259481,0.5781382580484152,0.8469961977186312,0.7168978061605427,0.801290939517093,0.18396848097361262,0.26394052044609667,0.6815742397137746,0.03806870937790158,0.07511987213638785,0.676962676962677,0.6916880263639692,0.6171407185628742,0.046341463414634146,0.7169500822819528
ADNI_041_S_4989,041_S_4989,train,041_S_4989_MR_2014-11-11,2014-11-11,I453212,Image/ADNI_041_S_4989/2014-11-11/t1.nii.gz,Image/ADNI_041_S_4989/2014-11-11/seg.nii.gz,18.528252299605782,2014-11-11T09:50:31,62.23956194387406,0.0,0.5,63.0,ADNI,MPRAGE,0.7282597044636705,0.6351648351648351,0.7487684729064039,0.8756231960115455,0.4416167664670659,0.5695033691040678,0.7735361216730038,0.7472557149438435,0.7746115228305044,0.17024200106558987,0.2577447335811648,0.6561717352415026,0.03837821108016094,0.08144645711241343,0.7052767052767053,0.7023068473086781,0.5737275449101796,0.04959349593495935,0.712013165112452
ADNI_051_S_4929,051_S_4929,train,051_S_4929_MR_2013-05-28,2013-05-28,I374647,Image/ADNI_051_S_4929/2013-05-28/t1.nii.gz,Image/ADNI_051_S_4929/2013-05-28/seg.nii.gz,0.0,2013-05-28T14:25:06,76.44900752908967,0.0,0.5,0.0,ADNI,MPRAGE_GRAPPA2,0.5478294158180844,0.2703296703296703,0.46798029556650245,0.5387037522959853,0.18363273453093812,0.6843523833291739,0.5072243346007604,0.30515178954391653,0.24720694876085744,0.656781918622585,0.22304832713754646,0.281216457960644,0.2008666047663262,0.48754661694192863,0.6113256113256114,0.20175759794946907,0.45845808383233533,0.4634146341463415,0.5589687328579265
ADNI_051_S_4929,051_S_4929,train,051_S_4929_MR_2013-10-02,2013-10-02,I393108,Image/ADNI_051_S_4929/2013-10-02/t1.nii.gz,Image/ADNI_051_S_4929/2013-10-02/seg.nii.gz,4.1721419185282524,2013-10-02T10:06:59,76.79671457905545,0.0,0.5,50.0,ADNI,MPRAGE_GRAPPA2,0.5106653395605237,0.25274725274725274,0.4638752052545156,0.5229598530569405,0.1631736526946108,0.682555527826304,0.46539923954372625,0.2758900061954916,0.2130528328950514,0.6817531757382014,0.2137546468401487,0.281216457960644,0.20055710306406685,0.4960708577517315,0.6357786357786358,0.18930794580739657,0.44461077844311375,0.46016260162601624,0.4986286341195831
ADNI_052_S_0671,052_S_0671,train,052_S_0671_MR_2006-07-05,2006-07-05,I17849,Image/ADNI_052_S_0671/2006-07-05/t1.nii.gz,Image/ADNI_052_S_0671/2006-07-05/seg.nii.gz,0.0,2006-07-05T08:21:15,61.054072553045856,0.0,0.5,0.0,ADNI,MP-RAGE,0.45774442998239034,0.589010989010989,0.4917898193760263,0.7696142744686434,0.23053892215568864,0.5189917644122786,0.7128517110266159,0.5351951579850355,0.5250776954338991,0.39414205995345053,0.25092936802973975,0.5778175313059034,0.03466419065304859,0.046172971053098914,0.48906048906048905,0.4492859758330282,0.7327844311377245,0.15934959349593497,0.7520570488206253
ADNI_052_S_0671,052_S_0671,train,052_S_0671_MR_2007-01-19,2007-01-19,I36832,Image/ADNI_052_S_0671/2007-01-19/t1.nii.gz,Image/ADNI_052_S_0671/2007-01-19/seg.nii.gz,6.504599211563732,2007-01-19T13:05:20,61.596167008898014,0.0,0.5,59.0,ADNI,MP-RAGE,0.41272490620932545,0.49230769230769234,0.5213464696223317,0.7055890842298609,0.23502994011976047,0.480958322934864,0.7096577946768061,0.4560040667842222,0.519579249342577,0.43966798463307255,0.2552664188351921,0.5370304114490161,0.04952027236149799,0.056428698277393004,0.4864864864864865,0.42365433906993777,0.6822604790419161,0.1886178861788618,0.7174986286341196
ADNI_052_S_0671,052_S_0671,train,052_S_0671_MR_2007-07-04,2007-07-04,I58496,Image/ADNI_052_S_0671/2007-07-04/t1.nii.gz,Image/ADNI_052_S_0671/2007-07-04/seg.nii.gz,11.957950065703022,2007-07-04T11:32:32,62.050650239561946,0.0,0.5,0.0,ADNI,MP-RAGE,0.4093714110711278,0.47692307692307695,0.5197044334975369,0.7278929414851745,0.23852295409181637,0.4883453955577739,0.6839543726235742,0.4862348885605808,0.47455574149334606,0.44761784582597236,0.25216852540272616,0.48407871198568875,0.047044258743423086,0.06364322500443971,0.5546975546975547,0.42878066642255586,0.6504491017964071,0.18048780487804877,0.6834887547997806
ADNI_052_S_0671,052_S_0671,train,052_S_0671_MR_2008-01-15,2008-01-15,I87423,Image/ADNI_052_S_0671/2008-01-15/t1.nii.gz,Image/ADNI_052_S_0671/2008-01-15/seg.nii.gz,18.363994743758212,2008-01-15T11:18:29,62.5845311430527,0.0,0.5,22.0,ADNI,MP-RAGE,0.42059566648801777,0.5340659340659341,0.5180623973727422,0.7743374442403569,0.2410179640718563,0.49318692288495136,0.7020532319391635,0.48078603313793705,0.473551677424496,0.45161380780123944,0.22738537794299876,0.4629695885509839,0.060662333642835034,0.07143491386965015,0.5379665379665379,0.4525814719882827,0.6467065868263473,0.2048780487804878,0.7185957213384531
ADNI_052_S_0671,052_S_0671,train,052_S_0671_MR_2008-09-04,2008-09-04,I117573,Image/ADNI_052_S_0671/2008-09-04/t1.nii.gz,Image/ADNI_052_S_0671/2008-09-04/seg.nii.gz,26.018396846254927,2008-09-04T09:14:18,63.22245037645448,0.0,0.5,211.0,ADNI,MP-RAGE,0.4063854222494449,0.5252747252747253,0.4852216748768473,0.7612175282078195,0.20209580838323354,0.49288744696780634,0.6684410646387833,0.4553209741219082,0.4461710096422026,0.48159053307534844,0.2540272614622057,0.4325581395348837,0.07304240173320953,0.088949564908542,0.5585585585585585,0.42841450018308314,0.6317365269461078,0.23495934959349593,0.6747120131651124
ADNI_052_S_0671,052_S_0671,train,052_S_0671_MR_2009-12-21,2009-12-21,I161313,Image/ADNI_052_S_0671/2009-12-21/t1.nii.gz,Image/ADNI_052_S_0671/2009-12-21/seg.nii.gz,41.55716162943495,2009-12-21T10:48:16,64.51745379876797,0.0,0.5,28.0,ADNI,MP-RAGE,0.31800015312763186,0.43956043956043955,0.41625615763546797,0.7383888743112044,0.16167664670658682,0.47302221113052156,0.6670722433460076,0.3636435844890308,0.37274683241692563,0.5423992596954657,0.26332094175960347,0.3588550983899821,0.09904054472299598,0.116764340259279,0.574002574002574,0.3830098864884658,0.5872005988023952,0.2764227642276423,0.6752605595172793
ADNI_052_S_0671,052_S_0671,train,052_S_0671_MR_2011-06-27,2011-06-27,I241982,Image/ADNI_052_S_0671/2011-06-27/t1.nii.gz,Image/ADNI_052_S_0671/2011-06-27/seg.nii.gz,59.72404730617608,2011-06-27T10:12:45,66.03148528405202,0.0,0.5,2.0,ADNI,MP-RAGE,0.08343924661205114,0.34945054945054943,0.3374384236453202,0.6730516924691682,0.14221556886227546,0.4355378088345396,0.6647908745247149,0.1894231838472414,0.2757351183361224,0.563010010936317,0.26022304832713755,0.2504472271914132,0.1680594243268338,0.15583377730420883,0.5482625482625483,0.32954961552544854,0.5479041916167665,0.3463414634146341,0.6571585298957762
ADNI_052_S_0671,052_S_0671,train,052_S_0671_MR_2012-07-09,2012-07-09,I315607,Image/ADNI_052_S_0671/2012-07-09/t1.nii.gz,Image/ADNI_052_S_0671/2012-07-09/seg.nii.gz,72.14191852825229,2012-07-09T08:16:38,67.06639288158796,0.0,0.5,4.0,ADNI,MP-RAGE,0.3291937830181456,0.3648351648351648,0.2660098522167488,0.7530831802676463,0.16117764471057885,0.5047167456950337,0.727148288973384,0.17429983002112823,0.30665391664674474,0.7021816550293037,0.30359355638166047,0.23935599284436493,0.2531723924481585,0.20895489255904812,0.5572715572715573,0.35664591724642986,0.5901946107784432,0.43414634146341463,0.693911135490949
ADNI_052_S_0671,052_S_0671,train,052_S_0671_MR_2015-07-17,2015-07-17,I501922,Image/ADNI_052_S_0671/2015-07-17/t1.nii.gz,Image/ADNI_052_S_0671/2015-07-17/seg.nii.gz,108.37713534822602,2015-07-17T09:43:52,70.08624229979466,0.0,1.0,27.0,ADNI,Sag_IR-FSPGR,0.1977030855217824,0.2967032967032967,0.11986863711001643,0.694043558121228,0.124750499001996,0.5018717244821562,0.6330038022813688,0.03452000826065545,0.2010040640688501,0.6910770870138246,0.3333333333333333,0.16457960644007155,0.539770968740328,0.40341413603267623,0.528957528957529,0.2841450018308312,0.34206586826347307,0.6455284552845528,0.6467361492046078
ADNI_052_S_4945,052_S_4945,train,052_S_4945_MR_2013-07-08,2013-07-08,I379678,Image/ADNI_052_S_4945/2013-07-08/t1.nii.gz,Image/ADNI_052_S_4945/2013-07-08/seg.nii.gz,0.0,2013-07-08T10:50:59,57.229295003422315,1.0,0.5,113.0,ADNI,Sag_IR-FSPGR,0.46644207947324096,0.5472527472527473,0.6921182266009852,0.3264235108895303,0.44510978043912175,0.565210880958323,0.4447148288973384,0.6185324627873358,0.562977129651765,0.2293121337034856,0.14684014869888476,0.4776386404293381,0.11606313834726091,0.2105975847984372,0.6241956241956242,0.4415964848041011,0.4438622754491018,0.41788617886178864,0.5979155238617663
ADNI_052_S_4945,052_S_4945,train,052_S_4945_MR_2014-01-17,2014-01-17,I404950,Image/ADNI_052_S_4945/2014-01-17/t1.nii.gz,Image/ADNI_052_S_4945/2014-01-17/seg.nii.gz,6.340341655716163,2014-01-17T13:03:48,57.75770020533881,1.0,0.5,14.0,ADNI,Accelerated_Sag_IR-FSPGR,0.49670009953296074,0.5538461538461539,0.6642036124794746,0.3335082655471005,0.4406187624750499,0.563114549538308,0.4406083650190114,0.6926559595863317,0.53819427842856,0.20396231176915958,0.15179677819083023,0.47048300536672627,0.1358712472918601,0.2236725270822234,0.7155727155727156,0.45184913950933725,0.45022455089820357,0.4349593495934959,0.5852989577619309
ADNI_052_S_4945,052_S_4945,train,052_S_4945_MR_2015-01-07,2015-01-07,I467905,Image/ADNI_052_S_4945/2015-01-07/t1.nii.gz,Image/ADNI_052_S_4945/2015-01-07/seg.nii.gz,18.00262812089356,2015-01-07T09:37:58,58.729637234770706,1.0,1.0,15.0,ADNI,Sag_IR-FSPGR,0.42972207334813567,0.44835164835164837,0.6461412151067324,0.3363946470742587,0.4620758483033932,0.5509857748939356,0.3990874524714829,0.6013280592225453,0.4984939038967248,0.25345615658562576,0.15861214374225527,0.41359570661896244,0.16094088517486846,0.25137630971408276,0.6280566280566281,0.3921640424752838,0.4026946107784431,0.47560975609756095,0.5825562260010971
ADNI_053_S_4557,053_S_4557,train,053_S_4557_MR_2012-09-27,2012-09-27,I337181,Image/ADNI_053_S_4557/2012-09-27/t1.nii.gz,Image/ADNI_053_S_4557/2012-09-27/seg.nii.gz,0.0,2012-09-27T15:46:54,83.95071868583162,0.0,0.5,25.0,ADNI,MPRAGE,0.7941658372253273,1.0,0.8308702791461412,0.8869063237995277,0.7105788423153693,0.6912902420763664,0.7549809885931559,0.6379608889736136,0.5983424974101522,0.3879027509043493,0.12577447335811648,0.8103756708407871,0.05478180129990715,0.09536494405966968,0.9073359073359073,1.0,0.9955089820359282,0.11463414634146342,0.9747668678003292
ADNI_053_S_4557,053_S_4557,train,053_S_4557_MR_2013-03-04,2013-03-04,I745753,Image/ADNI_053_S_4557/2013-03-04/t1.nii.gz,Image/ADNI_053_S_4557/2013-03-04/seg.nii.gz,5.19053876478318,2013-03-04T15:13:00,84.3832991101985,0.0,0.5,10.0,ADNI,MPRAGE_SENSE2,0.8097082918612664,0.9406593406593406,0.7791461412151067,0.9078981894515875,0.6526946107784432,0.6702770152233591,0.7926996197718631,0.6011533145879998,0.6231731612080644,0.42661450884720004,0.09541511771995044,0.7871198568872988,0.06375735066542866,0.09409962706446458,0.7902187902187903,0.8213108751373124,1.0,0.0943089430894309,1.0
ADNI_053_S_4557,053_S_4557,train,053_S_4557_MR_2014-03-07,2014-03-07,I416205,Image/ADNI_053_S_4557/2014-03-07/t1.nii.gz,Image/ADNI_053_S_4557/2014-03-07/seg.nii.gz,17.279894875164256,2014-03-07T11:35:27,85.39082819986311,0.0,0.5,6.0,ADNI,MPRAGE,0.7552867314906975,0.9296703296703297,0.7545155993431856,0.8255051167672527,0.6586826347305389,0.6267032692787622,0.7218250950570342,0.5469348202513146,0.536361463064786,0.5231625585373377,0.13878562577447337,0.7384615384615385,0.06623336428350356,0.09956046883324454,0.8236808236808236,0.8985719516660564,0.938622754491018,0.13089430894308943,0.8848052660449808
ADNI_053_S_5070,053_S_5070,train,053_S_5070_MR_2013-09-10,2013-09-10,I389298,Image/ADNI_053_S_5070/2013-09-10/t1.nii.gz,Image/ADNI_053_S_5070/2013-09-10/seg.nii.gz,0.0,2013-09-10T14:58:36,71.81930184804928,1.0,1.0,0.0,ADNI,MPRAGE_SENSE2,0.7137891432508996,0.27912087912087913,0.6116584564860427,0.21411702965101023,0.49850299401197606,0.24352383329173946,0.21612167300380228,0.2077713704745111,0.33711052673519804,0.7504556798743726,0.4231722428748451,0.4189624329159213,0.3023831631073971,0.823277393003019,0.4671814671814672,0.27828634199926766,0.24476047904191617,0.8268292682926829,0.3867251782775645
ADNI_053_S_5070,053_S_5070,train,053_S_5070_MR_2014-02-21,2014-02-21,I415180,Image/ADNI_053_S_5070/2014-02-21/t1.nii.gz,Image/ADNI_053_S_5070/2014-02-21/seg.nii.gz,5.387647831800263,2014-02-21T12:00:36,72.26830937713895,1.0,1.0,1.0,ADNI,MPRAGE,0.6665492688155578,0.2813186813186813,0.6371100164203612,0.2012595119391236,0.5399201596806387,0.2727227352133766,0.18889733840304182,0.19290219066228217,0.2834488803888756,0.7301253470177504,0.4114002478314746,0.41967799642218245,0.3172392448158465,0.8686734150239744,0.4543114543114543,0.2845111680703039,0.27095808383233533,0.7894308943089431,0.4355458036204059
ADNI_053_S_6598,053_S_6598,train,053_S_6598_MR_2018-10-11,2018-10-11,I1058963,Image/ADNI_053_S_6598/2018-10-11/t1.nii.gz,Image/ADNI_053_S_6598/2018-10-11/seg.nii.gz,0.0,2018-10-11T11:50:29,71.24161533196441,1.0,0.5,14.0,ADNI,Sagittal_3D_Accelerated_MPRAGE,0.5894035678738229,0.46593406593406594,0.7142857142857143,0.4219364996064025,0.6017964071856288,0.6638382830047417,0.2904942965779468,0.7137365168628572,0.4574707147979919,0.3756204256751073,0.1288723667905824,0.5960644007155635,0.02661714639430517,0.11694192860948321,0.640926640926641,0.644818747711461,0.6590568862275449,0.216260162601626,0.5447065277015908
ADNI_053_S_6598,053_S_6598,train,053_S_6598_MR_2019-10-29,2019-10-29,I1249519,Image/ADNI_053_S_6598/2019-10-29/t1.nii.gz,Image/ADNI_053_S_6598/2019-10-29/seg.nii.gz,12.582128777923783,2019-10-29T16:31:35,72.290212183436,1.0,0.5,2.0,ADNI,Sagittal_3D_Accelerated_MPRAGE,0.640854452185897,0.48131868131868133,0.6855500821018062,0.4321700341117817,0.5843313373253493,0.6478662340903419,0.31163498098859316,0.6934184816279846,0.46500916407681886,0.42525447968368807,0.15055762081784388,0.5688729874776386,0.036521200866604764,0.13705380927011188,0.6023166023166023,0.6268766019772977,0.6347305389221557,0.2552845528455285,0.5611629182665935
ADNI_053_S_6598,053_S_6598,train,053_S_6598_MR_2022-06-20,2022-06-20,I1592642,Image/ADNI_053_S_6598/2022-06-20/t1.nii.gz,Image/ADNI_053_S_6598/2022-06-20/seg.nii.gz,44.283837056504595,2022-06-20T11:19:31,74.93223819301848,1.0,0.5,217.0,ADNI,Sagittal_3D_Accelerated_MPRAGE,0.5119516116683256,0.512087912087912,0.6789819376026273,0.40068223563369193,0.6816367265469062,0.642375842276017,0.31954372623574145,0.6569921682631972,0.4274125428320982,0.37186281932643506,0.12453531598513011,0.4998211091234347,0.031259671928195606,0.13836352335286806,0.6280566280566281,0.6774075430245331,0.6470808383233533,0.26097560975609757,0.5688425671969282
ADNI_057_S_0643,057_S_0643,test,057_S_0643_MR_2006-06-21,2006-06-21,I17388,Image/ADNI_057_S_0643/2006-06-21/t1.nii.gz,Image/ADNI_057_S_0643/2006-06-21/seg.nii.gz,0.0,2006-06-21T13:35:43,71.43052703627653,0.0,0.0,21.0,ADNI,MPRAGE,0.5656228466426767,0.6747252747252748,0.6650246305418719,0.6037785358173707,0.23602794411177644,0.6633890691290242,0.7755133079847909,0.6423136189613814,0.6978564029006296,0.17981828888701942,0.030978934324659233,0.6543828264758498,0.028783658310120707,0.11394512519978689,0.7619047619047619,0.23690955693885024,0.5748502994011976,0.08373983739837398,0.643993417443774
ADNI_057_S_0643,057_S_0643,test,057_S_0643_MR_2007-01-24,2007-01-24,I38208,Image/ADNI_057_S_0643/2007-01-24/t1.nii.gz,Image/ADNI_057_S_0643/2007-01-24/seg.nii.gz,7.128777923784494,2007-01-24T15:50:28,72.02464065708419,0.0,0.0,6.0,ADNI,MPRAGE,0.5747492535027946,0.6527472527472528,0.6494252873563219,0.5982681710837051,0.23353293413173654,0.6834539555777389,0.7822053231939163,0.6688589175364184,0.708120168937764,0.14734583999326997,0.030978934324659233,0.6615384615384615,0.02692664809656453,0.11534363345764517,0.7786357786357786,0.23947272061515928,0.5755988023952096,0.08943089430894309,0.6988480526604498
ADNI_057_S_0643,057_S_0643,test,057_S_0643_MR_2007-07-18,2007-07-18,I60850,Image/ADNI_057_S_0643/2007-07-18/t1.nii.gz,Image/ADNI_057_S_0643/2007-07-18/seg.nii.gz,12.877792378449408,2007-07-18T15:27:27,72.50376454483231,0.0,0.0,7.0,ADNI,MPRAGE,0.5451190567337876,0.643956043956044,0.6814449917898193,0.5861978483337706,0.19910179640718562,0.6740204641876716,0.7995437262357414,0.6328456369441929,0.6821260658219779,0.1789910546535431,0.040892193308550186,0.6561717352415026,0.023831631073970908,0.11796306162315752,0.7117117117117117,0.22299523983888686,0.5475299401197605,0.08048780487804878,0.6631925397696106
ADNI_057_S_0643,057_S_0643,test,057_S_0643_MR_2008-07-16,2008-07-16,I113265,Image/ADNI_057_S_0643/2008-07-16/t1.nii.gz,Image/ADNI_057_S_0643/2008-07-16/seg.nii.gz,24.83574244415243,2008-07-16T14:44:03,73.5003422313484,0.0,0.0,0.0,ADNI,MPRAGE,0.554306714646658,0.6,0.6625615763546798,0.5812122802414065,0.21107784431137724,0.673671075617669,0.7904182509505704,0.6394382754293158,0.6809307514542992,0.1817952384958358,0.03283767038413878,0.6561717352415026,0.033426183844011144,0.11902859172438288,0.6306306306306306,0.23398022702306848,0.5595059880239521,0.08943089430894309,0.712013165112452
ADNI_057_S_0643,057_S_0643,test,057_S_0643_MR_2009-07-22,2009-07-22,I150035,Image/ADNI_057_S_0643/2009-07-22/t1.nii.gz,Image/ADNI_057_S_0643/2009-07-22/seg.nii.gz,37.023653088042046,2009-07-22T12:51:14,74.5160848733744,0.0,0.0,0.0,ADNI,MPRAGE,0.5695429140188347,0.6307692307692307,0.6691297208538588,0.606664917344529,0.2025948103792415,0.6539555777389569,0.7966539923954372,0.5888735325422167,0.6993704677663559,0.22570875746613947,0.05204460966542751,0.6232558139534884,0.036521200866604764,0.1235126975670396,0.7413127413127413,0.2380080556572684,0.5591317365269461,0.08048780487804878,0.65990126165661
ADNI_057_S_0779,057_S_0779,test,057_S_0779_MR_2006-08-16,2006-08-16,I23159,Image/ADNI_057_S_0779/2006-08-16/t1.nii.gz,Image/ADNI_057_S_0779/2006-08-16/seg.nii.gz,0.0,2006-08-16T13:05:14,79.49897330595482,1.0,0.0,20.0,ADNI,MPRAGE,0.38263532654467497,0.3978021978021978,0.6576354679802956,0.3395434269220677,0.15419161676646706,0.40404292488145743,0.3922433460076046,0.3555576736723379,0.3306239540999283,0.6376994475757831,0.13940520446096655,0.4779964221824687,0.13710925410089755,0.25435091458000353,0.43886743886743884,0.17026730135481508,0.4315119760479042,0.3983739837398374,0.4136039495337356
ADNI_057_S_0779,057_S_0779,test,057_S_0779_MR_2007-03-14,2007-03-14,I44810,Image/ADNI_057_S_0779/2007-03-14/t1.nii.gz,Image/ADNI_057_S_0779/2007-03-14/seg.nii.gz,6.898817345597897,2007-03-14T16:25:26,80.07392197125257,1.0,0.0,8.0,ADNI,MPRAGE,0.3738611132378838,0.3648351648351648,0.59688013136289,0.2951981107320913,0.12624750499001997,0.4096830546543549,0.3341444866920152,0.3607364692052296,0.3002470316359869,0.624295448809624,0.15923172242874845,0.4762075134168157,0.18198700092850512,0.3045640206002486,0.4453024453024453,0.16623947272061515,0.4154191616766467,0.4658536585365854,0.4563905650027427
ADNI_057_S_0779,057_S_0779,test,057_S_0779_MR_2007-09-12,2007-09-12,I72730,Image/ADNI_057_S_0779/2007-09-12/t1.nii.gz,Image/ADNI_057_S_0779/2007-09-12/seg.nii.gz,12.877792378449408,2007-09-12T13:43:52,80.57221081451061,1.0,0.0,6.0,ADNI,MPRAGE,0.34620626292014395,0.4307692307692308,0.5689655172413793,0.3143531881395959,0.10379241516966067,0.38437733965560267,0.32136882129277566,0.3373683458037459,0.30458203840943504,0.627352009197723,0.15055762081784388,0.4744186046511628,0.18446301454658,0.30292132836085955,0.4362934362934363,0.13218601244965214,0.40905688622754494,0.44634146341463415,0.43883708173340646
ADNI_057_S_0779,057_S_0779,test,057_S_0779_MR_2008-09-17,2008-09-17,I118511,Image/ADNI_057_S_0779/2008-09-17/t1.nii.gz,Image/ADNI_057_S_0779/2008-09-17/seg.nii.gz,25.065703022339026,2008-09-17T13:13:23,81.58795345653662,1.0,0.5,0.0,ADNI,MPRAGE,0.3375698644820458,0.36043956043956044,0.6001642036124795,0.3109420099711362,0.0783433133732535,0.3905165959570751,0.37019011406844105,0.33196714800870547,0.28840545063351664,0.6159249600403802,0.161090458488228,0.451520572450805,0.1934385639121015,0.32827206535251285,0.4015444015444015,0.14463566459172464,0.4273952095808383,0.483739837398374,0.4355458036204059
ADNI_057_S_0779,057_S_0779,test,057_S_0779_MR_2009-09-02,2009-09-02,I154122,Image/ADNI_057_S_0779/2009-09-02/t1.nii.gz,Image/ADNI_057_S_0779/2009-09-02/seg.nii.gz,36.563731931668855,2009-09-02T13:39:13,82.54620123203286,1.0,0.5,0.0,ADNI,MPRAGE,0.348043794502718,0.41318681318681316,0.6206896551724138,0.28942534767777484,0.0968063872255489,0.3705515348140754,0.316958174904943,0.3312046259670527,0.24574069646983823,0.6589411401811502,0.14807930607187111,0.4493738819320215,0.22191272051996286,0.35129195524773577,0.4517374517374517,0.16404247528377883,0.40344311377245506,0.5073170731707317,0.3960504662643993
ADNI_057_S_0818,057_S_0818,train,057_S_0818_MR_2006-09-06,2006-09-06,I23927,Image/ADNI_057_S_0818/2006-09-06/t1.nii.gz,Image/ADNI_057_S_0818/2006-09-06/seg.nii.gz,0.0,2006-09-06T13:54:55,74.05886379192334,0.0,0.0,21.0,ADNI,MPRAGE,0.5005589158563662,0.5626373626373626,0.6576354679802956,0.7281553398058253,0.32934131736526945,0.6636885450461693,0.6947528517110266,0.49223974963859635,0.5022232847238823,0.4353775833543647,0.19640644361833953,0.724865831842576,0.047044258743423086,0.06430918131770556,0.5225225225225225,0.3094104723544489,0.7979041916167665,0.1878048780487805,0.7246297312122875
ADNI_057_S_0818,057_S_0818,train,057_S_0818_MR_2007-03-28,2007-03-28,I47351,Image/ADNI_057_S_0818/2007-03-28/t1.nii.gz,Image/ADNI_057_S_0818/2007-03-28/seg.nii.gz,6.668856767411301,2007-03-28T14:24:18,74.61464750171116,0.0,0.0,0.0,ADNI,MPRAGE,0.4788760431819922,0.5384615384615384,0.625615763546798,0.7239569666754133,0.3068862275449102,0.6772148739705516,0.6337642585551331,0.5096506695896679,0.4732010518766436,0.4265303833319312,0.21313506815365552,0.7112701252236135,0.047044258743423086,0.06890427987923992,0.4980694980694981,0.3214939582570487,0.8023952095808383,0.2048780487804878,0.6906198573779484
ADNI_057_S_0818,057_S_0818,train,057_S_0818_MR_2007-09-26,2007-09-26,I75356,Image/ADNI_057_S_0818/2007-09-26/t1.nii.gz,Image/ADNI_057_S_0818/2007-09-26/seg.nii.gz,12.64783180026281,2007-09-26T14:05:23,75.1129363449692,0.0,0.0,0.0,ADNI,MPRAGE,0.5119362989051375,0.567032967032967,0.6477832512315271,0.7197585935450013,0.3088822355289421,0.6612927377090092,0.6301140684410647,0.5100319306104942,0.49187983106223604,0.4442107624575867,0.21127633209417596,0.6930232558139535,0.041163726400495204,0.07212306872669152,0.5148005148005148,0.307945807396558,0.7911676646706587,0.216260162601626,0.6823916620954471
ADNI_057_S_0818,057_S_0818,train,057_S_0818_MR_2008-09-24,2008-09-24,I118558,Image/ADNI_057_S_0818/2008-09-24/t1.nii.gz,Image/ADNI_057_S_0818/2008-09-24/seg.nii.gz,24.605781865965834,2008-09-24T13:10:35,76.10951403148529,0.0,0.0,0.0,ADNI,MPRAGE,0.4948013168976342,0.4989010989010989,0.6206896551724138,0.6880083967462608,0.31636726546906185,0.6523583728475169,0.6538403041825095,0.5072995599612384,0.4724201131564268,0.44743557387622335,0.19578686493184635,0.6837209302325581,0.05013927576601671,0.07645178476291956,0.49034749034749037,0.3006224826071036,0.8125,0.22601626016260162,0.7010422380691168
ADNI_057_S_0818,057_S_0818,train,057_S_0818_MR_2009-09-30,2009-09-30,I155902,Image/ADNI_057_S_0818/2009-09-30/t1.nii.gz,Image/ADNI_057_S_0818/2009-09-30/seg.nii.gz,36.793692509855454,2009-09-30T13:29:42,77.12525667351129,0.0,0.0,0.0,ADNI,MPRAGE,0.5075874741597122,0.5516483516483517,0.6633825944170771,0.7108370506428758,0.3073852295409182,0.6513601197903669,0.652319391634981,0.5115252029420642,0.4592079050123516,0.4633633381004459,0.22057001239157373,0.7334525939177102,0.04456824512534819,0.07702894690108329,0.47619047619047616,0.2998901501281582,0.8147455089820359,0.24715447154471545,0.6686780032912781
ADNI_057_S_0839,057_S_0839,train,057_S_0839_MR_2006-09-20,2006-09-20,I24850,Image/ADNI_057_S_0839/2006-09-20/t1.nii.gz,Image/ADNI_057_S_0839/2006-09-20/seg.nii.gz,0.0,2006-09-20T14:00:08,79.51813826146476,0.0,0.5,16.0,ADNI,MPRAGE,0.46122042722609297,0.6483516483516484,0.7471264367816092,0.38310154815009184,0.18463073852295409,0.42340903419016723,0.4094296577946768,0.46277144990389046,0.4061200095625149,0.5325425534898068,0.09851301115241635,0.6207513416815742,0.15165583410708758,0.23901172083111347,0.5482625482625483,0.32662028560966677,0.3940868263473054,0.3024390243902439,0.5298957761930884
ADNI_057_S_0839,057_S_0839,train,057_S_0839_MR_2007-04-18,2007-04-18,I49581,Image/ADNI_057_S_0839/2007-04-18/t1.nii.gz,Image/ADNI_057_S_0839/2007-04-18/seg.nii.gz,6.898817345597897,2007-04-18T15:14:15,80.0930869267625,0.0,0.5,0.0,ADNI,MPRAGE,0.44226322639920373,0.589010989010989,0.7495894909688013,0.35633691944371554,0.2120758483033932,0.45155977040179685,0.3811406844106464,0.4511588746445535,0.3947884293569209,0.5192927848349738,0.1251548946716233,0.6110912343470483,0.15753636645001548,0.251931273308471,0.592020592020592,0.34968875869644817,0.39595808383233533,0.3178861788617886,0.5869445968184311
ADNI_057_S_0839,057_S_0839,train,057_S_0839_MR_2007-10-03,2007-10-03,I76732,Image/ADNI_057_S_0839/2007-10-03/t1.nii.gz,Image/ADNI_057_S_0839/2007-10-03/seg.nii.gz,12.417871222076215,2007-10-03T13:39:03,80.55304585900069,0.0,0.5,0.0,ADNI,MPRAGE,0.41517494831942425,0.5582417582417583,0.7446633825944171,0.3476777748622409,0.18063872255489022,0.43364112802595456,0.38692015209125474,0.43425630272125054,0.36759901187345606,0.5338324780572614,0.12763320941759604,0.5949910554561717,0.1770349736923553,0.2680918131770556,0.5418275418275418,0.2914683266202856,0.3596556886227545,0.3284552845528455,0.5501919912232583
ADNI_057_S_0839,057_S_0839,train,057_S_0839_MR_2008-04-09,2008-04-09,I101826,Image/ADNI_057_S_0839/2008-04-09/t1.nii.gz,Image/ADNI_057_S_0839/2008-04-09/seg.nii.gz,18.626806833114323,2008-04-09T13:39:00,81.07049965776865,0.0,0.5,9.0,ADNI,MPRAGE,0.40852920909578133,0.5648351648351648,0.7512315270935961,0.34479139333508263,0.17864271457085829,0.4490641377589219,0.35923954372623573,0.39238113393381946,0.34721491752330863,0.5769327837133003,0.12639405204460966,0.5749552772808587,0.181058495821727,0.2733084709643047,0.5675675675675675,0.3160014646649579,0.37200598802395207,0.3382113821138211,0.5293472298409215
ADNI_057_S_0839,057_S_0839,train,057_S_0839_MR_2008-10-15,2008-10-15,I121209,Image/ADNI_057_S_0839/2008-10-15/t1.nii.gz,Image/ADNI_057_S_0839/2008-10-15/seg.nii.gz,24.83574244415243,2008-10-15T15:30:36,81.58795345653662,0.0,1.0,0.0,ADNI,MPRAGE,0.4570400428757369,0.6373626373626373,0.7446633825944171,0.37549199685122014,0.18762475049900199,0.4482655353132019,0.3916349809885932,0.4463454542566204,0.3670890110765798,0.5486385687445668,0.11090458488228006,0.5881932021466905,0.17579696688331786,0.275461729710531,0.5160875160875161,0.3167337971439033,0.39595808383233533,0.35121951219512193,0.5573230938014262
ADNI_057_S_0839,057_S_0839,train,057_S_0839_MR_2009-10-14,2009-10-14,I157161,Image/ADNI_057_S_0839/2009-10-14/t1.nii.gz,Image/ADNI_057_S_0839/2009-10-14/seg.nii.gz,36.793692509855454,2009-10-14T13:40:11,82.5845311430527,0.0,1.0,0.0,ADNI,MPRAGE,0.4026337952683562,0.5758241758241758,0.7799671592775042,0.36998163211755447,0.19710578842315368,0.4296481157973546,0.37566539923954373,0.3923652480579517,0.32174675272930114,0.5764841142985334,0.12825278810408922,0.5806797853309481,0.21231816774992263,0.30218877641626707,0.5122265122265123,0.30135481508604905,0.3312125748502994,0.375609756097561,0.5726823916620954
ADNI_057_S_1379,057_S_1379,train,057_S_1379_MR_2007-03-21,2007-03-21,I46340,Image/ADNI_057_S_1379/2007-03-21/t1.nii.gz,Image/ADNI_057_S_1379/2007-03-21/seg.nii.gz,0.0,2007-03-21T16:36:57,87.84941820670774,1.0,1.0,22.0,ADNI,MPRAGE,0.34769160094939133,0.23076923076923078,0.08374384236453201,0.03699816321175545,0.22554890219560877,0.2667332168704767,0.0761977186311787,0.19847813309186801,0.19748187106542353,0.5459465522559659,0.15117719950433706,0.008586762075134168,0.5078922934076138,0.9478112235837329,0.07979407979407979,0.09337239106554375,0.09580838323353294,0.4186991869918699,0.04882062534284147
ADNI_057_S_1379,057_S_1379,train,057_S_1379_MR_2007-10-03,2007-10-03,I76760,Image/ADNI_057_S_1379/2007-10-03/t1.nii.gz,Image/ADNI_057_S_1379/2007-10-03/seg.nii.gz,6.438896189224704,2007-10-03T15:27:10,88.38603696098562,1.0,1.0,6.0,ADNI,MPRAGE,0.30699027639537557,0.2813186813186813,0.06978653530377668,0.019417475728155338,0.2959081836327345,0.26333915647616674,0.061140684410646386,0.19947894327153728,0.2021196908120169,0.5111746726115364,0.15737298636926889,0.011806797853309481,0.5013927576601671,0.9425723672527082,0.03732303732303732,0.06078359575247162,0.050523952095808386,0.432520325203252,0.05924300603400987
ADNI_057_S_1379,057_S_1379,train,057_S_1379_MR_2008-04-09,2008-04-09,I101861,Image/ADNI_057_S_1379/2008-04-09/t1.nii.gz,Image/ADNI_057_S_1379/2008-04-09/seg.nii.gz,12.64783180026281,2008-04-09T15:26:19,88.9034907597536,1.0,1.0,1.0,ADNI,MPRAGE,0.3085062399509992,0.21978021978021978,0.054187192118226604,0.01679349252164786,0.18712574850299402,0.2514599450960819,0.05201520912547528,0.20616689701186675,0.1715833930990517,0.5203443537758335,0.13382899628252787,0.007871198568872988,0.5258433921386567,0.9709421061978334,0.015444015444015444,0.09337239106554375,0.10666167664670659,0.4195121951219512,0.058694459681843114
ADNI_057_S_1379,057_S_1379,train,057_S_1379_MR_2009-04-15,2009-04-15,I141907,Image/ADNI_057_S_1379/2009-04-15/t1.nii.gz,Image/ADNI_057_S_1379/2009-04-15/seg.nii.gz,24.83574244415243,2009-04-15T14:13:49,89.91923340177961,1.0,1.0,6.0,ADNI,MPRAGE,0.35940586478830105,0.25054945054945055,0.0,0.020204670690107583,0.18413173652694612,0.22690291989019215,0.05855513307984791,0.16433938585203894,0.19150529922703005,0.5749418131852724,0.13568773234200743,0.0,0.5793871866295265,1.0,0.06692406692406692,0.09520322226290737,0.07335329341317365,0.41544715447154473,0.0
ADNI_062_S_0535,062_S_0535,test,062_S_0535_MR_2006-05-18,2006-05-18,I15656,Image/ADNI_062_S_0535/2006-05-18/t1.nii.gz,Image/ADNI_062_S_0535/2006-05-18/seg.nii.gz,0.0,2006-05-18T13:30:22,76.75564681724846,1.0,1.0,26.0,ADNI,MPRAGE,0.3059949467881479,0.2571428571428571,0.2824302134646962,0.1086329047494096,0.124750499001996,0.26942850012478164,0.29216730038022815,0.2957632369060668,0.22009721890190453,0.7338969742856342,0.20508054522924413,0.14168157423971378,0.14856081708449395,0.35200230864855264,0.38481338481338484,0.21017942145734164,0.2971556886227545,0.6260162601626016,0.4454196379594076
ADNI_062_S_0535,062_S_0535,test,062_S_0535_MR_2006-12-14,2006-12-14,I33235,Image/ADNI_062_S_0535/2006-12-14/t1.nii.gz,Image/ADNI_062_S_0535/2006-12-14/seg.nii.gz,6.898817345597897,2006-12-14T13:35:40,77.3305954825462,1.0,1.0,0.0,ADNI,MPRAGE,0.27036214684939897,0.18461538461538463,0.2545155993431856,0.1102072946733141,0.1377245508982036,0.27756426254055405,0.2795437262357414,0.28775675546871277,0.2138656466650729,0.7107624575867194,0.19640644361833953,0.1481216457960644,0.15970287836583102,0.35710797371692415,0.3333333333333333,0.22262907359941414,0.2904191616766467,0.6325203252032521,0.40098738343390017
ADNI_062_S_0535,062_S_0535,test,062_S_0535_MR_2007-06-04,2007-06-04,I55885,Image/ADNI_062_S_0535/2007-06-04/t1.nii.gz,Image/ADNI_062_S_0535/2007-06-04/seg.nii.gz,12.54927726675427,2007-06-04T09:40:10,77.80150581793292,1.0,1.0,3.0,ADNI,MPRAGE,0.28221422555700176,0.2175824175824176,0.23234811165845648,0.07976908947782735,0.12375249500998003,0.25415522835038684,0.2895817490494297,0.244229455591034,0.19603155629930671,0.7705336361851883,0.22366790582403964,0.1252236135957066,0.18972454348498916,0.3771088616586752,0.3281853281853282,0.19296960820212378,0.2870508982035928,0.6552845528455284,0.4103126714207351
ADNI_062_S_0535,062_S_0535,test,062_S_0535_MR_2008-06-17,2008-06-17,I109989,Image/ADNI_062_S_0535/2008-06-17/t1.nii.gz,Image/ADNI_062_S_0535/2008-06-17/seg.nii.gz,25.0,2008-06-17T09:10:33,78.839151266256,1.0,1.0,0.0,ADNI,MPRAGE,0.28833933083224866,0.24835164835164836,0.22660098522167488,0.09551298871687221,0.19910179640718562,0.26942850012478164,0.25992395437262356,0.2571129009197922,0.2033946928042075,0.7378508735032668,0.22490706319702602,0.11377459749552772,0.2135561745589601,0.4020822234061446,0.3410553410553411,0.18601244965214206,0.2522455089820359,0.6821138211382114,0.42457487657707077
ADNI_067_S_1185,067_S_1185,train,067_S_1185_MR_2007-01-03,2007-01-03,I35153,Image/ADNI_067_S_1185/2007-01-03/t1.nii.gz,Image/ADNI_067_S_1185/2007-01-03/seg.nii.gz,0.0,2007-01-03T10:12:03,62.050650239561946,1.0,1.0,20.0,ADNI,MPRAGE,0.4015925273715642,0.5340659340659341,0.5320197044334976,0.2348464969824193,0.3198602794411178,0.3257299725480409,0.340532319391635,0.1981127579469094,0.36143118973623395,0.7884663918566501,0.1412639405204461,0.3023255813953488,0.2578149179820489,0.24629284318948677,0.6126126126126126,0.5470523617722446,0.40194610778443113,0.3105691056910569,0.4212835984640702
ADNI_067_S_1185,067_S_1185,train,067_S_1185_MR_2007-08-07,2007-08-07,I65946,Image/ADNI_067_S_1185/2007-08-07/t1.nii.gz,Image/ADNI_067_S_1185/2007-08-07/seg.nii.gz,7.09592641261498,2007-08-07T11:49:26,62.64202600958248,1.0,1.0,0.0,ADNI,MPRAGE,0.3866166449735855,0.5384615384615384,0.5426929392446633,0.29441091577013906,0.27944111776447106,0.5265784876466184,0.35133079847908744,0.13306009626840776,0.25079289186389353,0.8657076357926026,0.1536555142503098,0.27262969588550984,0.27143299288146083,0.2584576451784763,0.6615186615186616,0.5221530574880996,0.35179640718562877,0.3178861788617886,0.37739989029072957
ADNI_068_S_0210,068_S_0210,train,068_S_0210_MR_2006-02-16,2006-02-16,I11236,Image/ADNI_068_S_0210/2006-02-16/t1.nii.gz,Image/ADNI_068_S_0210/2006-02-16/seg.nii.gz,0.0,2006-02-16T14:07:47,72.42162902121834,0.0,0.0,14.0,ADNI,ADNI_______MPRAGE,0.7115228542990583,0.5516483516483517,0.7266009852216748,0.47257937549199686,0.24550898203592814,0.6972298477664088,0.714828897338403,0.6380085466012169,0.5078492310144235,0.505201761027453,0.14869888475836432,0.7338103756708408,0.03559269575982668,0.06934825075475048,0.42857142857142855,0.43793482240937387,0.6384730538922155,0.08780487804878048,0.5381239714755897
ADNI_068_S_0210,068_S_0210,train,068_S_0210_MR_2006-09-27,2006-09-27,I25192,Image/ADNI_068_S_0210/2006-09-27/t1.nii.gz,Image/ADNI_068_S_0210/2006-09-27/seg.nii.gz,7.3258869908015765,2006-09-27T11:04:29,73.0321697467488,0.0,0.0,49.0,ADNI,ADNI_______MPRAGE,0.7022586325702473,0.6065934065934065,0.7339901477832512,0.4712673838887431,0.21606786427145708,0.719540803593711,0.6857794676806084,0.659518022526172,0.5140011156267432,0.4697007935840274,0.1288723667905824,0.7341681574239713,0.0337356855462705,0.0657520866631149,0.38223938223938225,0.45880629805931894,0.6785179640718563,0.08130081300813008,0.56006582556226
ADNI_068_S_0210,068_S_0210,train,068_S_0210_MR_2008-07-24,2008-07-24,I114293,Image/ADNI_068_S_0210/2008-07-24/t1.nii.gz,Image/ADNI_068_S_0210/2008-07-24/seg.nii.gz,29.204993429697765,2008-07-24T13:50:14,74.85557837097878,0.0,0.0,7.0,ADNI,ADNI_SH____MPRAGE_ASO,0.6018069060561978,0.545054945054945,0.7298850574712644,0.4607714510627132,0.1721556886227545,0.6567506862989768,0.6520152091254753,0.5844731449268455,0.44768507450792894,0.5291354701214211,0.11833952912019827,0.6905187835420393,0.032497678737233054,0.07167909785118096,0.35006435006435005,0.40021969974368365,0.6208832335329342,0.07398373983739838,0.5331870543060888
ADNI_068_S_0210,068_S_0210,train,068_S_0210_MR_2009-05-21,2009-05-21,I144391,Image/ADNI_068_S_0210/2009-05-21/t1.nii.gz,Image/ADNI_068_S_0210/2009-05-21/seg.nii.gz,39.09329829172142,2009-05-21T15:20:39,75.67967145790554,0.0,0.5,264.0,ADNI,ADNI_SH____MPRAGE_ASO,0.6352346680958579,0.5626373626373626,0.7167487684729064,0.4513251115192863,0.1906187624750499,0.6592463189418517,0.68,0.5795961810354414,0.43366005259383217,0.56591234121309,0.13135068153655513,0.6876565295169946,0.034354688950789226,0.08013674302965726,0.48133848133848134,0.4013181984621018,0.6051646706586826,0.08943089430894309,0.5540318156884256
ADNI_068_S_0210,068_S_0210,train,068_S_0210_MR_2010-05-24,2010-05-24,I174904,Image/ADNI_068_S_0210/2010-05-24/t1.nii.gz,Image/ADNI_068_S_0210/2010-05-24/seg.nii.gz,51.18265440210249,2010-05-24T15:30:43,76.68720054757016,0.0,0.5,3.0,ADNI,ADNI_SH____MPRAGE_ASO,0.6874511905673378,0.5912087912087912,0.7602627257799671,0.47152978220939384,0.2060878243512974,0.6890441726977788,0.6755893536121673,0.6233776549270044,0.47293011395330303,0.5247469224082331,0.14002478314745972,0.7080500894454382,0.03683070256886413,0.08273397265139407,0.45817245817245816,0.4243866715488832,0.6934880239520959,0.09674796747967479,0.49808008776741636
ADNI_068_S_0210,068_S_0210,train,068_S_0210_MR_2012-03-22,2012-03-22,I292479,Image/ADNI_068_S_0210/2012-03-22/t1.nii.gz,Image/ADNI_068_S_0210/2012-03-22/seg.nii.gz,73.12746386333771,2012-03-22T14:49:00,78.5160848733744,0.0,0.5,461.0,ADNI,ADNI_SH____MPRAGE_ASO,0.6769313222571013,0.5252747252747253,0.7372742200328407,0.47362896877459987,0.19311377245508982,0.6663339156476167,0.6991634980988594,0.5851403517132917,0.42703004223444097,0.5933232382715011,0.15923172242874845,0.6883720930232559,0.03961621788919839,0.09139140472385011,0.36936936936936937,0.3852068839253021,0.6620508982035929,0.0951219512195122,0.4827207899067471
ADNI_068_S_0210,068_S_0210,train,068_S_0210_MR_2016-11-03,2016-11-03,I791888,Image/ADNI_068_S_0210/2016-11-03/t1.nii.gz,Image/ADNI_068_S_0210/2016-11-03/seg.nii.gz,128.5479632063075,2016-11-03T14:21:45,83.13483915126626,0.0,0.0,1.0,ADNI,MPRAGE,0.8019140953985147,0.5736263736263736,0.7536945812807881,0.488060876410391,0.24800399201596807,0.7283254304966309,0.6544486692015209,0.641598754547332,0.385337477089808,0.6535150444463139,0.17472118959107807,0.7288014311270126,0.044877746827607555,0.11454448588172615,0.6229086229086229,0.48956426217502746,0.6223802395209581,0.12764227642276424,0.5715852989577619
ADNI_068_S_0210,068_S_0210,train,068_S_0210_MR_2017-11-29,2017-11-29,I939835,Image/ADNI_068_S_0210/2017-11-29/t1.nii.gz,Image/ADNI_068_S_0210/2017-11-29/seg.nii.gz,141.39290407358737,2017-11-29T12:34:14,84.20533880903491,0.0,0.5,8.0,ADNI,Accelerated_Sagittal_MPRAGE,0.7453946864711737,0.6615384615384615,0.8776683087027914,0.48753607976908947,0.281936127744511,0.7304217619166459,0.6398479087452471,0.6438068912929514,0.3866124790819986,0.593926137797594,0.14745972738537794,0.7259391771019678,0.03899721448467967,0.11381193393713372,0.6615186615186616,0.5236177224459905,0.6788922155688623,0.12113821138211382,0.557871640153593
ADNI_072_S_1211,072_S_1211,train,072_S_1211_MR_2007-03-09,2007-03-09,I44137,Image/ADNI_072_S_1211/2007-03-09/t1.nii.gz,Image/ADNI_072_S_1211/2007-03-09/seg.nii.gz,0.0,2007-03-09T11:09:45,86.89664613278576,1.0,0.5,7.0,ADNI,MPRAGE,0.5020748794119899,0.27472527472527475,0.5320197044334976,0.4219364996064025,0.17964071856287425,0.29148989268779635,0.4894296577946768,0.1912500595720345,0.4630966610885329,0.5652112952525168,0.21685254027261464,0.3635062611806798,0.34540389972144847,0.5934558692949743,0.30373230373230375,0.2812156719150494,0.4041916167664671,0.6219512195121951,0.5820076796489303
ADNI_072_S_1211,072_S_1211,train,072_S_1211_MR_2007-09-06,2007-09-06,I71984,Image/ADNI_072_S_1211/2007-09-06/t1.nii.gz,Image/ADNI_072_S_1211/2007-09-06/seg.nii.gz,5.946123521681997,2007-09-06T09:25:00,87.39219712525667,1.0,0.5,0.0,ADNI,MPRAGE,0.5045402342852767,0.25274725274725274,0.5328407224958949,0.4153765415901338,0.18013972055888225,0.30571499875218366,0.46783269961977186,0.18011406058873056,0.4495338273966053,0.5773534112896441,0.2224287484510533,0.33202146690518786,0.4076137418755803,0.6115254839282543,0.4041184041184041,0.23544489198095936,0.4120508982035928,0.6276422764227643,0.4832693362589139
ADNI_072_S_1211,072_S_1211,train,072_S_1211_MR_2009-02-20,2009-02-20,I136685,Image/ADNI_072_S_1211/2009-02-20/t1.nii.gz,Image/ADNI_072_S_1211/2009-02-20/seg.nii.gz,23.45597897503285,2009-02-20T12:00:41,88.85147159479808,1.0,0.5,10.0,ADNI,MPRAGE_ASO,0.5407855447515504,0.17362637362637362,0.5,0.40199422723694567,0.2749500998003992,0.3380583978038433,0.444106463878327,0.178318956615673,0.4148537732090206,0.5934213847059813,0.23110285006195788,0.3084078711985689,0.4676570721138966,0.6841813177055586,0.33462033462033464,0.20615159282314172,0.30538922155688625,0.6601626016260163,0.43883708173340646
ADNI_072_S_1211,072_S_1211,train,072_S_1211_MR_2010-03-01,2010-03-01,I167364,Image/ADNI_072_S_1211/2010-03-01/t1.nii.gz,Image/ADNI_072_S_1211/2010-03-01/seg.nii.gz,35.74244415243101,2010-03-01T12:43:53,89.8754277891855,1.0,0.5,2.0,ADNI,MPRAGE_ASO,0.6168899777964933,0.21318681318681318,0.5123152709359606,0.3878247179218053,0.2949101796407186,0.3142500623908161,0.43802281368821294,0.2027355478244293,0.4077615746274604,0.64619612461793,0.2540272614622057,0.3084078711985689,0.4868461776539771,0.6932827206535251,0.3333333333333333,0.24606371292566825,0.3158682634730539,0.6479674796747967,0.42896324739440483
ADNI_072_S_4063,072_S_4063,train,072_S_4063_MR_2011-12-19,2011-12-19,I273334,Image/ADNI_072_S_4063/2011-12-19/t1.nii.gz,Image/ADNI_072_S_4063/2011-12-19/seg.nii.gz,0.0,2011-12-19T11:01:31,59.761806981519506,0.0,0.5,31.0,ADNI,MPRAGE,0.47572161396524004,0.7736263736263737,0.6781609195402298,0.525583836263448,0.22704590818363274,0.8661342650361866,0.7206083650190114,0.5338607444121432,0.4901745158976811,0.3613611508370489,0.22924411400247832,0.6704830053667263,0.022593624264933457,0.004706091280412005,0.8996138996138996,0.7345294763822775,0.7559880239520959,0.07154471544715447,0.7723532638507954
ADNI_072_S_4063,072_S_4063,train,072_S_4063_MR_2012-06-27,2012-06-27,I313063,Image/ADNI_072_S_4063/2012-06-27/t1.nii.gz,Image/ADNI_072_S_4063/2012-06-27/seg.nii.gz,6.274638633377135,2012-06-27T10:57:44,60.284736481861735,0.0,0.5,76.0,ADNI,MPRAGE,0.6704540234285277,0.8043956043956044,0.7750410509031199,0.6043033324586723,0.25898203592814373,0.8812577988520089,0.7256273764258555,0.6544504281243546,0.5178898717029246,0.38929082190628417,0.24783147459727387,0.6894454382826476,0.025379139585267718,0.011010477712662049,0.9227799227799228,0.7561332845111681,0.7563622754491018,0.08373983739837398,0.8239166209544706
ADNI_072_S_4063,072_S_4063,train,072_S_4063_MR_2013-06-25,2013-06-25,I378184,Image/ADNI_072_S_4063/2013-06-25/t1.nii.gz,Image/ADNI_072_S_4063/2013-06-25/seg.nii.gz,18.199737187910642,2013-06-25T10:12:33,61.27857631759069,0.0,0.5,57.0,ADNI,MPRAGE_GRAPPA2,0.6867927417502488,0.7978021978021979,0.7068965517241379,0.5846234584098662,0.2624750499001996,0.8969802845021213,0.749657794676806,0.6681758248741044,0.5334289584827476,0.37319480665152405,0.23482032218091697,0.7055456171735242,0.02414113277623027,0.00821346119694548,0.9794079794079794,0.7718784328084951,0.7979041916167665,0.04878048780487805,0.8283049917718047
ADNI_072_S_4063,072_S_4063,train,072_S_4063_MR_2014-07-15,2014-07-15,I489820,Image/ADNI_072_S_4063/2014-07-15/t1.nii.gz,Image/ADNI_072_S_4063/2014-07-15/seg.nii.gz,30.847568988173453,2014-07-15T10:39:41,62.332648870636554,0.0,0.5,15.0,ADNI,MPRAGE,0.741903376464283,0.8857142857142857,0.7668308702791461,0.6717397008659145,0.27095808383233533,1.0,0.8194676806083651,0.6731481040207152,0.5278667622918161,0.3831777011300861,0.2218091697645601,0.7194991055456171,0.021046115753636643,0.004617297105309891,0.9601029601029601,0.80080556572684,0.811377245508982,0.05040650406504065,0.8228195282501372
ADNI_072_S_4226,072_S_4226,train,072_S_4226_MR_2012-04-20,2012-04-20,I299100,Image/ADNI_072_S_4226/2012-04-20/t1.nii.gz,Image/ADNI_072_S_4226/2012-04-20/seg.nii.gz,0.0,2012-04-20T08:12:39,63.51266255989049,0.0,0.5,32.0,ADNI,MPRAGE,0.7197764336574535,0.6747252747252748,0.9655172413793104,0.6147992652847022,0.5833333333333334,0.8294484651859246,0.6403041825095057,0.6157206627587412,0.7729540202406566,0.25780264154117943,0.23482032218091697,0.950268336314848,0.047663262147941816,0.0,0.8365508365508365,0.6283412669351885,0.7866766467065869,0.032520325203252036,0.75973669775096
ADNI_072_S_4226,072_S_4226,train,072_S_4226_MR_2013-10-04,2013-10-04,I491341,Image/ADNI_072_S_4226/2013-10-04/t1.nii.gz,Image/ADNI_072_S_4226/2013-10-04/seg.nii.gz,17.47700394218134,2013-10-04T09:28:52,64.96919917864476,0.0,0.5,21.0,ADNI,MPRAGE,0.8526605926039353,0.7692307692307693,0.9663382594417077,0.7171346103384938,0.5913173652694611,0.9337159970052409,0.6888212927756654,0.6432508856375796,0.7838234122240816,0.2977061776170046,0.25154894671623296,1.0,0.05818632002476014,0.0013319126265316996,0.9202059202059202,0.6521420725009154,0.8342065868263473,0.04552845528455285,0.7739989029072957
ADNI_072_S_4226,072_S_4226,train,072_S_4226_MR_2014-10-10,2014-10-10,I491351,Image/ADNI_072_S_4226/2014-10-10/t1.nii.gz,Image/ADNI_072_S_4226/2014-10-10/seg.nii.gz,29.664914586070957,2014-10-10T11:47:03,65.98494182067077,0.0,0.5,10.0,ADNI,MPRAGE,0.7437255952836689,0.7142857142857143,0.9753694581280788,0.5814746785620573,0.5998003992015968,0.79181432493137,0.5920912547528517,0.6034091089612226,0.7649215076898558,0.31137657384818146,0.22614622057001238,0.9277280858676208,0.05694831321572268,0.005727224294086308,0.8815958815958816,0.6349322592456975,0.7784431137724551,0.034959349593495934,0.7114646187602852
ADNI_072_S_4390,072_S_4390,val,072_S_4390_MR_2012-06-14,2012-06-14,I310548,Image/ADNI_072_S_4390/2012-06-14/t1.nii.gz,Image/ADNI_072_S_4390/2012-06-14/seg.nii.gz,0.0,2012-06-14T10:20:19,76.74743326488706,0.0,0.5,89.0,ADNI,MPRAGE,0.7189495444452951,0.6703296703296703,0.7233169129720853,0.37260561532406195,0.30439121756487025,0.5219865235837284,0.4573384030418251,0.7002970658787272,0.504789226233166,0.4991447239281007,0.17038413878562578,0.6372093023255814,0.10275456515010832,0.12244716746581424,0.6280566280566281,0.5393628707433175,0.5269461077844312,0.19349593495934958,0.5200219418540867
ADNI_072_S_4390,072_S_4390,val,072_S_4390_MR_2012-12-03,2012-12-03,I348734,Image/ADNI_072_S_4390/2012-12-03/t1.nii.gz,Image/ADNI_072_S_4390/2012-12-03/seg.nii.gz,5.650459921156373,2012-12-03T10:18:33,77.21834360027378,0.0,0.5,8.0,ADNI,MPRAGE,0.727800321568027,0.6725274725274726,0.7274220032840722,0.296510102335345,0.32385229540918165,0.4423259296231595,0.4031939163498099,0.7484948132615292,0.5478364809945016,0.4631670452314854,0.12143742255266418,0.6146690518783542,0.0783039306716187,0.11898419463683182,0.5817245817245817,0.560966678872208,0.5299401197604791,0.18943089430894308,0.4964344487109161
ADNI_072_S_4390,072_S_4390,val,072_S_4390_MR_2013-12-11,2013-12-11,I491163,Image/ADNI_072_S_4390/2013-12-11/t1.nii.gz,Image/ADNI_072_S_4390/2013-12-11/seg.nii.gz,17.904073587385017,2013-12-11T11:09:26,78.23956194387407,0.0,0.5,26.0,ADNI,MPRAGE_GRAPPA2,0.5277084449888982,0.6835164835164835,0.7339901477832512,0.3899239044870113,0.29740518962075846,0.558422760169703,0.484106463878327,0.6483979094187358,0.44268069168858076,0.41838422927007096,0.1579925650557621,0.5785330948121645,0.10584958217270195,0.11330136743029658,0.5778635778635779,0.5741486634932259,0.5153443113772455,0.17479674796747968,0.5430608886450905
ADNI_072_S_4390,072_S_4390,val,072_S_4390_MR_2014-12-08,2014-12-08,I491181,Image/ADNI_072_S_4390/2014-12-08/t1.nii.gz,Image/ADNI_072_S_4390/2014-12-08/seg.nii.gz,29.796320630749012,2014-12-08T16:40:53,79.23066392881589,0.0,0.5,2.0,ADNI,MPRAGE_GRAPPA2,0.710313146007197,0.7472527472527473,0.7692939244663383,0.40671739700865917,0.3153692614770459,0.5517344646867981,0.48456273764258556,0.7289551859441771,0.4812495019523468,0.4705280278175037,0.1821561338289963,0.6110912343470483,0.10492107706592387,0.1204492985260167,0.6074646074646075,0.5825704870010985,0.5467814371257484,0.1910569105691057,0.5842018650575974
ADNI_073_S_2153,073_S_2153,train,073_S_2153_MR_2010-11-05,2010-11-05,I203126,Image/ADNI_073_S_2153/2010-11-05/t1.nii.gz,Image/ADNI_073_S_2153/2010-11-05/seg.nii.gz,0.0,2010-11-05T13:54:55,76.55852156057495,1.0,0.5,147.0,ADNI,MPRAGE,0.3157032386494143,0.8043956043956044,0.7118226600985221,0.38257675150879034,0.0968063872255489,0.33271774394809084,0.18372623574144487,0.47449522629430174,0.19717905809227826,0.594711309273436,0.4423791821561338,0.8257602862254025,0.06654286598576292,0.23974427277570592,0.7065637065637066,0.5887953130721347,0.4416167664670659,0.42845528455284554,0.46352166758091057
ADNI_073_S_2153,073_S_2153,train,073_S_2153_MR_2012-02-22,2012-02-22,I286535,Image/ADNI_073_S_2153/2012-02-22/t1.nii.gz,Image/ADNI_073_S_2153/2012-02-22/seg.nii.gz,15.571616294349539,2012-02-22T13:22:44,77.85626283367556,1.0,0.5,2.0,ADNI,MPRAGE,0.5540770231988362,0.7912087912087912,0.7348111658456487,0.4633954342692207,0.1442115768463074,0.3846768155727477,0.24486692015209124,0.5903191472461834,0.2351263048848514,0.6230616079190152,0.4677819083023544,0.8690518783542039,0.07954193748065615,0.2655167820990943,0.7387387387387387,0.6664225558403515,0.5172155688622755,0.5016260162601626,0.5244103126714207
ADNI_073_S_2153,073_S_2153,train,073_S_2153_MR_2013-04-01,2013-04-01,I365124,Image/ADNI_073_S_2153/2013-04-01/t1.nii.gz,Image/ADNI_073_S_2153/2013-04-01/seg.nii.gz,28.843626806833115,2013-04-01T12:28:52,78.96235455167694,1.0,0.5,21.0,ADNI,MPRAGE,0.23774596125870914,0.8043956043956044,0.6666666666666666,0.3849383363946471,0.10678642714570859,0.33371599700524085,0.16714828897338402,0.5147500357432208,0.1438520997689059,0.5357112812315975,0.43308550185873607,0.8028622540250447,0.05818632002476014,0.2418531344343811,0.6653796653796654,0.5964848041010619,0.45995508982035926,0.44146341463414634,0.46407021393307735
ADNI_073_S_2153,073_S_2153,train,073_S_2153_MR_2014-03-03,2014-03-03,I415780,Image/ADNI_073_S_2153/2014-03-03/t1.nii.gz,Image/ADNI_073_S_2153/2014-03-03/seg.nii.gz,39.88173455978975,2014-03-03T12:23:40,79.88227241615331,1.0,0.5,1.0,ADNI,MPRAGE,0.21476150371334507,0.7274725274725274,0.6584564860426929,0.33875623196011545,0.09031936127744511,0.3016221612178687,0.16927756653992396,0.4241528856693514,0.10985735915212368,0.6246319508706991,0.47335811648079307,0.7577817531305904,0.08758898173939957,0.26704848161960576,0.6576576576576577,0.5540095203222263,0.3963323353293413,0.483739837398374,0.4349972572682392
ADNI_073_S_4259,073_S_4259,train,073_S_4259_MR_2011-10-07,2011-10-07,I260209,Image/ADNI_073_S_4259/2011-10-07/t1.nii.gz,Image/ADNI_073_S_4259/2011-10-07/seg.nii.gz,0.0,2011-10-07T15:08:51,63.058179329226554,0.0,0.5,0.0,ADNI,MPRAGE,0.5989740448663962,0.6021978021978022,0.6986863711001642,0.6397271057465233,0.24301397205588823,0.7799351135512852,0.4774144486692015,0.7614259162178907,0.5607936887401387,0.2229326154622697,0.16047087980173483,0.5552772808586762,0.05694831321572268,0.08701829160007103,0.6936936936936937,0.5448553643354083,0.469311377245509,0.34227642276422765,0.664289632473944
ADNI_073_S_4259,073_S_4259,train,073_S_4259_MR_2012-05-21,2012-05-21,I305665,Image/ADNI_073_S_4259/2012-05-21/t1.nii.gz,Image/ADNI_073_S_4259/2012-05-21/seg.nii.gz,7.457293035479632,2012-05-21T12:48:22,63.67967145790554,0.0,0.5,2.0,ADNI,MPRAGE,0.612143021208177,0.6,0.7027914614121511,0.6037785358173707,0.2440119760479042,0.7576740703768405,0.4617490494296578,0.7310203498069866,0.5659893218583154,0.25411513978856454,0.15613382899628253,0.5481216457960644,0.0783039306716187,0.10586485526549458,0.7284427284427284,0.5181252288538997,0.4438622754491018,0.4113821138211382,0.6873285792649478
ADNI_073_S_4259,073_S_4259,train,073_S_4259_MR_2012-12-10,2012-12-10,I350413,Image/ADNI_073_S_4259/2012-12-10/t1.nii.gz,Image/ADNI_073_S_4259/2012-12-10/seg.nii.gz,14.126149802890932,2012-12-10T10:32:15,64.23545516769336,0.0,0.5,17.0,ADNI,MPRAGE,0.5114462904831176,0.5604395604395604,0.6543513957307061,0.5502492784046182,0.2000998003992016,0.7311205390566509,0.44806083650190115,0.6623298225547666,0.47744043350067733,0.30547376686015537,0.1939281288723668,0.4894454382826476,0.10584958217270195,0.12715325874622624,0.6898326898326899,0.495422922006591,0.38248502994011974,0.45772357723577234,0.6247942951179375
ADNI_073_S_4259,073_S_4259,train,073_S_4259_MR_2013-11-04,2013-11-04,I397160,Image/ADNI_073_S_4259/2013-11-04/t1.nii.gz,Image/ADNI_073_S_4259/2013-11-04/seg.nii.gz,24.93429697766097,2013-11-04T16:26:16,65.13620807665983,0.0,0.5,2.0,ADNI,MPRAGE_S2_DIS3D,0.47275093790674527,0.5758241758241758,0.6707717569786535,0.5539228548937287,0.25199600798403193,0.7183928125779885,0.4323954372623574,0.6238860029547729,0.46932823332536455,0.30958189618911414,0.17224287484510534,0.49338103756708407,0.09254100897554937,0.12773042088439,0.7644787644787645,0.5199560600512633,0.4573353293413174,0.45528455284552843,0.6472846955567746
ADNI_094_S_0531,094_S_0531,val,094_S_0531_MR_2006-05-16,2006-05-16,I15431,Image/ADNI_094_S_0531/2006-05-16/t1.nii.gz,Image/ADNI_094_S_0531/2006-05-16/seg.nii.gz,0.0,2006-05-16T14:40:46,74.33264887063655,0.0,0.5,9.0,ADNI,MP-RAGE,0.3825434499655463,0.3384615384615385,0.1986863711001642,0.5704539490947258,0.2215568862275449,0.5658098327926129,0.8062357414448669,0.18238574083782108,0.35394055303211414,0.564524270211155,0.12329615861214374,0.2039355992844365,0.28752708139894767,0.42670040845320545,0.8172458172458172,0.33870377151226655,0.36452095808383234,0.5715447154471545,0.42073505211190343
ADNI_094_S_0531,094_S_0531,val,094_S_0531_MR_2007-03-19,2007-03-19,I45672,Image/ADNI_094_S_0531/2007-03-19/t1.nii.gz,Image/ADNI_094_S_0531/2007-03-19/seg.nii.gz,10.085413929040735,2007-03-19T08:55:30,75.1731690622861,0.0,0.5,3.0,ADNI,MP-RAGE,0.4037975652706531,0.3230769230769231,0.14614121510673234,0.5890842298609289,0.27844311377245506,0.5679061642126279,0.8030418250950571,0.2239749638596324,0.3271814487210136,0.5124225344213567,0.13197026022304834,0.19856887298747763,0.37202104611575365,0.5071701296394957,0.7606177606177607,0.34968875869644817,0.3461826347305389,0.6691056910569105,0.46242457487657707
ADNI_094_S_0531,094_S_0531,val,094_S_0531_MR_2007-06-25,2007-06-25,I57797,Image/ADNI_094_S_0531/2007-06-25/t1.nii.gz,Image/ADNI_094_S_0531/2007-06-25/seg.nii.gz,13.304862023653088,2007-06-25T09:39:07,75.44147843942505,0.0,0.5,10.0,ADNI,MP-RAGE,0.3866013322103974,0.3516483516483517,0.13957307060755336,0.5951193912358961,0.2714570858283433,0.5686049413526328,0.7955893536121673,0.21391920443533655,0.3120248625388477,0.5271164577549704,0.11028500619578686,0.1853309481216458,0.3698545341999381,0.4991342567927544,0.8082368082368082,0.3592090809227389,0.2990269461077844,0.6504065040650406,0.4410312671420735
ADNI_094_S_0531,094_S_0531,val,094_S_0531_MR_2008-01-08,2008-01-08,I434637,Image/ADNI_094_S_0531/2008-01-08/t1.nii.gz,Image/ADNI_094_S_0531/2008-01-08/seg.nii.gz,19.776609724047304,2008-01-08T10:58:28,75.98083504449008,0.0,0.5,7.0,ADNI,MP-RAGE,0.3125641221958502,0.27912087912087913,0.10755336617405582,0.5843610600892154,0.25199600798403193,0.560818567506863,0.7732319391634981,0.14576879696262054,0.2549207108136107,0.5474327696923811,0.12205700123915737,0.162432915921288,0.4367069018879604,0.5457511987213639,0.7915057915057915,0.30867813987550347,0.29229041916167664,0.6910569105691057,0.38178826110806363
ADNI_094_S_4162,094_S_4162,train,094_S_4162_MR_2012-03-28,2012-03-28,I294153,Image/ADNI_094_S_4162/2012-03-28/t1.nii.gz,Image/ADNI_094_S_4162/2012-03-28/seg.nii.gz,0.0,2012-03-28T15:13:57,71.95071868583162,0.0,0.5,7.0,ADNI,Sag_IR-SPGR,0.6514049460225098,0.5714285714285714,0.6412151067323482,0.7257937549199686,0.3393213572854291,0.7683054654354879,0.7195437262357415,0.7128945654418657,0.4198422185034664,0.2570875746613948,0.18897149938042132,0.42683363148479425,0.2995976477870628,0.3234993784407743,0.5328185328185329,0.48370560234346394,0.5407934131736527,0.4024390243902439,0.6609983543609435
ADNI_094_S_4162,094_S_4162,train,094_S_4162_MR_2012-08-23,2012-08-23,I326431,Image/ADNI_094_S_4162/2012-08-23/t1.nii.gz,Image/ADNI_094_S_4162/2012-08-23/seg.nii.gz,4.862023653088042,2012-08-23T14:04:19,72.35592060232717,0.0,0.5,27.0,ADNI,Sag_IR-SPGR,0.5402189725135901,0.5758241758241758,0.6075533661740559,0.6617685646811861,0.3058882235528942,0.7593711005739955,0.6436501901140684,0.6758010452906321,0.3579886843573193,0.25857379209780995,0.1691449814126394,0.3924865831842576,0.32652429588362736,0.3313354643935358,0.5276705276705277,0.42475283778835593,0.4708083832335329,0.3967479674796748,0.6193088315962699
ADNI_094_S_4162,094_S_4162,train,094_S_4162_MR_2013-09-27,2013-09-27,I392542,Image/ADNI_094_S_4162/2013-09-27/t1.nii.gz,Image/ADNI_094_S_4162/2013-09-27/seg.nii.gz,18.00262812089356,2013-09-27T14:48:28,73.45106091718002,0.0,1.0,61.0,ADNI,Sag_IR-SPGR,0.6392312992879565,0.6043956043956044,0.5886699507389163,0.6741012857517712,0.3253493013972056,0.7799850262041428,0.6705703422053232,0.6604870609541057,0.3719977687465137,0.31569501696531227,0.19021065675340768,0.33989266547406083,0.3881151346332405,0.36578760433315577,0.48133848133848134,0.44086415232515563,0.5,0.44390243902439025,0.6352166758091059
ADNI_094_S_4162,094_S_4162,train,094_S_4162_MR_2015-10-06,2015-10-06,I522998,Image/ADNI_094_S_4162/2015-10-06/t1.nii.gz,Image/ADNI_094_S_4162/2015-10-06/seg.nii.gz,42.27989487516425,2015-10-06T15:06:54,75.47433264887064,0.0,1.0,7.0,ADNI,Accelerated_SAG_IR-SPGR,0.6930556618941888,0.5560439560439561,0.47865353037766833,0.7205457885069536,0.3592814371257485,0.7930122285999501,0.6854752851711027,0.6383262641185722,0.3410789704358913,0.3493452230728247,0.22366790582403964,0.26869409660107335,0.53884246363355,0.442816551234239,0.46332046332046334,0.4577077993409008,0.5138473053892215,0.4991869918699187,0.664289632473944
ADNI_098_S_0160,098_S_0160,train,098_S_0160_MR_2006-01-28,2006-01-28,I10466,Image/ADNI_098_S_0160/2006-01-28/t1.nii.gz,Image/ADNI_098_S_0160/2006-01-28/seg.nii.gz,0.0,2006-01-28T16:21:57,75.28815879534565,1.0,0.5,17.0,ADNI,MP-RAGE,0.3225480437945027,0.26593406593406593,0.28160919540229884,0.46392023091052215,0.21656686626746507,0.40194659346144246,0.22509505703422053,0.35366725444407376,0.37026057853215394,0.43540562519278764,0.5724907063197026,0.14919499105545617,0.24017332095326524,0.44878795950985617,0.38996138996138996,0.1526913218601245,0.4438622754491018,0.5829268292682926,0.4958859023587493
ADNI_098_S_0160,098_S_0160,train,098_S_0160_MR_2007-08-18,2007-08-18,I70072,Image/ADNI_098_S_0160/2007-08-18/t1.nii.gz,Image/ADNI_098_S_0160/2007-08-18/seg.nii.gz,18.626806833114323,2007-08-18T17:38:31,76.84052019164956,1.0,0.5,4.0,ADNI,MP-RAGE,0.34975882397978714,0.24175824175824176,0.23234811165845648,0.49016006297559694,0.17914171656686625,0.41008235587721487,0.21840304182509507,0.313126499229535,0.3440911626424416,0.49195199237261994,0.5712515489467163,0.1259391771019678,0.2965026307644692,0.4913647664713195,0.36936936936936937,0.14976199194434273,0.37425149700598803,0.6252032520325204,0.49040043883708173
ADNI_098_S_0160,098_S_0160,train,098_S_0160_MR_2008-02-23,2008-02-23,I92801,Image/ADNI_098_S_0160/2008-02-23/t1.nii.gz,Image/ADNI_098_S_0160/2008-02-23/seg.nii.gz,24.83574244415243,2008-02-23T18:06:34,77.35797399041752,1.0,0.5,2.0,ADNI,MP-RAGE,0.35401577214608376,0.22417582417582418,0.19047619047619047,0.4552610863290475,0.2000998003992016,0.34095333166957825,0.19346007604562737,0.2605124783554941,0.334735835524743,0.5660665713244161,0.5762081784386617,0.0962432915921288,0.31352522438873415,0.5095897709110282,0.3088803088803089,0.12852435005492494,0.34655688622754494,0.6276422764227643,0.4712013165112452
ADNI_098_S_0160,098_S_0160,train,098_S_0160_MR_2009-02-22,2009-02-22,I138215,Image/ADNI_098_S_0160/2009-02-22/t1.nii.gz,Image/ADNI_098_S_0160/2009-02-22/seg.nii.gz,36.826544021024965,2009-02-22T17:15:36,78.35728952772074,1.0,0.5,24.0,ADNI,MP-RAGE,0.3538779572773907,0.1934065934065934,0.19129720853858784,0.4741537654159013,0.24900199600798403,0.35028699775393063,0.1662357414448669,0.277081446885574,0.32789863734162084,0.5458343849022742,0.5650557620817844,0.07692307692307693,0.33642835035592694,0.5208666311489967,0.3462033462033462,0.14463566459172464,0.36077844311377244,0.6333333333333333,0.48601206801974767
ADNI_098_S_0160,098_S_0160,train,098_S_0160_MR_2010-02-14,2010-02-14,I166625,Image/ADNI_098_S_0160/2010-02-14/t1.nii.gz,Image/ADNI_098_S_0160/2010-02-14/seg.nii.gz,48.55453350854139,2010-02-14T17:04:20,79.33470225872689,1.0,0.5,4.0,ADNI,MP-RAGE,0.3060868233672766,0.21318681318681318,0.1272577996715928,0.42875885594332197,0.18263473053892215,0.3432992263538807,0.18874524714828897,0.2335859187596308,0.29474858554466493,0.5581587728891506,0.5718711276332095,0.06368515205724508,0.3698545341999381,0.5496581424258569,0.305019305019305,0.11570853167337972,0.34655688622754494,0.6544715447154471,0.44706527701590787
ADNI_098_S_0160,098_S_0160,train,098_S_0160_MR_2011-03-06,2011-03-06,I224658,Image/ADNI_098_S_0160/2011-03-06/t1.nii.gz,Image/ADNI_098_S_0160/2011-03-06/seg.nii.gz,61.202365308804204,2011-03-06T18:37:53,80.38877481177276,1.0,1.0,9.0,ADNI,MP-RAGE,0.3359926498736697,0.15824175824175823,0.06403940886699508,0.47362896877459987,0.19910179640718562,0.3203893186922885,0.14007604562737644,0.23701726794706826,0.296501713283927,0.5610891450043465,0.5625774473358116,0.04579606440071556,0.4379449086969978,0.5942994139584443,0.21621621621621623,0.09776638593921641,0.34094311377245506,0.6609756097560976,0.47668678003291276
ADNI_098_S_0160,098_S_0160,train,098_S_0160_MR_2012-02-25,2012-02-25,I287107,Image/ADNI_098_S_0160/2012-02-25/t1.nii.gz,Image/ADNI_098_S_0160/2012-02-25/seg.nii.gz,72.89750328515112,2012-02-25T17:10:18,81.36344969199179,1.0,1.0,3.0,ADNI,MP-RAGE,0.309271878110405,0.16263736263736264,0.04187192118226601,0.4542114930464445,0.20958083832335328,0.33181931619665583,0.16395437262357415,0.1900903906336876,0.26650729141764284,0.5730489890917249,0.5892193308550185,0.039713774597495526,0.4849891674404209,0.6356774995560291,0.22007722007722008,0.11937019406810692,0.29827844311377244,0.6853658536585366,0.42731760833790455
ADNI_098_S_0171,098_S_0171,train,098_S_0171_MR_2006-02-04,2006-02-04,I10818,Image/ADNI_098_S_0171/2006-02-04/t1.nii.gz,Image/ADNI_098_S_0171/2006-02-04/seg.nii.gz,0.0,2006-02-04T16:53:15,78.30800821355236,0.0,0.0,17.0,ADNI,MP-RAGE,0.3300972360462445,0.3758241758241758,0.6584564860426929,0.16924691681973236,0.5788423153692615,0.479261292737709,0.371254752851711,0.34480293570986037,0.2324328631763487,0.4540254059056112,0.942998760842627,0.5191413237924866,0.25007737542556485,0.510966080625111,0.6138996138996139,0.42328817283046505,0.4977544910179641,0.7682926829268293,0.4953373560065826
ADNI_098_S_0171,098_S_0171,train,098_S_0171_MR_2006-07-30,2006-07-30,I20035,Image/ADNI_098_S_0171/2006-07-30/t1.nii.gz,Image/ADNI_098_S_0171/2006-07-30/seg.nii.gz,5.781865965834428,2006-07-30T16:45:47,78.78986995208761,0.0,0.0,2.0,ADNI,MP-RAGE,0.3000995329607228,0.34065934065934067,0.6724137931034483,0.17974284964576226,0.5923153692614771,0.5130022460693786,0.3479847908745247,0.31498514670606365,0.22830504422663161,0.4395277754409579,0.9560099132589839,0.5144901610017889,0.2640049520272362,0.5224205292132836,0.6563706563706564,0.4229220065909923,0.4861526946107784,0.8032520325203252,0.49917718047174986
ADNI_098_S_0171,098_S_0171,train,098_S_0171_MR_2007-02-19,2007-02-19,I42634,Image/ADNI_098_S_0171/2007-02-19/t1.nii.gz,Image/ADNI_098_S_0171/2007-02-19/seg.nii.gz,12.483574244415243,2007-02-19T16:03:13,79.34839151266256,0.0,0.0,15.0,ADNI,MP-RAGE,0.25563126866243013,0.367032967032967,0.6305418719211823,0.15009183941222776,0.5558882235528942,0.4540054903918143,0.3414448669201521,0.2577642218303706,0.20266156665869792,0.4658310198816634,0.9708798017348204,0.47262969588550985,0.31073970906839987,0.56890427987924,0.5894465894465895,0.37898205785426586,0.4468562874251497,0.8357723577235773,0.4805266044980801
ADNI_098_S_0171,098_S_0171,train,098_S_0171_MR_2008-02-23,2008-02-23,I92792,Image/ADNI_098_S_0171/2008-02-23/t1.nii.gz,Image/ADNI_098_S_0171/2008-02-23/seg.nii.gz,24.605781865965834,2008-02-23T17:04:49,80.3586584531143,0.0,0.0,2.0,ADNI,MP-RAGE,0.20045938289564352,0.2703296703296703,0.5205254515599343,0.14563106796116504,0.4940119760479042,0.4179685550286998,0.3149809885931559,0.19266390252426568,0.22309347358355247,0.45481057738145314,1.0,0.45295169946332736,0.3450943980191891,0.5970076362990587,0.5842985842985843,0.3409007689491029,0.4505988023952096,0.8447154471544716,0.44322545255074053
ADNI_098_S_0171,098_S_0171,train,098_S_0171_MR_2009-02-22,2009-02-22,I138224,Image/ADNI_098_S_0171/2009-02-22/t1.nii.gz,Image/ADNI_098_S_0171/2009-02-22/seg.nii.gz,36.596583442838366,2009-02-22T18:06:47,81.35797399041752,0.0,0.0,1.0,ADNI,MP-RAGE,0.029094250057422864,0.26153846153846155,0.5665024630541872,0.07688270795066912,0.5114770459081837,0.3329673072123783,0.27543726235741445,0.152933326978983,0.1401545939915531,0.44831889178654555,0.9343246592317225,0.4418604651162791,0.3457134014237078,0.5917021843367075,0.5456885456885456,0.3214939582570487,0.3656437125748503,0.7951219512195122,0.3664289632473944
ADNI_098_S_0171,098_S_0171,train,098_S_0171_MR_2010-02-20,2010-02-20,I166653,Image/ADNI_098_S_0171/2010-02-20/t1.nii.gz,Image/ADNI_098_S_0171/2010-02-20/seg.nii.gz,48.52168199737188,2010-02-20T17:00:57,82.35181382614647,0.0,0.0,16.0,ADNI,MP-RAGE,0.2716177934308246,0.3362637362637363,0.6469622331691297,0.13119916032537393,0.5898203592814372,0.4471175442974794,0.3495057034220532,0.21728701011930293,0.191377799027811,0.4937747118701102,0.9727385377942999,0.44364937388193204,0.3327143299288146,0.6242230509678565,0.6036036036036037,0.3701940681069205,0.43263473053892215,0.8365853658536585,0.455842018650576
ADNI_098_S_0171,098_S_0171,train,098_S_0171_MR_2011-04-16,2011-04-16,I229358,Image/ADNI_098_S_0171/2011-04-16/t1.nii.gz,Image/ADNI_098_S_0171/2011-04-16/seg.nii.gz,62.319316688567675,2011-04-16T16:47:32,83.50171115674196,0.0,0.0,11.0,ADNI,MP-RAGE,0.19615649643978256,0.3626373626373626,0.41133004926108374,0.07662030963001837,0.561377245508982,0.4249563264287497,0.3530038022813688,0.18734213410856407,0.20344250537891465,0.43435405625192786,0.9826517967781908,0.39069767441860465,0.3896626431445373,0.6595631326584976,0.5006435006435006,0.34566093006224824,0.3873502994011976,0.8723577235772357,0.44432254525507403
ADNI_098_S_0171,098_S_0171,train,098_S_0171_MR_2012-05-12,2012-05-12,I305993,Image/ADNI_098_S_0171/2012-05-12/t1.nii.gz,Image/ADNI_098_S_0171/2012-05-12/seg.nii.gz,75.19710906701708,2012-05-12T17:24:03,84.57494866529774,0.0,0.0,3.0,ADNI,MP-RAGE,0.1315672613123038,0.3934065934065934,0.5706075533661741,0.07006035161374967,0.4820359281437126,0.3472423259296232,0.29247148288973385,0.13666619009039063,0.18117778309028607,0.4499453184150753,0.9807930607187113,0.3756708407871199,0.43454038997214484,0.6964349138696502,0.5122265122265123,0.3196631270596851,0.27282934131736525,0.8365853658536585,0.356006582556226
ADNI_100_S_0015,100_S_0015,train,100_S_0015_MR_2005-09-26,2005-09-26,I7294,Image/ADNI_100_S_0015/2005-09-26/t1.nii.gz,Image/ADNI_100_S_0015/2005-09-26/seg.nii.gz,0.0,2005-09-26T11:13:13,80.86242299794661,1.0,0.0,22.0,ADNI,ADNI_STUDY_MPRAGE1,0.574672689686854,0.5714285714285714,0.6346469622331691,0.7507215953817895,0.11327345309381237,0.6379336161716995,0.8833460076045627,0.38737708303547314,0.524408319387999,0.4737949019937747,0.19144981412639406,0.5778175313059034,0.09254100897554937,0.23608151305274375,0.5263835263835264,0.30465031124130354,0.5980538922155688,0.291869918699187,0.6730663741086121
ADNI_100_S_0015,100_S_0015,train,100_S_0015_MR_2005-10-31,2005-10-31,I8390,Image/ADNI_100_S_0015/2005-10-31/t1.nii.gz,Image/ADNI_100_S_0015/2005-10-31/seg.nii.gz,1.149802890932983,2005-10-31T14:39:07,80.95824777549623,1.0,0.0,13.0,ADNI,ADNI_new___MPRAGE,0.6684021131613199,0.6351648351648351,0.7495894909688013,0.7722382576751509,0.15768463073852296,0.7903169453456451,0.8599239543726236,0.521247358973137,0.5089329827077855,0.3974650178065674,0.19021065675340768,0.6082289803220036,0.0807799442896936,0.24078760433315574,0.5881595881595881,0.39655803734895645,0.6904940119760479,0.28536585365853656,0.714207350521119
ADNI_100_S_0015,100_S_0015,train,100_S_0015_MR_2006-04-18,2006-04-18,I14056,Image/ADNI_100_S_0015/2006-04-18/t1.nii.gz,Image/ADNI_100_S_0015/2006-04-18/seg.nii.gz,6.701708278580814,2006-04-18T12:34:19,81.42094455852155,1.0,0.0,2.0,ADNI,ADNI-R11___MPRAGE,0.6098001684403951,0.6461538461538462,0.6592775041050903,0.7958541065337181,0.12724550898203593,0.7115048664836536,1.0,0.4250266088420785,0.5379074029803171,0.42776422422254,0.14993804213135067,0.6042933810375671,0.0783039306716187,0.2268691173858995,0.5160875160875161,0.34602709630172096,0.6968562874251497,0.2601626016260163,0.6615469007131103
ADNI_100_S_0015,100_S_0015,train,100_S_0015_MR_2006-10-16,2006-10-16,I26572,Image/ADNI_100_S_0015/2006-10-16/t1.nii.gz,Image/ADNI_100_S_0015/2006-10-16/seg.nii.gz,12.64783180026281,2006-10-16T10:32:23,81.91649555099247,1.0,0.0,2.0,ADNI,ADNI_new___MPRAGE,0.8080698262001378,0.6241758241758242,0.7824302134646962,0.8144843872999212,0.12924151696606787,0.7952083853256801,0.9437262357414449,0.4410395717167866,0.5910112359550562,0.5047390706934747,0.22924411400247832,0.625402504472272,0.08325595790776849,0.25499467234949386,0.5032175032175032,0.39802270230684733,0.6766467065868264,0.3065040650406504,0.6566099835436094
ADNI_100_S_0015,100_S_0015,train,100_S_0015_MR_2007-10-11,2007-10-11,I77748,Image/ADNI_100_S_0015/2007-10-11/t1.nii.gz,Image/ADNI_100_S_0015/2007-10-11/seg.nii.gz,24.47437582128778,2007-10-11T09:34:10,82.90212183436003,1.0,0.0,5.0,ADNI,ADNI_new___MPRAGE,0.8160784013475232,0.6945054945054945,0.764367816091954,0.8336394647074259,0.1501996007984032,0.8195657599201398,0.9050950570342206,0.5333841681361102,0.5030201609690015,0.49743417178430216,0.2379182156133829,0.6271914132379248,0.08170844939647168,0.2620094121825608,0.47104247104247104,0.4031490296594654,0.6785179640718563,0.3065040650406504,0.6944596818431158
ADNI_109_S_4455,109_S_4455,test,109_S_4455_MR_2012-10-04,2012-10-04,I339948,Image/ADNI_109_S_4455/2012-10-04/t1.nii.gz,Image/ADNI_109_S_4455/2012-10-04/seg.nii.gz,0.0,2012-10-04T12:34:52,64.8870636550308,1.0,0.5,0.0,ADNI,Sag_IR-SPGR,0.46599800934078556,0.5582417582417583,0.6469622331691297,0.47913933350826554,0.05239520958083832,0.6588969303718493,0.538403041825095,0.5517482406392477,0.5697505777352777,0.29568716525055383,0.05885997521685254,0.570304114490161,0.047044258743423086,0.140672171905523,0.5778635778635779,0.42475283778835593,0.4786676646706587,0.375609756097561,0.6390565002742732
ADNI_109_S_4455,109_S_4455,test,109_S_4455_MR_2014-02-12,2014-02-12,I414666,Image/ADNI_109_S_4455/2014-02-12/t1.nii.gz,Image/ADNI_109_S_4455/2014-02-12/seg.nii.gz,16.294349540078844,2014-02-12T11:54:46,66.24503764544832,1.0,0.5,1.0,ADNI,Accelerated_SAG_IR-SPGR,0.5571548885996478,0.5362637362637362,0.6600985221674877,0.4597218577801102,0.08033932135728543,0.602695283254305,0.4991634980988593,0.5920030500881666,0.6075065742290222,0.3214716356804352,0.05762081784386617,0.5720930232558139,0.04549675023212628,0.14946279524063222,0.546975546975547,0.4774807762724277,0.5190868263473054,0.3967479674796748,0.6165660998354361
ADNI_109_S_4455,109_S_4455,test,109_S_4455_MR_2015-04-09,2015-04-09,I487829,Image/ADNI_109_S_4455/2015-04-09/t1.nii.gz,Image/ADNI_109_S_4455/2015-04-09/seg.nii.gz,30.12483574244415,2015-04-09T15:46:28,67.39767282683094,1.0,0.5,0.0,ADNI,Sag_IR-SPGR,0.4816323405558533,0.5604395604395604,0.6272577996715928,0.3712936237208082,0.023453093812375248,0.47591714499625654,0.445171102661597,0.4979427790751243,0.6016575025898478,0.38362637054485293,0.07125154894671623,0.518783542039356,0.05973382853605695,0.16562333510921684,0.5534105534105535,0.42548517026730137,0.44648203592814373,0.4317073170731707,0.5831047723532639
ADNI_114_S_0378,114_S_0378,val,114_S_0378_MR_2006-04-04,2006-04-04,I12868,Image/ADNI_114_S_0378/2006-04-04/t1.nii.gz,Image/ADNI_114_S_0378/2006-04-04/seg.nii.gz,0.0,2006-04-04T12:32:57,69.05407255304586,0.0,0.5,26.0,ADNI,MPRAGE,0.5871525916851695,0.45274725274725275,0.5459770114942529,0.28942534767777484,0.2949101796407186,0.4845520339406039,0.4746768060836502,0.5565775469030485,0.4213881584189975,0.4938868792238019,0.3023543990086741,0.48085867620751344,0.11606313834726091,0.27927987923992187,0.7117117117117117,0.4906627608934456,0.5145958083832335,0.608130081300813,0.5430608886450905
ADNI_114_S_0378,114_S_0378,val,114_S_0378_MR_2006-10-26,2006-10-26,I28134,Image/ADNI_114_S_0378/2006-10-26/t1.nii.gz,Image/ADNI_114_S_0378/2006-10-26/seg.nii.gz,6.734559789750328,2006-10-26T15:05:59,69.61533196440794,0.0,0.5,11.0,ADNI,MPRAGE,0.6190797029323941,0.4065934065934066,0.5205254515599343,0.29441091577013906,0.27944111776447106,0.4827052657848765,0.4897338403041825,0.546426472223546,0.4197784684038569,0.5217043829393455,0.30793060718711274,0.451520572450805,0.14206128133704735,0.30136743029657254,0.6563706563706564,0.4738191138777005,0.48914670658682635,0.6422764227642277,0.5167306637410861
ADNI_114_S_0378,114_S_0378,val,114_S_0378_MR_2007-05-11,2007-05-11,I54710,Image/ADNI_114_S_0378/2007-05-11/t1.nii.gz,Image/ADNI_114_S_0378/2007-05-11/seg.nii.gz,13.206307490144546,2007-05-11T13:59:13,70.15468856947297,0.0,0.5,16.0,ADNI,MPRAGE,0.5871832172115459,0.43956043956043955,0.5385878489326765,0.2810286014169509,0.2879241516966068,0.46743199401048163,0.48273764258555135,0.5664267899410634,0.41209658140090843,0.48547432769692384,0.30297397769516726,0.44686940966010735,0.13556174558960074,0.2993029657254484,0.7001287001287001,0.48736726473819114,0.531062874251497,0.6382113821138211,0.5331870543060888
ADNI_114_S_0378,114_S_0378,val,114_S_0378_MR_2007-11-02,2007-11-02,I82406,Image/ADNI_114_S_0378/2007-11-02/t1.nii.gz,Image/ADNI_114_S_0378/2007-11-02/seg.nii.gz,18.95532194480946,2007-11-02T13:54:38,70.63381245722108,0.0,0.5,103.0,ADNI,MPRAGE,0.54152055738458,0.3978021978021978,0.5221674876847291,0.277879821569142,0.27295409181636726,0.4482655353132019,0.5084410646387832,0.4990706762617357,0.3855924774882461,0.5215781946664423,0.30297397769516726,0.4178890876565295,0.15506035283194058,0.32145711241342567,0.5637065637065637,0.46100329549615526,0.47155688622754494,0.6552845528455284,0.5211190345584202
ADNI_114_S_0378,114_S_0378,val,114_S_0378_MR_2009-04-27,2009-04-27,I142821,Image/ADNI_114_S_0378/2009-04-27/t1.nii.gz,Image/ADNI_114_S_0378/2009-04-27/seg.nii.gz,36.760840998685936,2009-04-27T13:34:16,72.11772758384669,0.0,0.5,1.0,ADNI,MPRAGE,0.5819156266748334,0.3978021978021978,0.48932676518883417,0.29099973760167935,0.3183632734530938,0.45325680059895185,0.49870722433460074,0.4974344310473558,0.3509124233006614,0.5649589187067104,0.3042131350681537,0.3488372093023256,0.19467657072113898,0.3613478955780501,0.5765765765765766,0.4621017942145734,0.4629491017964072,0.6878048780487804,0.47833241908941304
ADNI_114_S_5234,114_S_5234,train,114_S_5234_MR_2015-07-21,2015-07-21,I502415,Image/ADNI_114_S_5234/2015-07-21/t1.nii.gz,Image/ADNI_114_S_5234/2015-07-21/seg.nii.gz,0.0,2015-07-21T12:50:19,80.76386036960986,0.0,0.5,8.0,ADNI,MPRAGE_GRAPPA2,0.521016767475691,0.46593406593406594,0.6338259441707718,0.3550249278404618,0.9276447105788423,0.4545545295732468,0.2576425855513308,0.3600851482946512,0.4349828671607299,0.24511370965480497,0.13940520446096655,0.5602862254025045,0.35685546270504487,0.802099982241165,0.7619047619047619,0.5646283412669352,0.5580089820359282,0.9048780487804878,0.7218869994514536
ADNI_114_S_5234,114_S_5234,train,114_S_5234_MR_2019-02-06,2019-02-06,I1130063,Image/ADNI_114_S_5234/2019-02-06/t1.nii.gz,Image/ADNI_114_S_5234/2019-02-06/seg.nii.gz,42.57555847568988,2019-02-06T13:55:00,84.31211498973306,0.0,0.5,15.0,ADNI,Accelerated_Sagittal_MPRAGE,0.527677819462522,0.46153846153846156,0.6305418719211823,0.3636840724219365,0.9970059880239521,0.3759421013226853,0.27695817490494296,0.23458672893930008,0.437150370547454,0.24416028714842544,0.1567534076827757,0.50304114490161,0.6675951717734447,0.9873468300479489,0.797940797940798,0.5649945075064079,0.6223802395209581,1.0,0.7295666483817883
ADNI_123_S_0106,123_S_0106,train,123_S_0106_MR_2006-01-20,2006-01-20,I10126,Image/ADNI_123_S_0106/2006-01-20/t1.nii.gz,Image/ADNI_123_S_0106/2006-01-20/seg.nii.gz,0.0,2006-01-20T13:03:17,73.18001368925394,0.0,0.0,12.0,ADNI,ADNI_______MPRAGE,0.5257790368271955,0.45714285714285713,0.6921182266009852,0.2616111256887956,0.39520958083832336,0.19635637634140254,0.2859315589353612,0.5784523979729622,0.5081520439875687,0.46744342559098173,0.5285006195786865,0.5123434704830053,0.09904054472299598,0.2596341679985793,0.4942084942084942,0.3416331014280483,0.3809880239520958,0.23658536585365852,0.3642347778387274
ADNI_123_S_0106,123_S_0106,train,123_S_0106_MR_2006-08-01,2006-08-01,I20041,Image/ADNI_123_S_0106/2006-08-01/t1.nii.gz,Image/ADNI_123_S_0106/2006-08-01/seg.nii.gz,6.340341655716163,2006-08-01T09:03:57,73.70841889117042,0.0,0.0,0.0,ADNI,ADNI_______MPRAGE,0.5300206722303039,0.45274725274725275,0.6715927750410509,0.26082393072684334,0.3962075848303393,0.1435987022710257,0.27178707224334603,0.5480944891896615,0.49203920631125986,0.5167830402961218,0.5539033457249071,0.5041144901610017,0.10182606004333024,0.2822766826496182,0.45045045045045046,0.33174661296228486,0.343937125748503,0.26910569105691057,0.3263850795392211
ADNI_123_S_0106,123_S_0106,train,123_S_0106_MR_2007-01-24,2007-01-24,I37456,Image/ADNI_123_S_0106/2007-01-24/t1.nii.gz,Image/ADNI_123_S_0106/2007-01-24/seg.nii.gz,12.12220762155059,2007-01-24T11:27:43,74.19028062970568,0.0,0.0,6.0,ADNI,ADNI_______MPRAGE,0.5031161473087818,0.4307692307692308,0.6510673234811166,0.23825767515087903,0.4126746506986028,0.15118542550536562,0.2637262357414449,0.5164180527093362,0.4625866602916567,0.5375480216482993,0.5421313506815365,0.48586762075134166,0.1210151655834107,0.2962395666844255,0.45045045045045046,0.3412669351885756,0.3338323353293413,0.2869918699186992,0.2995063082830499
ADNI_123_S_0106,123_S_0106,train,123_S_0106_MR_2008-02-04,2008-02-04,I89359,Image/ADNI_123_S_0106/2008-02-04/t1.nii.gz,Image/ADNI_123_S_0106/2008-02-04/seg.nii.gz,24.47437582128778,2008-02-04T09:32:29,75.21971252566735,0.0,0.0,2.0,ADNI,ADNI_______MPRAGE_ASO,0.5696194778347753,0.46813186813186813,0.6600985221674877,0.271582261873524,0.4171656686626746,0.14070376840529075,0.26692015209125475,0.5088722616721473,0.45029882859191966,0.594893581223185,0.5848822800495663,0.4525939177101968,0.15289384091612504,0.3281388740898597,0.435006435006435,0.3200292932991578,0.3562874251497006,0.3276422764227642,0.28195282501371366
ADNI_123_S_0106,123_S_0106,train,123_S_0106_MR_2009-01-20,2009-01-20,I138532,Image/ADNI_123_S_0106/2009-01-20/t1.nii.gz,Image/ADNI_123_S_0106/2009-01-20/seg.nii.gz,36.00525624178712,2009-01-20T09:59:37,76.18069815195072,0.0,0.0,0.0,ADNI,MPRAGE,0.5244008881402649,0.45714285714285713,0.6067323481116584,0.24691681973235372,0.405688622754491,0.15547791365111055,0.24836501901140684,0.4849163608635562,0.4194597179058092,0.598707271248703,0.5613382899628253,0.42397137745974955,0.17363045496750232,0.33679630616231576,0.48133848133848134,0.28487733430977663,0.3083832335329341,0.34065040650406503,0.31705979155238617
ADNI_123_S_0106,123_S_0106,train,123_S_0106_MR_2010-01-21,2010-01-21,I165499,Image/ADNI_123_S_0106/2010-01-21/t1.nii.gz,Image/ADNI_123_S_0106/2010-01-21/seg.nii.gz,48.02890932982917,2010-01-21T14:03:21,77.18275154004107,0.0,0.0,0.0,ADNI,MPRAGEASO,0.5328229078937294,0.4087912087912088,0.5804597701149425,0.22959853056940435,0.49550898203592814,0.15657599201397554,0.26144486692015206,0.4399593321577785,0.3940234281616065,0.6508510697961358,0.5861214374225526,0.3903398926654741,0.21200866604766327,0.35928343100692595,0.4749034749034749,0.3006224826071036,0.2990269461077844,0.3642276422764228,0.2973121228743829
ADNI_123_S_0106,123_S_0106,train,123_S_0106_MR_2011-01-24,2011-01-24,I213947,Image/ADNI_123_S_0106/2011-01-24/t1.nii.gz,Image/ADNI_123_S_0106/2011-01-24/seg.nii.gz,60.118265440210244,2011-01-24T13:51:35,78.19028062970568,0.0,0.5,0.0,ADNI,MPRAGEASO,0.4444529515351045,0.34065934065934067,0.5788177339901478,0.212280241406455,0.48253493013972054,0.11310207137509358,0.21414448669201522,0.36783745571812104,0.3883337317714559,0.6493368105212978,0.5365551425030979,0.32450805008944544,0.24729186010523058,0.3804830403125555,0.4453024453024453,0.29073599414134016,0.27095808383233533,0.37317073170731707,0.21503017004936917
ADNI_123_S_0106,123_S_0106,train,123_S_0106_MR_2012-01-25,2012-01-25,I280631,Image/ADNI_123_S_0106/2012-01-25/t1.nii.gz,Image/ADNI_123_S_0106/2012-01-25/seg.nii.gz,72.14191852825229,2012-01-25T09:59:12,79.19233401779603,0.0,0.5,0.0,ADNI,MPRAGEASO,0.48325549345379376,0.3758241758241758,0.5032840722495895,0.1907635791130937,0.531437125748503,0.13186922884951335,0.2761977186311787,0.35438211885812326,0.36672244800382503,0.6941196264827122,0.5545229244114003,0.32880143112701254,0.2652429588362736,0.3949786893979755,0.44272844272844275,0.280483339436104,0.2410179640718563,0.4016260162601626,0.29292375205704885
ADNI_123_S_0106,123_S_0106,train,123_S_0106_MR_2013-02-05,2013-02-05,I358155,Image/ADNI_123_S_0106/2013-02-05/t1.nii.gz,Image/ADNI_123_S_0106/2013-02-05/seg.nii.gz,84.526938239159,2013-02-05T14:11:22,80.22450376454483,0.0,0.5,14.0,ADNI,MPRAGEASO,0.5902151443227931,0.3076923076923077,0.4802955665024631,0.19181317239569667,0.6671656686626747,0.1521337659096581,0.26813688212927755,0.3656610907242371,0.37250776954338993,0.7409635175682118,0.5768277571251549,0.32844364937388193,0.3144537294955122,0.43546883324453917,0.38481338481338484,0.280483339436104,0.2780688622754491,0.43658536585365854,0.2303894679100384
ADNI_123_S_0106,123_S_0106,train,123_S_0106_MR_2014-01-28,2014-01-28,I409515,Image/ADNI_123_S_0106/2014-01-28/t1.nii.gz,Image/ADNI_123_S_0106/2014-01-28/seg.nii.gz,96.25492772667542,2014-01-28T10:07:45,81.20191649555099,0.0,0.5,0.0,ADNI,MPRAGEASO,0.515672613123038,0.2857142857142857,0.4548440065681445,0.17895565468381003,0.6991017964071856,0.11909158971799351,0.22114068441064638,0.30577133870275935,0.36560682126065824,0.7257367993045624,0.5607187112763321,0.31627906976744186,0.3333333333333333,0.47096430474160894,0.4157014157014157,0.25668253387037715,0.22717065868263472,0.45934959349593496,0.21228743828853539
ADNI_123_S_0106,123_S_0106,train,123_S_0106_MR_2015-02-04,2015-02-04,I472156,Image/ADNI_123_S_0106/2015-02-04/t1.nii.gz,Image/ADNI_123_S_0106/2015-02-04/seg.nii.gz,108.47568988173455,2015-02-04T11:08:26,82.22039698836413,0.0,1.0,29.0,ADNI,MPRAGEREPEATASO,0.5325166526299671,0.3076923076923077,0.45073891625615764,0.18945158750983992,0.749001996007984,0.10531569752932368,0.22220532319391634,0.3003860267835867,0.3533349270858236,0.7358458820560276,0.5520446096654275,0.3155635062611807,0.3837821108016094,0.5022642514651039,0.4041184041184041,0.2812156719150494,0.1934880239520958,0.47317073170731705,0.25068568294020843
ADNI_123_S_0106,123_S_0106,train,123_S_0106_MR_2017-06-28,2017-06-28,I865961,Image/ADNI_123_S_0106/2017-06-28/t1.nii.gz,Image/ADNI_123_S_0106/2017-06-28/seg.nii.gz,137.22076215505913,2017-06-28T14:53:56,84.61601642710473,0.0,1.0,0.0,ADNI,Sagittal_3D_Accelerated_MPRAGE,0.7480897327922824,0.22417582417582418,0.35139573070607555,0.21359223300970873,0.9426147704590818,0.11714499625655103,0.26874524714828896,0.2571129009197922,0.4025659415092836,0.8074086537113373,0.6747211895910781,0.28694096601073343,0.6004333023831631,0.6532365476824721,0.4749034749034749,0.2965946539729037,0.20172155688622753,0.5528455284552846,0.20076796489303347
ADNI_123_S_0106,123_S_0106,train,123_S_0106_MR_2018-10-11,2018-10-11,I1058747,Image/ADNI_123_S_0106/2018-10-11/t1.nii.gz,Image/ADNI_123_S_0106/2018-10-11/seg.nii.gz,152.66097240473061,2018-10-11T12:54:59,85.90280629705681,0.0,1.0,6.0,ADNI,Sagittal_3D_Accelerated_MPRAGE,0.684204884771457,0.24615384615384617,0.2348111658456486,0.22881133560745212,1.0,0.12632892438233093,0.31224334600760456,0.16344977680344405,0.42385847477886684,0.7725666694708505,0.654275092936803,0.25617173524150266,0.6979263385948623,0.7038936245782277,0.4568854568854569,0.27645551080190406,0.20546407185628743,0.5365853658536586,0.1804717498628634
ADNI_123_S_4096,123_S_4096,train,123_S_4096_MR_2012-02-08,2012-02-08,I283613,Image/ADNI_123_S_4096/2012-02-08/t1.nii.gz,Image/ADNI_123_S_4096/2012-02-08/seg.nii.gz,0.0,2012-02-08T11:31:31,85.06502395619438,1.0,0.5,0.0,ADNI,MPRAGE,0.6343924661205115,0.4967032967032967,0.4408866995073892,0.21464182629231174,0.31137724550898205,0.26149238832043925,0.23634980988593157,0.42966528459546616,0.24929476452306956,0.8366703121056617,0.1697645600991326,0.29660107334525937,0.3887341380377592,0.38922926656011364,0.4517374517374517,0.27828634199926766,0.42627245508982037,0.5617886178861788,0.42786615469007133
ADNI_123_S_4096,123_S_4096,train,123_S_4096_MR_2012-08-09,2012-08-09,I323117,Image/ADNI_123_S_4096/2012-08-09/t1.nii.gz,Image/ADNI_123_S_4096/2012-08-09/seg.nii.gz,6.011826544021025,2012-08-09T11:23:17,85.56605065023956,1.0,1.0,0.0,ADNI,MPRAGE,0.5325166526299671,0.4945054945054945,0.38341543513957305,0.13592233009708737,0.33632734530938124,0.15612677813825804,0.15695817490494296,0.3655022319655594,0.2259144154912742,0.8548975070805642,0.14250309789343246,0.24508050089445438,0.4271123491179202,0.41009589770911026,0.4144144144144144,0.2749908458440132,0.35666167664670656,0.5487804878048781,0.3571036752605595
ADNI_123_S_6118,123_S_6118,train,123_S_6118_MR_2017-11-06,2017-11-06,I927419,Image/ADNI_123_S_6118/2017-11-06/t1.nii.gz,Image/ADNI_123_S_6118/2017-11-06/seg.nii.gz,0.0,2017-11-06T12:16:50,74.72416153319644,0.0,0.0,1.0,ADNI,Sagittal_3D_Accelerated_MPRAGE,0.37453487481816095,0.4351648351648352,0.6855500821018062,0.4221988979270533,0.34181636726546905,0.3767407037684053,0.5253231939163499,0.2996711623695372,0.48599888437325683,0.4850957628782143,0.37236679058240396,0.5828264758497317,0.09285051067780872,0.29040134967146153,0.6628056628056628,0.40241669718052,0.49139221556886226,0.24308943089430896,0.4832693362589139
ADNI_123_S_6118,123_S_6118,train,123_S_6118_MR_2020-01-10,2020-01-10,I1274735,Image/ADNI_123_S_6118/2020-01-10/t1.nii.gz,Image/ADNI_123_S_6118/2020-01-10/seg.nii.gz,26.116951379763467,2020-01-10T13:56:14,76.90075290896647,0.0,0.0,2.0,ADNI,Sagittal_3D_Accelerated_MPRAGE,0.5013551795421484,0.45054945054945056,0.7183908045977011,0.4670690107583311,0.37375249500998003,0.38782131270277015,0.5399239543726235,0.33504900792705206,0.5109570483703881,0.5127169737247974,0.39838909541511774,0.59391771019678,0.11420612813370473,0.32425412892914224,0.6833976833976834,0.4060783595752472,0.5258233532934131,0.2813008130081301,0.5309928688974218
ADNI_123_S_6118,123_S_6118,train,123_S_6118_MR_2022-03-29,2022-03-29,I1561905,Image/ADNI_123_S_6118/2022-03-29/t1.nii.gz,Image/ADNI_123_S_6118/2022-03-29/seg.nii.gz,52.69382391590013,2022-03-29T16:37:43,79.11567419575633,0.0,0.0,2.0,ADNI,Sagittal_3D_Accelerated_MPRAGE,0.5145700941734936,0.4967032967032967,0.715927750410509,0.488060876410391,0.41417165668662675,0.402096331420015,0.56212927756654,0.33603393223085354,0.49728265200414373,0.5100950618322537,0.38599752168525403,0.5957066189624329,0.12349117920148561,0.3486725270822234,0.703989703989704,0.4134016843647016,0.5684880239520959,0.291869918699187,0.5074053757542513
ADNI_126_S_4507,126_S_4507,test,126_S_4507_MR_2012-08-08,2012-08-08,I322490,Image/ADNI_126_S_4507/2012-08-08/t1.nii.gz,Image/ADNI_126_S_4507/2012-08-08/seg.nii.gz,0.0,2012-08-08T14:32:57,78.64750171115674,1.0,0.5,0.0,ADNI,Sag_IR-SPGR,0.49398974044866395,0.5648351648351648,0.6042692939244664,0.4345316189976384,0.3977045908183633,0.5007736461192912,0.4734600760456274,0.5597229503248662,0.5103832974739023,0.2517876671994616,0.3420074349442379,0.3366726296958855,0.21293717115444136,0.3996847806783875,0.6177606177606177,0.33870377151226655,0.38922155688622756,0.3089430894308943,0.5408667032364235
ADNI_126_S_4507,126_S_4507,test,126_S_4507_MR_2013-03-25,2013-03-25,I364331,Image/ADNI_126_S_4507/2013-03-25/t1.nii.gz,Image/ADNI_126_S_4507/2013-03-25/seg.nii.gz,7.522996057818659,2013-03-25T14:04:08,79.27446954141,1.0,0.5,0.0,ADNI,Sag_IR-FSPGR,0.4766556925197152,0.5472527472527473,0.5582922824302134,0.4001574389923904,0.4740518962075848,0.4581482405789868,0.44623574144486694,0.4835660614147961,0.4883257630090047,0.3108297579989344,0.37236679058240396,0.30805008944543827,0.2646239554317549,0.4397087551056651,0.5791505791505791,0.35811058220432074,0.3383233532934132,0.36910569105691055,0.5463521667580911
ADNI_126_S_4507,126_S_4507,test,126_S_4507_MR_2014-01-14,2014-01-14,I404757,Image/ADNI_126_S_4507/2014-01-14/t1.nii.gz,Image/ADNI_126_S_4507/2014-01-14/seg.nii.gz,17.21419185282523,2014-01-14T15:03:11,80.08213552361396,1.0,1.0,3.0,ADNI,Sag_IR-FSPGR,0.49264221728810964,0.5934065934065934,0.5582922824302134,0.421411702965101,0.5049900199600799,0.4841028200648865,0.4457794676806084,0.5150836391364438,0.4833691927643637,0.2807128235327108,0.3655514250309789,0.2980322003577818,0.27298050139275765,0.4561578760433316,0.5778635778635779,0.35847674844379346,0.39558383233532934,0.37154471544715445,0.5205704882062534
ADNI_126_S_4507,126_S_4507,test,126_S_4507_MR_2018-05-28,2018-05-28,I1003342,Image/ADNI_126_S_4507/2018-05-28/t1.nii.gz,Image/ADNI_126_S_4507/2018-05-28/seg.nii.gz,69.61235216819973,2018-05-28T15:13:46,84.44900752908967,1.0,1.0,2.0,ADNI,Accelerated_Sagittal_IR-FSPGR,0.521016767475691,0.5032967032967033,0.4975369458128079,0.389136709525059,0.7320359281437125,0.46019465934614423,0.40836501901140687,0.4367027276048865,0.3703402661566659,0.391856650121982,0.3705080545229244,0.24508050089445438,0.45775301764159704,0.5915911916178299,0.5148005148005148,0.3445624313438301,0.3929640718562874,0.46504065040650405,0.4552934722984092
ADNI_126_S_4507,126_S_4507,test,126_S_4507_MR_2019-05-14,2019-05-14,I1165186,Image/ADNI_126_S_4507/2019-05-14/t1.nii.gz,Image/ADNI_126_S_4507/2019-05-14/seg.nii.gz,81.14323258869908,2019-05-14T15:11:54,85.40999315537303,1.0,1.0,27.0,ADNI,Accelerated_Sagittal_IR-FSPGR,0.47512441620090345,0.4307692307692308,0.4630541871921182,0.3440041983731304,0.6966067864271457,0.43583728475168454,0.3952851711026616,0.3647555957997744,0.38205434695991713,0.38591178037632146,0.39281288723667906,0.23041144901610017,0.5162488393686165,0.6384967146155213,0.5212355212355212,0.3306481142438667,0.32073353293413176,0.483739837398374,0.46571585298957763
ADNI_126_S_4675,126_S_4675,train,126_S_4675_MR_2012-11-01,2012-11-01,I343483,Image/ADNI_126_S_4675/2012-11-01/t1.nii.gz,Image/ADNI_126_S_4675/2012-11-01/seg.nii.gz,0.0,2012-11-01T13:47:13,80.38056125941137,1.0,0.5,0.0,ADNI,Sag_IR-SPGR,0.4554322027409846,0.421978021978022,0.5927750410509032,0.38651272631855155,0.11976047904191617,0.48265535313201896,0.28486692015209125,0.2260718994741775,0.4121284564507132,0.6698774571660918,0.21623296158612143,0.40429338103756707,0.26152893840916125,0.3451429586219144,0.38223938223938225,0.2094470889783962,0.28592814371257486,0.6008130081300813,0.5518376302797586
ADNI_126_S_4675,126_S_4675,train,126_S_4675_MR_2013-04-23,2013-04-23,I368435,Image/ADNI_126_S_4675/2013-04-23/t1.nii.gz,Image/ADNI_126_S_4675/2013-04-23/seg.nii.gz,5.683311432325887,2013-04-23T14:14:07,80.85420944558521,1.0,0.5,0.0,ADNI,Sag_IR-FSPGR,0.3789296378531506,0.4087912087912088,0.5845648604269293,0.3628968774599843,0.11976047904191617,0.4728225605190916,0.2552091254752852,0.22727922604012774,0.3559168061200096,0.6507529233616556,0.20198265179677818,0.3313059033989267,0.30764469204580625,0.3580625110992719,0.3963963963963964,0.20651775906261444,0.2559880239520958,0.608130081300813,0.48656061437191445
ADNI_126_S_4675,126_S_4675,train,126_S_4675_MR_2014-04-28,2014-04-28,I422767,Image/ADNI_126_S_4675/2014-04-28/t1.nii.gz,Image/ADNI_126_S_4675/2014-04-28/seg.nii.gz,17.83837056504599,2014-04-28T15:14:40,81.8672142368241,1.0,1.0,9.0,ADNI,Accelerated_Sag_IR-FSPGR,0.40395069290253427,0.34725274725274724,0.4876847290640394,0.3778535817370769,0.12125748502994012,0.4820064886448715,0.28517110266159695,0.17348965035187214,0.37486652322894254,0.6885673424749726,0.19144981412639406,0.31341681574239716,0.3695450324976787,0.37519978689397976,0.2805662805662806,0.20285609666788723,0.2616017964071856,0.6447154471544716,0.4722984092155787
ADNI_126_S_4891,126_S_4891,train,126_S_4891_MR_2013-02-19,2013-02-19,I360650,Image/ADNI_126_S_4891/2013-02-19/t1.nii.gz,Image/ADNI_126_S_4891/2013-02-19/seg.nii.gz,0.0,2013-02-19T13:00:58,60.26283367556468,1.0,0.5,0.0,ADNI,Sag_IR-FSPGR,0.4927034683408621,0.5494505494505495,0.735632183908046,0.4298084492259249,0.23902195608782434,0.8281008235587721,0.48958174904942964,0.7186134807542613,0.6227906606104072,0.06437004009982894,0.06753407682775713,0.5792486583184258,0.00030950170225936243,0.1787648730243296,0.6846846846846847,0.45734163310142806,0.3970808383233533,0.1796747967479675,0.4931431705979155
ADNI_126_S_4891,126_S_4891,train,126_S_4891_MR_2013-08-27,2013-08-27,I387644,Image/ADNI_126_S_4891/2013-08-27/t1.nii.gz,Image/ADNI_126_S_4891/2013-08-27/seg.nii.gz,6.2089356110381075,2013-08-27T14:29:38,60.780287474332646,1.0,0.5,31.0,ADNI,Sag_IR-FSPGR,0.5031467728351581,0.5010989010989011,0.7241379310344828,0.41983731304119654,0.22355289421157684,0.8191664586972798,0.5102661596958175,0.6763252791942683,0.60882938879592,0.12049577970331735,0.0811648079306072,0.579964221824687,0.0,0.19064109394423726,0.646074646074646,0.44489198095935556,0.34655688622754494,0.2105691056910569,0.47558968732857926
ADNI_126_S_4891,126_S_4891,train,126_S_4891_MR_2014-08-13,2014-08-13,I439276,Image/ADNI_126_S_4891/2014-08-13/t1.nii.gz,Image/ADNI_126_S_4891/2014-08-13/seg.nii.gz,17.73981603153745,2014-08-13T15:08:15,61.74127310061601,1.0,0.5,2.0,ADNI,Sag_IR-FSPGR,0.4881862032003675,0.4703296703296703,0.7479474548440066,0.4135397533455786,0.20059880239520958,0.794309957574245,0.5336882129277567,0.6252204165276652,0.5810662204159694,0.17836011328902723,0.042131350681536554,0.5760286225402504,0.004023522129371711,0.19954270999822413,0.6138996138996139,0.43903332112779203,0.34505988023952094,0.22601626016260162,0.4426769061985738
ADNI_126_S_4891,126_S_4891,train,126_S_4891_MR_2016-08-08,2016-08-08,I764391,Image/ADNI_126_S_4891/2016-08-08/t1.nii.gz,Image/ADNI_126_S_4891/2016-08-08/seg.nii.gz,41.59001314060447,2016-08-08T15:15:48,63.728952772073924,1.0,0.5,0.0,ADNI,Sag_IR-FSPGR,0.4777582114692596,0.4593406593406593,0.6904761904761905,0.3823143531881396,0.15818363273453093,0.7586723234339905,0.4696577946768061,0.6211695181813849,0.4810423141286158,0.2551106250525784,0.05390334572490706,0.536314847942755,0.024450634478489632,0.24152015627774817,0.6383526383526383,0.41779567923837424,0.3162425149700599,0.2804878048780488,0.42841470104223806
ADNI_126_S_6721,126_S_6721,test,126_S_6721_MR_2019-04-24,2019-04-24,I1157965,Image/ADNI_126_S_6721/2019-04-24/t1.nii.gz,Image/ADNI_126_S_6721/2019-04-24/seg.nii.gz,0.0,2019-04-24T11:23:01,77.94113620807666,1.0,1.0,8.0,ADNI,Accelerated_Sagittal_IR-FSPGR,0.6312992879565118,0.512087912087912,0.6625615763546798,0.31330359485699294,0.7769461077844312,0.5866234090341902,0.43163498098859315,0.4900633846447124,0.19995218742529286,0.6764953310339026,0.49876084262701365,0.12808586762075133,0.3748065614360879,0.4083866098383946,0.3667953667953668,0.42475283778835593,0.30127245508982037,0.6536585365853659,0.5052111903455841
ADNI_126_S_6721,126_S_6721,test,126_S_6721_MR_2021-05-05,2021-05-05,I1439611,Image/ADNI_126_S_6721/2021-05-05/t1.nii.gz,Image/ADNI_126_S_6721/2021-05-05/seg.nii.gz,24.375821287779235,2021-05-05T13:14:40,79.97262149212868,1.0,1.0,8.0,ADNI,Accelerated_Sagittal_IR-FSPGR,0.45670316208559836,0.3032967032967033,0.5763546798029556,0.23956966675413277,0.7754491017964071,0.6080359371100574,0.4579467680608365,0.3905224864572908,0.23585943103036097,0.5391604273576176,0.4993804213135068,0.10876565295169946,0.4503249767873723,0.468233883857219,0.40797940797940796,0.36177224459904794,0.15980538922155688,0.7089430894308943,0.42347778387273727
ADNI_127_S_0397,127_S_0397,train,127_S_0397_MR_2006-05-15,2006-05-15,I15388,Image/ADNI_127_S_0397/2006-05-15/t1.nii.gz,Image/ADNI_127_S_0397/2006-05-15/seg.nii.gz,0.0,2006-05-15T13:36:18,74.66392881587953,1.0,0.5,32.0,ADNI,MP-RAGE,0.32507464972054206,0.5362637362637362,0.4523809523809524,0.31645237470480186,0.1377245508982036,0.3265285749937609,0.28212927756653994,0.2855962763506966,0.4757510558610248,0.652309245394128,0.24783147459727387,0.35456171735241504,0.08944599195295574,0.12573255194459243,0.3410553410553411,0.11570853167337972,0.2930389221556886,0.3300813008130081,0.3472298409215579
ADNI_127_S_0397,127_S_0397,train,127_S_0397_MR_2006-12-07,2006-12-07,I32084,Image/ADNI_127_S_0397/2006-12-07/t1.nii.gz,Image/ADNI_127_S_0397/2006-12-07/seg.nii.gz,6.767411300919842,2006-12-07T12:05:08,75.22792607802874,1.0,0.5,5.0,ADNI,MP-RAGE,0.44361074955975804,0.5648351648351648,0.4917898193760263,0.3565993177643663,0.16117764471057885,0.4483154479660594,0.2880608365019011,0.3385439006179606,0.538943342098972,0.6138078012394492,0.27942998760842624,0.37960644007155636,0.09873104302073661,0.12699786893979756,0.44144144144144143,0.11644086415232516,0.3338323353293413,0.34146341463414637,0.36807460230389466
ADNI_127_S_0925,127_S_0925,train,127_S_0925_MR_2006-10-30,2006-10-30,I28165,Image/ADNI_127_S_0925/2006-10-30/t1.nii.gz,Image/ADNI_127_S_0925/2006-10-30/seg.nii.gz,0.0,2006-10-30T14:00:55,74.54072553045859,1.0,0.5,29.0,ADNI,MP-RAGE,0.4322180537477988,0.3648351648351648,0.5591133004926109,0.2731566517974285,0.43912175648702595,0.3847766408784627,0.34342205323193914,0.40912484709844477,0.41088532950832735,0.35645382911303664,0.23234200743494424,0.4407871198568873,0.13958526771897245,0.5604244361569881,0.5341055341055341,0.3987550347857928,0.5449101796407185,0.6471544715447154,0.5584201865057598
ADNI_127_S_0925,127_S_0925,train,127_S_0925_MR_2007-05-21,2007-05-21,I54972,Image/ADNI_127_S_0925/2007-05-21/t1.nii.gz,Image/ADNI_127_S_0925/2007-05-21/seg.nii.gz,6.668856767411301,2007-05-21T12:14:41,75.0965092402464,1.0,0.5,8.0,ADNI,MP-RAGE,0.4311614730878187,0.4087912087912088,0.4745484400656814,0.2744686434006822,0.2964071856287425,0.38612428250561515,0.36167300380228135,0.4131598595688573,0.4475256992589051,0.33854911527999776,0.2298636926889715,0.4203935599284436,0.15753636645001548,0.5694592434736281,0.0,0.09227389234712559,0.33495508982035926,0.6414634146341464,0.7164015359297861
ADNI_127_S_0925,127_S_0925,train,127_S_0925_MR_2007-11-26,2007-11-26,I83305,Image/ADNI_127_S_0925/2007-11-26/t1.nii.gz,Image/ADNI_127_S_0925/2007-11-26/seg.nii.gz,12.877792378449408,2007-11-26T12:16:46,75.61396303901438,1.0,0.5,8.0,ADNI,MP-RAGE,0.4450807748258173,0.34285714285714286,0.4638752052545156,0.29467331409078984,0.3937125748502994,0.37169952582979787,0.3438783269961977,0.45857757867480026,0.406247509761734,0.3308656515521158,0.22614622057001238,0.3932021466905188,0.15939337666357165,0.5728334221275084,0.5148005148005148,0.3555474185280117,0.4352544910179641,0.6536585365853659,0.6544157981349424
ADNI_127_S_0925,127_S_0925,train,127_S_0925_MR_2008-06-06,2008-06-06,I108733,Image/ADNI_127_S_0925/2008-06-06/t1.nii.gz,Image/ADNI_127_S_0925/2008-06-06/seg.nii.gz,19.21813403416557,2008-06-06T15:03:24,76.14236824093086,1.0,0.5,8.0,ADNI,MP-RAGE,0.4547890666870837,0.33406593406593404,0.4482758620689655,0.2988716872212018,0.43213572854291415,0.4051909158971799,0.39665399239543725,0.4028499261306772,0.3599011873456052,0.41803370628978437,0.2385377942998761,0.4203935599284436,0.1374187558031569,0.567439175990055,0.6653796653796654,0.39143170999633836,0.4236526946107784,0.6642276422764227,0.526055951727921
ADNI_127_S_0925,127_S_0925,train,127_S_0925_MR_2008-11-21,2008-11-21,I128444,Image/ADNI_127_S_0925/2008-11-21/t1.nii.gz,Image/ADNI_127_S_0925/2008-11-21/seg.nii.gz,24.73718791064389,2008-11-21T13:44:52,76.60232717316906,1.0,0.5,2.0,ADNI,MP-RAGE,0.3685935227011714,0.3362637362637363,0.4671592775041051,0.22513775911834163,0.2759481037924152,0.3789368604941353,0.2932319391634981,0.34270600009531527,0.353685552633676,0.4163091332267744,0.1821561338289963,0.3806797853309481,0.1696069328381306,0.592812111525484,0.51994851994852,0.2790186744782131,0.37949101796407186,0.6528455284552845,0.5002742731760834
ADNI_127_S_0925,127_S_0925,train,127_S_0925_MR_2009-11-04,2009-11-04,I158276,Image/ADNI_127_S_0925/2009-11-04/t1.nii.gz,Image/ADNI_127_S_0925/2009-11-04/seg.nii.gz,36.16951379763469,2009-11-04T14:14:32,77.55509924709104,1.0,0.5,13.0,ADNI,MP-RAGE,0.44618329377536176,0.4043956043956044,0.49261083743842365,0.32170034111781687,0.4346307385229541,0.40489143998003496,0.3892015209125475,0.37276207723712845,0.36888995139054903,0.4106446818653431,0.22862453531598512,0.3817531305903399,0.15536985453419994,0.5968300479488545,0.6061776061776062,0.39692420358842917,0.46107784431137727,0.6487804878048781,0.45145364783324193
ADNI_127_S_0925,127_S_0925,train,127_S_0925_MR_2011-11-09,2011-11-09,I265520,Image/ADNI_127_S_0925/2011-11-09/t1.nii.gz,Image/ADNI_127_S_0925/2011-11-09/seg.nii.gz,60.31537450722733,2011-11-09T14:37:44,79.56741957563312,1.0,0.5,21.0,ADNI,IR-FSPGR,0.38846948931934766,0.35824175824175825,0.3949096880131363,0.27656782996588825,0.4471057884231537,0.4127776391315198,0.37019011406844105,0.358607761838949,0.3500039843812256,0.3688763635343933,0.31660470879801733,0.3159212880143113,0.187867533271433,0.6418708932694015,0.6267696267696268,0.3504210911753936,0.26646706586826346,0.6910569105691057,0.46626439934174435
ADNI_127_S_0925,127_S_0925,train,127_S_0925_MR_2012-11-14,2012-11-14,I346498,Image/ADNI_127_S_0925/2012-11-14/t1.nii.gz,Image/ADNI_127_S_0925/2012-11-14/seg.nii.gz,72.50328515111696,2012-11-14T09:04:14,80.58316221765914,1.0,0.5,63.0,ADNI,IR-FSPGR,0.48945716254498123,0.23296703296703297,0.38752052545155996,0.23904487011283126,0.5948103792415169,0.39900174694285,0.36958174904942964,0.3407838091153156,0.3378436528807076,0.44495387117579427,0.3135068153655514,0.2991055456171735,0.2370783039306716,0.7030056828272065,0.6332046332046332,0.3698279018674478,0.3708832335329341,0.7097560975609756,0.4805266044980801
ADNI_127_S_0925,127_S_0925,train,127_S_0925_MR_2013-11-13,2013-11-13,I398220,Image/ADNI_127_S_0925/2013-11-13/t1.nii.gz,Image/ADNI_127_S_0925/2013-11-13/seg.nii.gz,84.46123521681997,2013-11-13T14:47:13,81.57973990417523,1.0,0.5,23.0,ADNI,IR-FSPGR,0.3086287420565041,0.24395604395604395,0.2627257799671593,0.22015219102597744,0.48303393213572854,0.37748939356126776,0.4068441064638783,0.2867718311649113,0.32329269264483224,0.3482936541319649,0.3271375464684015,0.28300536672629695,0.24079232435778397,0.7156144556917067,0.6203346203346203,0.2936653240571219,0.3005239520958084,0.7146341463414634,0.4092155787164015
ADNI_127_S_0925,127_S_0925,train,127_S_0925_MR_2014-11-20,2014-11-20,I454271,Image/ADNI_127_S_0925/2014-11-20/t1.nii.gz,Image/ADNI_127_S_0925/2014-11-20/seg.nii.gz,96.6819973718791,2014-11-20T11:14:58,82.59822039698837,1.0,0.5,15.0,ADNI,IR-FSPGR-Repeat,0.4314217900620167,0.24615384615384617,0.23891625615763548,0.2369456835476253,0.6437125748502994,0.3907162465685051,0.3485931558935361,0.30167278272887577,0.3180651844768507,0.4207537646168083,0.31970260223048325,0.24686940966010734,0.30764469204580625,0.7618762209199077,0.5405405405405406,0.28377883559135847,0.27619760479041916,0.7073170731707317,0.3965990126165661
ADNI_127_S_0925,127_S_0925,train,127_S_0925_MR_2015-11-04,2015-11-04,I542411,Image/ADNI_127_S_0925/2015-11-04/t1.nii.gz,Image/ADNI_127_S_0925/2015-11-04/seg.nii.gz,108.14717477003941,2015-11-04T14:58:00,83.55373032169747,1.0,1.0,13.0,ADNI,IR-FSPGR-Repeat,0.4303805221652247,0.24175824175824176,0.2939244663382594,0.22907373392810287,0.5633732534930139,0.3761417519341153,0.3593916349809886,0.2339195221528539,0.3085186070603235,0.4497630464653263,0.35192069392812886,0.2257602862254025,0.3095017022593624,0.8246759012608773,0.5688545688545689,0.3218601244965214,0.30351796407185627,0.7552845528455284,0.390016456390565
ADNI_127_S_0925,127_S_0925,train,127_S_0925_MR_2016-11-16,2016-11-16,I793600,Image/ADNI_127_S_0925/2016-11-16/t1.nii.gz,Image/ADNI_127_S_0925/2016-11-16/seg.nii.gz,120.56504599211563,2016-11-16T08:37:57,84.5886379192334,1.0,1.0,69.0,ADNI,IR-FSPGR-Repeat,0.45091493760049,0.15824175824175823,0.180623973727422,0.241406454998688,0.8008982035928144,0.32443224357374595,0.2682889733840304,0.26480166483979095,0.3101282970754642,0.41838422927007096,0.3277571251548947,0.20107334525939177,0.3426183844011142,0.8918042976380749,0.4851994851994852,0.30684730867813986,0.2694610778443114,0.7260162601626017,0.40756993965990124
ADNI_127_S_4198,127_S_4198,train,127_S_4198_MR_2012-03-28,2012-03-28,I293910,Image/ADNI_127_S_4198/2012-03-28/t1.nii.gz,Image/ADNI_127_S_4198/2012-03-28/seg.nii.gz,0.0,2012-03-28T08:07:01,78.9514031485284,0.0,0.0,70.0,ADNI,Sag_IR-SPGR,0.4599035295919149,0.4351648351648352,0.6699507389162561,0.4135397533455786,0.20808383233532934,0.45899675567756426,0.42676806083650193,0.503185118111487,0.3641883815443462,0.4789125375059589,0.2899628252788104,0.5177101967799642,0.10120705663881151,0.31084620848872313,0.5456885456885456,0.35994141340168434,0.36002994011976047,0.3235772357723577,0.4799780581459133
ADNI_127_S_4198,127_S_4198,train,127_S_4198_MR_2012-09-06,2012-09-06,I331277,Image/ADNI_127_S_4198/2012-09-06/t1.nii.gz,Image/ADNI_127_S_4198/2012-09-06/seg.nii.gz,5.321944809461235,2012-09-06T08:08:52,79.3949349760438,0.0,0.0,92.0,ADNI,Sag_IR-SPGR,0.4952606997932777,0.42637362637362636,0.6822660098522167,0.43636840724219367,0.2055888223552894,0.5014225106064387,0.431787072243346,0.5214379894835501,0.3728902701410471,0.4694624379574325,0.2781908302354399,0.5352415026833631,0.09842154131847725,0.31282187888474516,0.5894465894465895,0.38923471255950204,0.36002994011976047,0.3284552845528455,0.5249588590235875
ADNI_127_S_4198,127_S_4198,train,127_S_4198_MR_2013-09-24,2013-09-24,I391647,Image/ADNI_127_S_4198/2013-09-24/t1.nii.gz,Image/ADNI_127_S_4198/2013-09-24/seg.nii.gz,17.904073587385017,2013-09-24T07:44:14,80.4435318275154,0.0,0.0,73.0,ADNI,Accelerated_Sag_IR-FSPGR,0.43792971441696654,0.421978021978022,0.6288998357963875,0.42377328785095775,0.17764471057884232,0.47586723234339906,0.3843346007604563,0.509841300100081,0.34609929078014184,0.4649477019713412,0.24907063197026022,0.5216457960644008,0.09656453110492108,0.31794974249689223,0.564993564993565,0.38593921640424755,0.343937125748503,0.3382113821138211,0.471749862863412
ADNI_127_S_4198,127_S_4198,train,127_S_4198_MR_2015-09-29,2015-09-29,I520149,Image/ADNI_127_S_4198/2015-09-29/t1.nii.gz,Image/ADNI_127_S_4198/2015-09-29/seg.nii.gz,42.04993429697766,2015-09-29T07:51:58,82.45585215605749,0.0,0.0,126.0,ADNI,Accelerated_Sag_IR-FSPGR,0.4483730189112625,0.3978021978021978,0.5977011494252874,0.39359748097612174,0.17465069860279442,0.4492138757174944,0.4086692015209126,0.4428187898139764,0.3156426806916886,0.5443341465466476,0.26579925650557623,0.44042933810375673,0.1219436706901888,0.3604377552832534,0.5276705276705277,0.33540827535701206,0.3147455089820359,0.41300813008130083,0.49972572682391664
ADNI_127_S_4198,127_S_4198,train,127_S_4198_MR_2017-10-02,2017-10-02,I914038,Image/ADNI_127_S_4198/2017-10-02/t1.nii.gz,Image/ADNI_127_S_4198/2017-10-02/seg.nii.gz,66.16294349540078,2017-10-02T08:04:22,84.46543463381246,0.0,0.5,38.0,ADNI,Accelerated_Sagittal_IR-FSPGR,0.5080162315289795,0.3274725274725275,0.5114942528735632,0.40907898189451586,0.2150698602794411,0.4133765909658098,0.4180988593155894,0.43946687000587775,0.30324328631763486,0.585485544432293,0.30916976456009915,0.40143112701252237,0.1730114515629836,0.4105398685846208,0.5842985842985843,0.36763090443061147,0.3499251497005988,0.4666666666666667,0.4596818431157433
ADNI_127_S_4624,127_S_4624,train,127_S_4624_MR_2012-12-12,2012-12-12,I350988,Image/ADNI_127_S_4624/2012-12-12/t1.nii.gz,Image/ADNI_127_S_4624/2012-12-12/seg.nii.gz,0.0,2012-12-12T12:14:15,78.32717316906229,0.0,0.0,35.0,ADNI,Sag_IR-SPGR,0.4586019447209249,0.4901098901098901,0.6239737274220033,0.4445027551823668,0.532435129740519,0.4811080608934365,0.3190874524714829,0.49894358925479354,0.33067176667463544,0.5337483525419926,0.4070631970260223,0.5184257602862254,0.14360878984834416,0.23599271887764162,0.6473616473616474,0.4906627608934456,0.4180389221556886,0.5130081300813009,0.5469007131102578
ADNI_127_S_4624,127_S_4624,train,127_S_4624_MR_2013-07-08,2013-07-08,I379453,Image/ADNI_127_S_4624/2013-07-08/t1.nii.gz,Image/ADNI_127_S_4624/2013-07-08/seg.nii.gz,6.83311432325887,2013-07-08T14:39:03,78.89664613278576,0.0,0.0,30.0,ADNI,Sag_IR-FSPGR,0.39802465354873284,0.41318681318681316,0.625615763546798,0.43505641563893993,0.5104790419161677,0.44332418268030943,0.31285171102661596,0.3957648254936536,0.33239301936409277,0.5791761307871344,0.39714993804213133,0.4926654740608229,0.14887031878675333,0.2445169596874445,0.7142857142857143,0.43976565360673747,0.3596556886227545,0.516260162601626,0.562260010970927
ADNI_127_S_4624,127_S_4624,train,127_S_4624_MR_2014-08-19,2014-08-19,I440008,Image/ADNI_127_S_4624/2014-08-19/t1.nii.gz,Image/ADNI_127_S_4624/2014-08-19/seg.nii.gz,20.203679369250985,2014-08-19T08:19:13,80.01095140314852,0.0,0.0,10.0,ADNI,Accelerated_Sag_IR-FSPGR,0.45053211852078706,0.45274725274725275,0.5566502463054187,0.4337444240356862,0.5469061876247505,0.46029448465185924,0.2962737642585551,0.5009610954899998,0.2828910670172922,0.5629399063402597,0.40892193308550184,0.4590339892665474,0.19096255029402662,0.2593899840170485,0.6885456885456885,0.4474551446356646,0.39932634730538924,0.5487804878048781,0.5403181568842568
ADNI_127_S_4624,127_S_4624,train,127_S_4624_MR_2016-06-30,2016-06-30,I751311,Image/ADNI_127_S_4624/2016-06-30/t1.nii.gz,Image/ADNI_127_S_4624/2016-06-30/seg.nii.gz,42.57555847568988,2016-06-30T07:56:49,81.8754277891855,0.0,0.5,19.0,ADNI,Accelerated_Sag_IR-FSPGR,0.40736543909348444,0.3824175824175824,0.4967159277504105,0.3739176069273157,0.5429141716566867,0.4461692038931869,0.2973384030418251,0.43929212537133233,0.2375806837198183,0.6073581784021761,0.3909541511771995,0.3745974955277281,0.25348189415041783,0.29446368318238325,0.6936936936936937,0.4203588429146833,0.39221556886227543,0.5821138211382114,0.4777838727372463
ADNI_127_S_4940,127_S_4940,train,127_S_4940_MR_2013-03-25,2013-03-25,I364431,Image/ADNI_127_S_4940/2013-03-25/t1.nii.gz,Image/ADNI_127_S_4940/2013-03-25/seg.nii.gz,0.0,2013-03-25T13:39:07,89.77686516084873,1.0,1.0,11.0,ADNI,Sag_IR-FSPGR,0.35758364596891506,0.26373626373626374,0.3169129720853859,0.47100498556809234,0.18313373253493015,0.4869478412777639,0.32958174904942966,0.3120621455463947,0.17910590485297634,0.6764252264378453,0.22924411400247832,0.17173524150268335,0.4976787372330548,0.3800168708932694,0.4864864864864865,0.26913218601244965,0.3083832335329341,0.5991869918699188,0.5095995611629183
ADNI_127_S_4940,127_S_4940,train,127_S_4940_MR_2013-10-03,2013-10-03,I393246,Image/ADNI_127_S_4940/2013-10-03/t1.nii.gz,Image/ADNI_127_S_4940/2013-10-03/seg.nii.gz,6.307490144546649,2013-10-03T14:02:20,90.3025325119781,1.0,1.0,18.0,ADNI,Accelerated_Sag_IR-FSPGR,0.3622999770308552,0.189010989010989,0.27504105090311987,0.45709787457360274,0.20508982035928144,0.48724731719490894,0.2768060836501901,0.34346852213696805,0.15870587297792652,0.6708589215108942,0.24535315985130113,0.13059033989266547,0.5351284432064376,0.3921594743384834,0.5212355212355212,0.2614426949835225,0.2844311377245509,0.6227642276422765,0.45090510148107515
ADNI_127_S_5028,127_S_5028,test,127_S_5028_MR_2013-06-05,2013-06-05,I375181,Image/ADNI_127_S_5028/2013-06-05/t1.nii.gz,Image/ADNI_127_S_5028/2013-06-05/seg.nii.gz,0.0,2013-06-05T14:05:09,62.47227926078029,1.0,1.0,9.0,ADNI,Sag_IR-FSPGR,0.48467958043028864,0.6637362637362637,0.5632183908045977,0.5770139071109945,-0.027445109780439122,0.5837783878213127,0.6059315589353612,0.5659343277891626,0.7087257948840545,0.20836488040155912,0.07806691449814127,0.5076923076923077,0.06654286598576292,0.13700941218256082,0.435006435006435,0.2823141706334676,0.48278443113772457,0.11707317073170732,0.523861766319254
ADNI_127_S_5028,127_S_5028,test,127_S_5028_MR_2013-12-12,2013-12-12,I401530,Image/ADNI_127_S_5028/2013-12-12/t1.nii.gz,Image/ADNI_127_S_5028/2013-12-12/seg.nii.gz,6.241787122207621,2013-12-12T12:39:58,62.992470910335385,1.0,1.0,27.0,ADNI,Accelerated_Sag_IR-FSPGR,0.3510297833244009,0.5516483516483517,0.5566502463054187,0.5229598530569405,-0.07884231536926148,0.5355627651609683,0.5814448669201521,0.5112869148040478,0.6161447127261136,0.24100558032584615,0.06381660470879802,0.4744186046511628,0.06932838130609718,0.14422393890960752,0.425997425997426,0.2131087513731234,0.39782934131736525,0.12682926829268293,0.4585847504114098
ADNI_127_S_6357,127_S_6357,train,127_S_6357_MR_2018-07-23,2018-07-23,I1025037,Image/ADNI_127_S_6357/2018-07-23/t1.nii.gz,Image/ADNI_127_S_6357/2018-07-23/seg.nii.gz,0.0,2018-07-23T13:01:28,67.77002053388091,0.0,0.0,8.0,ADNI,Accelerated_Sagittal_IR-FSPGR,0.5525916851695889,0.7076923076923077,0.7635467980295566,0.5959065861978483,0.24900199600798403,0.7336161716995259,0.5122433460076046,0.7650320100398735,0.7176348713044864,0.04970415860463812,0.07187112763320942,0.7030411449016101,0.0337356855462705,0.0956091280412005,0.6821106821106822,0.3625045770779934,0.4966317365269461,0.16341463414634147,0.6955567745474492
ADNI_127_S_6357,127_S_6357,train,127_S_6357_MR_2020-09-17,2020-09-17,I1337907,Image/ADNI_127_S_6357/2020-09-17/t1.nii.gz,Image/ADNI_127_S_6357/2020-09-17/seg.nii.gz,25.854139290407357,2020-09-17T11:11:25,69.92470910335386,0.0,0.0,96.0,ADNI,Accelerated_Sagittal_IR-FSPGR,0.5668784932241023,0.6945054945054945,0.7339901477832512,0.570191550774075,0.21307385229540918,0.7462440728724732,0.48927756653992394,0.751560787304008,0.677010120328313,0.09636577774038867,0.07806691449814127,0.6883720930232559,0.03590219746208604,0.11945036405611792,0.6525096525096525,0.36396924203588427,0.5232035928143712,0.2048780487804878,0.6730663741086121
ADNI_127_S_6357,127_S_6357,train,127_S_6357_MR_2022-10-05,2022-10-05,I1629185,Image/ADNI_127_S_6357/2022-10-05/t1.nii.gz,Image/ADNI_127_S_6357/2022-10-05/seg.nii.gz,50.42706964520368,2022-10-05T07:56:24,71.97262149212868,0.0,0.0,54.0,ADNI,Accelerated_Sagittal_IR-FSPGR,0.5757752086363984,0.701098901098901,0.7372742200328407,0.5570716347415376,0.19311377245508982,0.7040678812078862,0.4859315589353612,0.7367551509952501,0.629277233245677,0.16651243655534056,0.07187112763320942,0.6579606440071556,0.03095017022593624,0.13829692772154148,0.5868725868725869,0.3430977663859392,0.4565868263473054,0.22439024390243903,0.6615469007131103
ADNI_127_S_6357,127_S_6357,train,127_S_6357_MR_2024-12-10,2024-12-10,I11141826,Image/ADNI_127_S_6357/2024-12-10/t1.nii.gz,Image/ADNI_127_S_6357/2024-12-10/seg.nii.gz,76.60972404730617,2024-12-10T09:59:18,74.15468856947297,0.0,0.0,3.0,ADNI,Accelerated_Sagittal_MPRAGE__MSV22_,0.6803613812112396,0.6153846153846154,0.7692939244663383,0.5914458147467856,0.22604790419161677,0.7015223359121537,0.5177186311787072,0.6733863921587316,0.6382978723404256,0.2756933344550069,0.10718711276332094,0.6636851520572451,0.0386877127824203,0.17943082933759547,0.6177606177606177,0.32588795313072133,0.5149700598802395,0.2739837398373984,0.6428963247394405
ADNI_128_S_0135,128_S_0135,val,128_S_0135_MR_2006-01-26,2006-01-26,I10431,Image/ADNI_128_S_0135/2006-01-26/t1.nii.gz,Image/ADNI_128_S_0135/2006-01-26/seg.nii.gz,0.0,2006-01-26T17:45:23,82.36550308008214,0.0,0.5,22.0,ADNI,MP-RAGE,0.41756373937677055,0.5208791208791209,0.6133004926108374,0.43846759380739964,0.4535928143712575,0.34933865734963815,0.41855513307984793,0.4127944844238987,0.32939676468244483,0.6702840638232243,0.27942998760842624,0.5001788908765653,0.0560198081089446,0.16717723317350383,0.44787644787644787,0.41413401684364703,0.35217065868263475,0.17479674796747968,0.46297312122874384
ADNI_128_S_0135,128_S_0135,val,128_S_0135_MR_2007-02-09,2007-02-09,I39077,Image/ADNI_128_S_0135/2007-02-09/t1.nii.gz,Image/ADNI_128_S_0135/2007-02-09/seg.nii.gz,12.450722733245728,2007-02-09T11:49:35,83.4031485284052,0.0,0.5,14.0,ADNI,SAG_3D_MPRAGE,0.40722762422479136,0.5626373626373626,0.6174055829228243,0.4211493046444503,0.4500998003992016,0.35752433241826803,0.39847908745247146,0.4152567951834024,0.4051796955932744,0.5830879672471327,0.3023543990086741,0.5355992844364937,0.061590838749613123,0.17121736814064997,0.3655083655083655,0.43756865616990115,0.4318862275449102,0.18455284552845527,0.5123422929237521
ADNI_128_S_0135,128_S_0135,val,128_S_0135_MR_2007-08-24,2007-08-24,I70242,Image/ADNI_128_S_0135/2007-08-24/t1.nii.gz,Image/ADNI_128_S_0135/2007-08-24/seg.nii.gz,18.889618922470433,2007-08-24T10:51:07,83.93976728268309,0.0,0.5,3.0,ADNI,SAG_3D_MPRAGE,0.3014623688844652,0.4703296703296703,0.6650246305418719,0.41012857517711887,0.4216566866267465,0.3104567007736461,0.4165779467680608,0.31125196587713866,0.34746991792174675,0.6491966013291831,0.29244114002478316,0.49767441860465117,0.06530485917672547,0.17214970697922216,0.4144144144144144,0.41450018308311976,0.31773952095808383,0.18699186991869918,0.42896324739440483
ADNI_128_S_0135,128_S_0135,val,128_S_0135_MR_2008-03-07,2008-03-07,I96187,Image/ADNI_128_S_0135/2008-03-07/t1.nii.gz,Image/ADNI_128_S_0135/2008-03-07/seg.nii.gz,25.328515111695136,2008-03-07T16:30:52,84.47638603696099,0.0,0.5,7.0,ADNI,SAG_3D_MPRAGE,0.3676900696730725,0.5626373626373626,0.6748768472906403,0.4004198373130412,0.4481037924151697,0.30970801098078365,0.32684410646387835,0.38744062653894423,0.31380986532791455,0.6667928549395699,0.3023543990086741,0.48801431127012523,0.06251934385639121,0.1891093944237258,0.4646074646074646,0.43390699377517394,0.3312125748502994,0.20243902439024392,0.4454196379594076
ADNI_128_S_0135,128_S_0135,val,128_S_0135_MR_2012-02-14,2012-02-14,I286721,Image/ADNI_128_S_0135/2012-02-14/t1.nii.gz,Image/ADNI_128_S_0135/2012-02-14/seg.nii.gz,72.60183968462549,2012-02-14T15:58:45,88.41615331964408,0.0,0.5,0.0,ADNI,SAG_3D_MPRAGE,0.36508689993109256,0.47692307692307695,0.5919540229885057,0.37890317501967985,0.3932135728542914,0.26254055403044674,0.28212927756653994,0.29582678040953786,0.27705793290302017,0.7805726143405962,0.32094175960346966,0.4189624329159213,0.10089755493655216,0.226092168353756,0.41055341055341055,0.4009520322226291,0.27994011976047906,0.24390243902439024,0.41799232035106965
ADNI_128_S_0135,128_S_0135,val,128_S_0135_MR_2013-02-19,2013-02-19,I487355,Image/ADNI_128_S_0135/2013-02-19/t1.nii.gz,Image/ADNI_128_S_0135/2013-02-19/seg.nii.gz,84.78975032851511,2013-02-19T15:40:05,89.4318959616701,0.0,1.0,8.0,ADNI,SAG_3D_MPRAGE,0.32522777735242325,0.4043956043956044,0.5591133004926109,0.4216741012857518,0.39820359281437123,0.30975792363364113,0.3943726235741445,0.28767732608937396,0.29635827555980554,0.7019012366450744,0.3451053283767038,0.38676207513416816,0.12968121324667287,0.23619250577162137,0.37966537966537967,0.40534602709630174,0.2911676646706587,0.25040650406504067,0.4196379594075699
ADNI_128_S_0200,128_S_0200,test,128_S_0200_MR_2006-02-13,2006-02-13,I11112,Image/ADNI_128_S_0200/2006-02-13/t1.nii.gz,Image/ADNI_128_S_0200/2006-02-13/seg.nii.gz,0.0,2006-02-13T14:32:31,61.497604380561256,1.0,0.5,22.0,ADNI,MP-RAGE,0.4837148763494373,0.6505494505494506,0.7241379310344828,0.6061401207032275,0.405189620758483,0.34923883204392314,0.487148288973384,0.649875295874438,0.6834170053390708,0.24582877653458962,0.18835192069392812,0.6568872987477639,0.02290312596719282,0.037071568105132305,0.712998712998713,0.529476382277554,0.7481287425149701,0.0910569105691057,0.7218869994514536
ADNI_128_S_0200,128_S_0200,test,128_S_0200_MR_2006-09-14,2006-09-14,I24431,Image/ADNI_128_S_0200/2006-09-14/t1.nii.gz,Image/ADNI_128_S_0200/2006-09-14/seg.nii.gz,6.9973718791064385,2006-09-14T16:48:48,62.0807665982204,1.0,0.5,7.0,ADNI,MPRAGE,0.4446367046933619,0.6857142857142857,0.7594417077175698,0.6478614536866965,0.4346307385229541,0.37289742949837784,0.44836501901140685,0.6698597277160876,0.699083592318113,0.16732564986960546,0.19144981412639406,0.6851520572450805,0.01547508511296812,0.03858106908186823,0.7567567567567568,0.5488831929696082,0.7537425149700598,0.06747967479674796,0.7816785518376302
ADNI_128_S_0200,128_S_0200,test,128_S_0200_MR_2007-03-06,2007-03-06,I43091,Image/ADNI_128_S_0200/2007-03-06/t1.nii.gz,Image/ADNI_128_S_0200/2007-03-06/seg.nii.gz,12.680683311432325,2007-03-06T16:50:32,62.554414784394254,1.0,0.5,10.0,ADNI,SAG_3D_MPRAGE,0.36720006125105276,0.701098901098901,0.7865353037766831,0.6142744686434006,0.4156686626746507,0.3435987022710257,0.443041825095057,0.6517021715992312,0.6654872898238904,0.1504725049774263,0.23482032218091697,0.6661896243291592,0.009594552770040236,0.041267092878707154,0.7824967824967825,0.5393628707433175,0.7761976047904192,0.09024390243902439,0.750411409764125
ADNI_128_S_0200,128_S_0200,test,128_S_0200_MR_2007-09-13,2007-09-13,I73077,Image/ADNI_128_S_0200/2007-09-13/t1.nii.gz,Image/ADNI_128_S_0200/2007-09-13/seg.nii.gz,18.95532194480946,2007-09-13T10:29:34,63.07734428473648,1.0,0.5,13.0,ADNI,SAG_3D_MPRAGE,0.45500344537171733,0.7824175824175824,0.784072249589491,0.6187352400944633,0.3842315369261477,0.3695033691040679,0.445171102661597,0.6065862841347758,0.6976970276516057,0.23609825860183395,0.20260223048327136,0.676923076923077,0.017022593624264934,0.041289291422482687,0.7400257400257401,0.55181252288539,0.7417664670658682,0.08292682926829269,0.7624794295117937
ADNI_128_S_0200,128_S_0200,test,128_S_0200_MR_2008-03-12,2008-03-12,I97355,Image/ADNI_128_S_0200/2008-03-12/t1.nii.gz,Image/ADNI_128_S_0200/2008-03-12/seg.nii.gz,24.901445466491456,2008-03-12T16:17:31,63.572895277207394,1.0,0.5,8.0,ADNI,SAG_3D_MPRAGE,0.3753464512671312,0.7516483516483516,0.7610837438423645,0.6092889005510365,0.39820359281437123,0.32408285500374345,0.4444106463878327,0.6077618389489905,0.6474619491592956,0.22279240627015506,0.20198265179677818,0.673345259391771,0.010832559579077685,0.04015716568993074,0.7194337194337195,0.529476382277554,0.7361526946107785,0.07560975609756097,0.7476686780032913
ADNI_128_S_0200,128_S_0200,test,128_S_0200_MR_2012-02-17,2012-02-17,I286031,Image/ADNI_128_S_0200/2012-02-17/t1.nii.gz,Image/ADNI_128_S_0200/2012-02-17/seg.nii.gz,72.10906701708278,2012-02-17T15:50:18,67.50718685831622,1.0,0.5,6.0,ADNI,SAG_3D_MPRAGE,0.37410611744889366,0.7054945054945055,0.7110016420361248,0.5772763054316452,0.39421157684630737,0.3207886199151485,0.4314828897338403,0.5853150963478372,0.6218981592158738,0.2621911892543675,0.22366790582403964,0.643649373881932,0.017332095326524296,0.055340969632392115,0.7297297297297297,0.5195898938117905,0.6833832335329342,0.11544715447154472,0.7164015359297861
ADNI_128_S_0200,128_S_0200,test,128_S_0200_MR_2013-03-13,2013-03-13,I363392,Image/ADNI_128_S_0200/2013-03-13/t1.nii.gz,Image/ADNI_128_S_0200/2013-03-13/seg.nii.gz,84.92115637319316,2013-03-13T17:41:27,68.57494866529774,1.0,0.5,7.0,ADNI,SAG_3D_MPRAGE,0.36893040349131,0.7692307692307693,0.7635467980295566,0.5825242718446602,0.3997005988023952,0.30836036935363115,0.423574144486692,0.587697977728002,0.609913140489282,0.26433638989372144,0.2342007434944238,0.6150268336314848,0.017332095326524296,0.06446457112413426,0.6975546975546976,0.5144635664591725,0.6732784431137725,0.12682926829268293,0.712013165112452
ADNI_128_S_0200,128_S_0200,test,128_S_0200_MR_2014-03-11,2014-03-11,I416506,Image/ADNI_128_S_0200/2014-03-11/t1.nii.gz,Image/ADNI_128_S_0200/2014-03-11/seg.nii.gz,96.84625492772668,2014-03-11T18:00:40,69.56878850102669,1.0,0.5,24.0,ADNI,SAG_3D_MPRAGE_NO_ANGLE,0.3451037439705995,0.6923076923076923,0.7561576354679803,0.5772763054316452,0.37475049900199603,0.3121038183179436,0.42311787072243345,0.5930832896471747,0.5816399713124552,0.2602142396455512,0.2459727385377943,0.6379248658318426,0.01887960383782111,0.0684159119161783,0.7155727155727156,0.4906627608934456,0.6455838323353293,0.13739837398373983,0.7454744925946243
ADNI_128_S_0200,128_S_0200,test,128_S_0200_MR_2016-03-23,2016-03-23,I664623,Image/ADNI_128_S_0200/2016-03-23/t1.nii.gz,Image/ADNI_128_S_0200/2016-03-23/seg.nii.gz,121.25492772667542,2016-03-23T07:27:35,71.60301163586584,1.0,0.5,0.0,ADNI,SAG_3D_MPRAGE,0.3653778424316668,0.7406593406593407,0.7167487684729064,0.5951193912358961,0.37674650698602796,0.3138008485150986,0.38570342205323194,0.5879680376177541,0.5829468483544505,0.2795631081573708,0.2459727385377943,0.6332737030411449,0.01795109873104302,0.07230065707689576,0.7117117117117117,0.5188575613328451,0.6957335329341318,0.14634146341463414,0.730115194733955
ADNI_128_S_0200,128_S_0200,test,128_S_0200_MR_2018-11-09,2018-11-09,I1278867,Image/ADNI_128_S_0200/2018-11-09/t1.nii.gz,Image/ADNI_128_S_0200/2018-11-09/seg.nii.gz,152.82522996057818,2018-11-09T09:22:29,74.2340862422998,1.0,0.5,27.0,ADNI,Accelerated_Sag_IR-FSPGR,0.37960339943342775,0.7384615384615385,0.7536945812807881,0.602466544214117,0.3582834331337325,0.3102570501622161,0.3581749049429658,0.5726381674053599,0.5858474778866842,0.2968368806258938,0.26270136307311026,0.6268336314847943,0.023522129371711543,0.08901616053986859,0.7709137709137709,0.5305748809959722,0.6197604790419161,0.16504065040650406,0.7405375754251234
ADNI_128_S_0200,128_S_0200,test,128_S_0200_MR_2025-11-06,2025-11-06,I11484001,Image/ADNI_128_S_0200/2025-11-06/t1.nii.gz,Image/ADNI_128_S_0200/2025-11-06/seg.nii.gz,236.72798948751642,2025-11-06T11:32:24,81.22655715263518,1.0,0.5,6.0,ADNI,Accelerated_Sagittal_MPRAGE__MSV22_,0.2562284664267667,0.6967032967032967,0.6822660098522167,0.5216478614536867,0.2884231536926148,0.17454454704267533,0.3060076045627376,0.4807701472620693,0.4212287831699737,0.43966798463307255,0.27447335811648077,0.5101967799642219,0.04271123491179202,0.14047238501154324,0.6692406692406693,0.41779567923837424,0.6047904191616766,0.2634146341463415,0.5852989577619309
ADNI_128_S_0225,128_S_0225,train,128_S_0225_MR_2006-02-15,2006-02-15,I11179,Image/ADNI_128_S_0225/2006-02-15/t1.nii.gz,Image/ADNI_128_S_0225/2006-02-15/seg.nii.gz,0.0,2006-02-15T08:22:50,82.33812457221082,0.0,0.5,21.0,ADNI,MP-RAGE,0.47945792818314065,0.5142857142857142,0.6362889983579638,0.22723694568354763,0.1996007984031936,0.4887946094334914,0.38098859315589356,0.553289170598421,0.3251733205833134,0.5021732424777768,0.06319702602230483,0.5395348837209303,0.2389353141442278,0.26993429231042443,0.6846846846846847,0.45880629805931894,0.45845808383233533,0.5195121951219512,0.5726823916620954
ADNI_128_S_0225,128_S_0225,train,128_S_0225_MR_2006-09-20,2006-09-20,I24721,Image/ADNI_128_S_0225/2006-09-20/t1.nii.gz,Image/ADNI_128_S_0225/2006-09-20/seg.nii.gz,7.128777923784494,2006-09-20T07:23:41,82.93223819301848,0.0,0.5,2.0,ADNI,MPRAGE,0.34605313528826276,0.5032967032967033,0.6658456486042693,0.20047231697717136,0.15768463073852296,0.4165710007486898,0.332319391634981,0.5391825128278448,0.3089807952824926,0.42805866352598076,0.0762081784386617,0.5280858676207514,0.24914887031878674,0.2791022908897176,0.5173745173745173,0.4621017942145734,0.45396706586826346,0.5252032520325203,0.6226001097092705
ADNI_128_S_0225,128_S_0225,train,128_S_0225_MR_2007-02-27,2007-02-27,I41783,Image/ADNI_128_S_0225/2007-02-27/t1.nii.gz,Image/ADNI_128_S_0225/2007-02-27/seg.nii.gz,12.3850197109067,2007-02-27T10:16:35,83.37029431895962,0.0,0.5,6.0,ADNI,SAG_3D_MPRAGE,0.3339866778960263,0.4835164835164835,0.6691297208538588,0.23930726843348202,0.2120758483033932,0.4404292488145745,0.35954372623574143,0.5132567634116507,0.298876404494382,0.4266986343624688,0.06505576208178439,0.504830053667263,0.26307644692045806,0.29235482152370806,0.5958815958815958,0.4745514463566459,0.4962574850299401,0.5430894308943089,0.5551289083927592
ADNI_128_S_0225,128_S_0225,train,128_S_0225_MR_2007-09-12,2007-09-12,I72706,Image/ADNI_128_S_0225/2007-09-12/t1.nii.gz,Image/ADNI_128_S_0225/2007-09-12/seg.nii.gz,18.85676741130092,2007-09-12T10:38:28,83.90965092402465,0.0,0.5,13.0,ADNI,SAG_3D_MPRAGE,0.3159941811499885,0.4945054945054945,0.6625615763546798,0.1744948832327473,0.16966067864271456,0.40454205141003247,0.3341444866920152,0.546426472223546,0.276133556458682,0.423347634670929,0.05885997521685254,0.46547406082289805,0.2850510677808728,0.2893358195702362,0.6525096525096525,0.4328084950567558,0.47754491017964074,0.5487804878048781,0.5123422929237521
ADNI_128_S_0225,128_S_0225,train,128_S_0225_MR_2008-03-19,2008-03-19,I99006,Image/ADNI_128_S_0225/2008-03-19/t1.nii.gz,Image/ADNI_128_S_0225/2008-03-19/seg.nii.gz,25.065703022339026,2008-03-19T10:47:18,84.4271047227926,0.0,0.5,2.0,ADNI,SAG_3D_MPRAGE,0.36692443151366666,0.5296703296703297,0.6477832512315271,0.21018105484124902,0.19760479041916168,0.47407037684052905,0.3057034220532319,0.5273475353063591,0.30419953781177783,0.4347606629090603,0.05080545229244114,0.4708407871198569,0.2748375116063138,0.29675013319126264,0.6602316602316602,0.4844379348224094,0.4752994011976048,0.5504065040650407,0.5726823916620954
ADNI_128_S_0225,128_S_0225,train,128_S_0225_MR_2009-08-26,2009-08-26,I153745,Image/ADNI_128_S_0225/2009-08-26/t1.nii.gz,Image/ADNI_128_S_0225/2009-08-26/seg.nii.gz,42.31274638633377,2009-08-26T11:58:08,85.86447638603696,0.0,0.5,401.0,ADNI,SAG_3D_MPRAGE,0.34171962330602557,0.5032967032967033,0.6182266009852216,0.2002099186565206,0.21007984031936128,0.41856750686298977,0.30828897338403044,0.5288090358861935,0.2716232369113077,0.4432713608704187,0.07187112763320942,0.459391771019678,0.3163107397090684,0.31635144734505416,0.6357786357786358,0.4708897839619187,0.46182634730538924,0.5715447154471545,0.5189248491497531
ADNI_128_S_0225,128_S_0225,train,128_S_0225_MR_2012-02-21,2012-02-21,I286098,Image/ADNI_128_S_0225/2012-02-21/t1.nii.gz,Image/ADNI_128_S_0225/2012-02-21/seg.nii.gz,72.17477003942182,2012-02-21T15:18:32,88.35318275154005,0.0,0.5,0.0,ADNI,SAG_3D_MPRAGE,0.29957889901232676,0.45714285714285713,0.6330049261083743,0.11309367620047232,0.250998003992016,0.3688545046169204,0.2831939163498099,0.49954725253776866,0.2889473264801976,0.4209079947281344,0.07001239157372986,0.3706618962432916,0.3847106159083875,0.3378396377197656,0.5894465894465895,0.47125595020139144,0.4535928143712575,0.5813008130081301,0.5842018650575974
ADNI_128_S_0225,128_S_0225,train,128_S_0225_MR_2013-03-15,2013-03-15,I487337,Image/ADNI_128_S_0225/2013-03-15/t1.nii.gz,Image/ADNI_128_S_0225/2013-03-15/seg.nii.gz,84.92115637319316,2013-03-15T08:15:36,89.4154688569473,0.0,0.5,9.0,ADNI,SAG_3D_MPRAGE,0.3230533649797106,0.4879120879120879,0.5821018062397373,0.1946995539228549,0.23003992015968064,0.4203643623658597,0.2914068441064639,0.4903016727827289,0.25947884293569207,0.4463699840161521,0.11462205700123916,0.3438282647584973,0.4314453729495512,0.35717456934825076,0.6164736164736164,0.42182350787257417,0.40157185628742514,0.6422764227642277,0.5842018650575974
ADNI_128_S_0225,128_S_0225,train,128_S_0225_MR_2014-03-07,2014-03-07,I416399,Image/ADNI_128_S_0225/2014-03-07/t1.nii.gz,Image/ADNI_128_S_0225/2014-03-07/seg.nii.gz,96.6491458607096,2014-03-07T16:10:35,90.39288158795345,0.0,0.5,20.0,ADNI,SAG_3D_MPRAGE_NO_ANGLE,0.3324860271035908,0.4043956043956044,0.5706075533661741,0.1700341117816846,0.27295409181636726,0.42156226603443975,0.3136121673003802,0.3786398513082019,0.2844688819826281,0.5282801940495219,0.12267657992565056,0.3037567084078712,0.43980191891055403,0.36918398153081156,0.6190476190476191,0.37422189674112044,0.3869760479041916,0.6195121951219512,0.5024684585847504
ADNI_128_S_0225,128_S_0225,train,128_S_0225_MR_2016-03-21,2016-03-21,I664607,Image/ADNI_128_S_0225/2016-03-21/t1.nii.gz,Image/ADNI_128_S_0225/2016-03-21/seg.nii.gz,121.12352168199736,2016-03-21T06:01:31,92.43258042436688,0.0,0.5,16.0,ADNI,SAG_3D_MPRAGE,0.3369879794808973,0.46153846153846156,0.5377668308702791,0.16163736552086067,0.2954091816367265,0.40559021712003995,0.2850190114068441,0.40656722108373444,0.250729141764284,0.5098707271248704,0.12825278810408922,0.2554561717352415,0.5558650572578149,0.4148907831646244,0.5508365508365508,0.4192603441962651,0.40157185628742514,0.6894308943089431,0.48710916072408117
ADNI_128_S_0229,128_S_0229,val,128_S_0229_MR_2006-03-08,2006-03-08,I12459,Image/ADNI_128_S_0229/2006-03-08/t1.nii.gz,Image/ADNI_128_S_0229/2006-03-08/seg.nii.gz,0.0,2006-03-08T15:12:35,74.39561943874058,0.0,0.0,22.0,ADNI,MP-RAGE,0.7026567644131384,0.6307692307692307,0.7438423645320197,0.44738913670952507,0.023453093812375248,0.4064886448714749,0.49460076045627377,0.6975011517260005,0.5486333572396207,0.5247609433274445,0.23667905824039653,0.641860465116279,0.12627669452181986,0.05118984194636832,0.5315315315315315,0.3760527279384841,0.688248502994012,0.06016260162601626,0.5979155238617663
ADNI_128_S_0229,128_S_0229,val,128_S_0229_MR_2006-10-17,2006-10-17,I26467,Image/ADNI_128_S_0229/2006-10-17/t1.nii.gz,Image/ADNI_128_S_0229/2006-10-17/seg.nii.gz,7.3258869908015765,2006-10-17T13:54:24,75.00616016427105,0.0,0.0,1.0,ADNI,MPRAGE,0.4725978102748641,0.6,0.6986863711001642,0.3854631330359486,0.010479041916167664,0.38647367107561764,0.43193916349809885,0.6288265103496481,0.45806040321938,0.4828944785620145,0.17967781908302355,0.5989266547406082,0.12472918601052306,0.04362013851891316,0.38996138996138996,0.355181252288539,0.6579341317365269,0.061788617886178863,0.5518376302797586
ADNI_128_S_0229,128_S_0229,val,128_S_0229_MR_2007-03-22,2007-03-22,I46515,Image/ADNI_128_S_0229/2007-03-22/t1.nii.gz,Image/ADNI_128_S_0229/2007-03-22/seg.nii.gz,12.450722733245728,2007-03-22T15:42:38,75.43326488706366,0.0,0.0,1.0,ADNI,SAG_3D_MPRAGE,0.48495521016767473,0.5692307692307692,0.7126436781609196,0.4300708475465757,-0.020459081836327345,0.38976790616421264,0.47695817490494297,0.6333539849719614,0.44814726273009803,0.49026948206724436,0.19640644361833953,0.592128801431127,0.1284432064376354,0.04226602734860593,0.40540540540540543,0.40021969974368365,0.6178892215568862,0.05853658536585366,0.6407021393307735
ADNI_128_S_0229,128_S_0229,val,128_S_0229_MR_2008-04-03,2008-04-03,I100573,Image/ADNI_128_S_0229/2008-04-03/t1.nii.gz,Image/ADNI_128_S_0229/2008-04-03/seg.nii.gz,24.868593955321945,2008-04-03T11:24:41,76.46817248459959,0.0,0.0,1.0,ADNI,SAG_3D_MPRAGE,0.5776280529821606,0.545054945054945,0.7060755336617406,0.41983731304119654,0.008483033932135729,0.4075867232343399,0.45870722433460076,0.6692719503089802,0.465806040321938,0.5101791873475225,0.22800495662949194,0.6125223613595706,0.14020427112349118,0.059758479843722255,0.525096525096525,0.3661662394727206,0.719685628742515,0.0975609756097561,0.5156335710367526
ADNI_128_S_0229,128_S_0229,val,128_S_0229_MR_2009-08-28,2009-08-28,I153934,Image/ADNI_128_S_0229/2009-08-28/t1.nii.gz,Image/ADNI_128_S_0229/2009-08-28/seg.nii.gz,41.68856767411301,2009-08-28T13:00:35,77.86995208761122,0.0,0.0,19.0,ADNI,SAG_3D_MPRAGE,0.5260546665645816,0.5494505494505495,0.6962233169129721,0.4340068223563369,0.0074850299401197605,0.4296481157973546,0.4444106463878327,0.6063956536243625,0.4314925492071081,0.5427918454333867,0.1982651796778191,0.5960644007155635,0.12565769111730116,0.06242230509678565,0.3410553410553411,0.41083852068839255,0.687874251497006,0.08536585365853659,0.6083379045529347
ADNI_128_S_0229,128_S_0229,val,128_S_0229_MR_2012-03-08,2012-03-08,I289700,Image/ADNI_128_S_0229/2012-03-08/t1.nii.gz,Image/ADNI_128_S_0229/2012-03-08/seg.nii.gz,72.01051248357425,2012-03-08T16:38:01,80.39698836413416,0.0,0.0,6.0,ADNI,SAG_3D_MPRAGE,0.5186586019447209,0.5494505494505495,0.69376026272578,0.45709787457360274,-0.0124750499001996,0.4262540554030447,0.43041825095057035,0.5629160113742872,0.39268467606980634,0.6062925885421048,0.17286245353159851,0.5470483005366726,0.1482513153822346,0.07603001243118451,0.42213642213642216,0.36909556938850235,0.6298652694610778,0.12845528455284552,0.564454196379594
ADNI_128_S_0229,128_S_0229,val,128_S_0229_MR_2013-04-08,2013-04-08,I487344,Image/ADNI_128_S_0229/2013-04-08/t1.nii.gz,Image/ADNI_128_S_0229/2013-04-08/seg.nii.gz,85.0197109067017,2013-04-08T13:18:43,81.48117727583846,0.0,0.0,19.0,ADNI,SAG_3D_MPRAGE_NO_ANGLE,0.4312533496669474,0.4197802197802198,0.5944170771756979,0.4298084492259249,-0.028942115768463075,0.3759421013226853,0.39011406844106467,0.48820473716818374,0.3315961431189736,0.6603011693446622,0.22057001239157373,0.4876565295169946,0.17734447539461468,0.09312289113834132,0.4362934362934363,0.31233980227023067,0.6141467065868264,0.15528455284552845,0.5337356006582556
ADNI_128_S_0229,128_S_0229,val,128_S_0229_MR_2014-04-08,2014-04-08,I419765,Image/ADNI_128_S_0229/2014-04-08/t1.nii.gz,Image/ADNI_128_S_0229/2014-04-08/seg.nii.gz,97.01051248357425,2014-04-08T16:12:34,82.48049281314168,0.0,0.0,9.0,ADNI,SAG_3D_MPRAGE,0.4354643595436797,0.46373626373626375,0.6469622331691297,0.42534767777486227,-0.022954091816367265,0.4039430995757424,0.3755133079847909,0.5052979396019,0.32010518766435575,0.6495331033902583,0.20446096654275092,0.4483005366726297,0.16929743113587126,0.09727401882436512,0.45045045045045046,0.35627975100695713,0.623877245508982,0.14959349593495935,0.5167306637410861
ADNI_128_S_0229,128_S_0229,val,128_S_0229_MR_2016-03-28,2016-03-28,I665378,Image/ADNI_128_S_0229/2016-03-28/t1.nii.gz,Image/ADNI_128_S_0229/2016-03-28/seg.nii.gz,120.66360052562418,2016-03-28T07:10:25,84.4517453798768,0.0,0.5,23.0,ADNI,SAG_3D_MPRAGE,0.4853533420105658,0.5142857142857142,0.5894909688013136,0.44135397533455784,-0.05289421157684631,0.4176191664586973,0.4232699619771863,0.4752100907083512,0.3272292612957208,0.7135245786713776,0.17162329615861213,0.46833631484794275,0.15444134942742185,0.09358906055762742,0.3384813384813385,0.29915781764921273,0.6062874251497006,0.15691056910569107,0.5666483817882612
ADNI_128_S_0272,128_S_0272,train,128_S_0272_MR_2006-03-22,2006-03-22,I12313,Image/ADNI_128_S_0272/2006-03-22/t1.nii.gz,Image/ADNI_128_S_0272/2006-03-22/seg.nii.gz,0.0,2006-03-22T16:56:34,70.43394934976044,0.0,0.0,35.0,ADNI,MP-RAGE,0.7013858050685247,0.6857142857142857,0.7577996715927751,0.29913408554185256,0.3532934131736527,0.36196655852258547,0.4056273764258555,0.7382643092026879,0.7000717188620608,0.31814867782731837,0.1325898389095415,0.6518783542039356,0.06128133704735376,0.15008435446634702,0.6447876447876448,0.4635664591724643,0.48353293413173654,0.23983739837398374,0.49808008776741636
ADNI_128_S_0272,128_S_0272,train,128_S_0272_MR_2006-10-12,2006-10-12,I26217,Image/ADNI_128_S_0272/2006-10-12/t1.nii.gz,Image/ADNI_128_S_0272/2006-10-12/seg.nii.gz,6.701708278580814,2006-10-12T16:31:05,70.99247091033538,0.0,0.0,1.0,ADNI,MPRAGE,0.49342316821070364,0.6307692307692307,0.7307060755336617,0.2358960902650223,0.3333333333333333,0.31145495383079613,0.37216730038022816,0.6827590589207136,0.6258187903418599,0.2752026022826056,0.09975216852540272,0.607871198568873,0.048901268956979264,0.14078316462440063,0.6254826254826255,0.43024533138044674,0.48502994011976047,0.23089430894308943,0.4728469555677455
ADNI_128_S_0272,128_S_0272,train,128_S_0272_MR_2007-05-02,2007-05-02,I53270,Image/ADNI_128_S_0272/2007-05-02/t1.nii.gz,Image/ADNI_128_S_0272/2007-05-02/seg.nii.gz,13.337713534822601,2007-05-02T10:27:13,71.54551676933607,0.0,0.0,2.0,ADNI,SAG_3D_MPRAGE,0.46912181303116146,0.6791208791208792,0.715927750410509,0.21149304644450276,0.34331337325349304,0.28609932617918643,0.3534600760456274,0.6526712100271649,0.6077137620527532,0.29272875129693504,0.09851301115241635,0.6057245080500895,0.06375735066542866,0.15896377197655834,0.6563706563706564,0.42694983522519225,0.47342814371257486,0.26422764227642276,0.4777838727372463
ADNI_128_S_0272,128_S_0272,train,128_S_0272_MR_2008-04-30,2008-04-30,I104413,Image/ADNI_128_S_0272/2008-04-30/t1.nii.gz,Image/ADNI_128_S_0272/2008-04-30/seg.nii.gz,25.29566360052562,2008-04-30T10:34:02,72.54209445585215,0.0,0.0,6.0,ADNI,SAG_3D_MPRAGE,0.49187657912870375,0.7142857142857143,0.7183908045977011,0.22330097087378642,0.313872255489022,0.30052408285500376,0.36395437262357416,0.6787717040779043,0.598501872659176,0.29522447491657555,0.1047087980173482,0.6100178890876565,0.04921077065923862,0.15765405789380216,0.6074646074646075,0.4148663493225925,0.4842814371257485,0.26504065040650404,0.4805266044980801
ADNI_128_S_0272,128_S_0272,train,128_S_0272_MR_2009-06-15,2009-06-15,I146224,Image/ADNI_128_S_0272/2009-06-15/t1.nii.gz,Image/ADNI_128_S_0272/2009-06-15/seg.nii.gz,38.797634691195796,2009-06-15T16:37:55,73.66735112936345,0.0,0.0,30.0,ADNI,SAG_3D_MPRAGE,0.4738687696194778,0.6637362637362637,0.7553366174055829,0.1865652059826817,0.3018962075848303,0.29099076615922137,0.3546768060836502,0.6483661376670002,0.5637899434217866,0.3379041529962704,0.10718711276332094,0.6021466905187836,0.049829774063757354,0.16737702006748356,0.4800514800514801,0.39143170999633836,0.49288922155688625,0.28292682926829266,0.4596818431157433
ADNI_128_S_0272,128_S_0272,train,128_S_0272_MR_2012-04-25,2012-04-25,I300603,Image/ADNI_128_S_0272/2012-04-25/t1.nii.gz,Image/ADNI_128_S_0272/2012-04-25/seg.nii.gz,73.12746386333771,2012-04-25T16:57:45,76.5284052019165,0.0,0.0,1.0,ADNI,SAG_3D_MPRAGE,0.4209784855677207,0.6175824175824176,0.6822660098522167,0.16714773025452637,0.29740518962075846,0.30122285999500875,0.3053992395437262,0.5901126308599025,0.48958482747629295,0.3841731863941,0.1251548946716233,0.542397137745975,0.07520891364902507,0.2094654590658853,0.5842985842985843,0.3943610399121201,0.4562125748502994,0.33252032520325203,0.45364783324190894
ADNI_128_S_0272,128_S_0272,train,128_S_0272_MR_2013-06-07,2013-06-07,I377692,Image/ADNI_128_S_0272/2013-06-07/t1.nii.gz,Image/ADNI_128_S_0272/2013-06-07/seg.nii.gz,86.53088042049934,2013-06-07T17:01:45,77.64544832306639,0.0,0.0,17.0,ADNI,SAG_3D_MPRAGE_NO_ANGLE,0.38827042339790213,0.6,0.6912972085385879,0.14300708475465757,0.2949101796407186,0.2662840029947592,0.30281368821292776,0.5648382023542868,0.48619013467208544,0.38303749193797143,0.09789343246592318,0.5313059033989267,0.08294645620550913,0.22542621204049015,0.5842985842985843,0.3994873672647382,0.4315119760479042,0.34065040650406503,0.41689522764673614
ADNI_128_S_0272,128_S_0272,train,128_S_0272_MR_2014-05-29,2014-05-29,I428012,Image/ADNI_128_S_0272/2014-05-29/t1.nii.gz,Image/ADNI_128_S_0272/2014-05-29/seg.nii.gz,98.22601839684626,2014-05-29T14:23:19,78.62012320328542,0.0,0.0,5.0,ADNI,SAG_3D_MPRAGE_NO_ANGLE,0.3958655539392083,0.6351648351648351,0.6576354679802956,0.14326948307530832,0.3143712574850299,0.2691290242076366,0.28243346007604564,0.5660614147961048,0.45409195951868675,0.4073637867698606,0.10842627013630732,0.5066189624329159,0.08789848344165893,0.2410761854022376,0.5675675675675675,0.4170633467594288,0.41504491017964074,0.367479674796748,0.45364783324190894
ADNI_128_S_0272,128_S_0272,train,128_S_0272_MR_2016-05-10,2016-05-10,I705633,Image/ADNI_128_S_0272/2016-05-10/t1.nii.gz,Image/ADNI_128_S_0272/2016-05-10/seg.nii.gz,121.61629434954007,2016-05-10T20:17:50,80.56947296372347,0.0,0.0,8.0,ADNI,SAG_3D_MPRAGE,0.4099839215986525,0.567032967032967,0.6535303776683087,0.12490160062975597,0.313872255489022,0.2241577239830297,0.2570342205323194,0.5084115712719821,0.39509124233006615,0.48649785479936064,0.14745972738537794,0.44651162790697674,0.16620241411327763,0.3238323565974072,0.5675675675675675,0.34859025997803,0.42290419161676646,0.47235772357723577,0.42347778387273727
ADNI_128_S_0272,128_S_0272,train,128_S_0272_MR_2018-05-18,2018-05-18,I1001504,Image/ADNI_128_S_0272/2018-05-18/t1.nii.gz,Image/ADNI_128_S_0272/2018-05-18/seg.nii.gz,145.86070959264126,2018-05-18T10:46:38,82.59000684462697,0.0,0.0,61.0,ADNI,Accelerated_Sag_IR-FSPGR,0.5990046703927724,0.6153846153846154,0.6781609195402298,0.1744948832327473,0.38622754491017963,0.3123533815822311,0.2798479087452472,0.7026481755071566,0.40685313570802456,0.4124393595244104,0.15303593556381662,0.4604651162790698,0.19127205199628597,0.3598827916888652,0.6743886743886743,0.45331380446722813,0.44011976047904194,0.5365853658536586,0.4843664289632474
ADNI_130_S_0886,130_S_0886,val,130_S_0886_MR_2006-09-29,2006-09-29,I25455,Image/ADNI_130_S_0886/2006-09-29/t1.nii.gz,Image/ADNI_130_S_0886/2006-09-29/seg.nii.gz,0.0,2006-09-29T08:03:26,71.29089664613278,0.0,0.0,7.0,ADNI,SAG_MP-RAGE,0.3993109256565347,0.6703296703296703,0.687192118226601,0.332983468905799,0.29890219560878245,0.5307711504866484,0.3971102661596958,0.5430427806637119,0.38819029404733446,0.4749726592075377,0.22490706319702602,0.5892665474060823,0.027236149798823894,0.11110371159651927,0.6203346203346203,0.3782497253753204,0.4393712574850299,0.25609756097560976,0.46242457487657707
ADNI_130_S_0886,130_S_0886,val,130_S_0886_MR_2007-04-11,2007-04-11,I48730,Image/ADNI_130_S_0886/2007-04-11/t1.nii.gz,Image/ADNI_130_S_0886/2007-04-11/seg.nii.gz,6.3731931668856765,2007-04-11T10:34:57,71.82203969883642,0.0,0.0,1.0,ADNI,MPRAGE_SENSE,0.9169588852308399,0.756043956043956,0.7602627257799671,0.5345053791655734,0.45858283433133734,0.5197903668579985,0.5184790874524715,0.7559452890435114,0.5809865327914575,0.5214239645551162,0.30111524163568776,0.6883720930232559,0.03559269575982668,0.14018380394246138,0.8455598455598455,0.5393628707433175,0.6059131736526946,0.3097560975609756,0.6467361492046078
ADNI_130_S_0886,130_S_0886,val,130_S_0886_MR_2007-10-08,2007-10-08,I77144,Image/ADNI_130_S_0886/2007-10-08/t1.nii.gz,Image/ADNI_130_S_0886/2007-10-08/seg.nii.gz,12.28646517739816,2007-10-08T14:48:49,72.31485284052019,0.0,0.0,4.0,ADNI,SAG_MP-RAGE,0.3522854299058265,0.6681318681318681,0.6855500821018062,0.33770663867751244,0.2879241516966068,0.4340404292488146,0.37277566539923956,0.5462993852166039,0.3741812096581401,0.4687613919968593,0.21437422552664187,0.5763864042933811,0.026307644692045808,0.11281299946723496,0.7361647361647362,0.3782497253753204,0.43038922155688625,0.27154471544715447,0.48710916072408117
ADNI_130_S_0886,130_S_0886,val,130_S_0886_MR_2008-10-06,2008-10-06,I119253,Image/ADNI_130_S_0886/2008-10-06/t1.nii.gz,Image/ADNI_130_S_0886/2008-10-06/seg.nii.gz,24.24441524310118,2008-10-06T08:56:16,73.31143052703628,0.0,0.0,323.0,ADNI,MPRAGE_SENSE,0.88694586938213,0.7054945054945055,0.7791461412151067,0.4975072159538179,0.40718562874251496,0.5272273521337659,0.5186311787072243,0.7338162639597134,0.5385767790262173,0.5539104343680772,0.28872366790582404,0.6679785330948121,0.034354688950789226,0.14331379861481086,0.7786357786357786,0.5316733797143903,0.5797155688622755,0.3227642276422764,0.6127262753702688
ADNI_130_S_1201,130_S_1201,train,130_S_1201_MR_2007-01-15,2007-01-15,I36269,Image/ADNI_130_S_1201/2007-01-15/t1.nii.gz,Image/ADNI_130_S_1201/2007-01-15/seg.nii.gz,0.0,2007-01-15T07:20:32,75.58658453114305,0.0,1.0,18.0,ADNI,SAG_MP-RAGE,0.2458617257484113,0.1978021978021978,0.24548440065681446,0.20834426659669378,0.2375249500998004,0.17898677314699277,0.315893536121673,0.16689701186674927,0.14731054267272292,0.7549423740220409,0.1579925650557621,0.15062611806797854,0.3763540699473847,0.5399351802521755,0.42985842985842987,0.21054558769681436,0.07597305389221556,0.7065040650406504,0.26878771256171147
ADNI_130_S_1201,130_S_1201,train,130_S_1201_MR_2007-08-07,2007-08-07,I66933,Image/ADNI_130_S_1201/2007-08-07/t1.nii.gz,Image/ADNI_130_S_1201/2007-08-07/seg.nii.gz,6.701708278580814,2007-08-07T10:51:03,76.145106091718,0.0,1.0,4.0,ADNI,SAG_MP-RAGE,0.08749712885690222,0.21318681318681318,0.23316912972085385,0.18394122277617422,0.2470059880239521,0.1686049413526329,0.20593155893536122,0.10962842936345295,0.10372141206470635,0.7346541039230532,0.1412639405204461,0.12880143112701253,0.3797585886722377,0.5102557272242941,0.2754182754182754,0.21347491761259613,0.11639221556886227,0.6707317073170732,0.22490400438837083
ADNI_130_S_1201,130_S_1201,train,130_S_1201_MR_2008-02-04,2008-02-04,I89355,Image/ADNI_130_S_1201/2008-02-04/t1.nii.gz,Image/ADNI_130_S_1201/2008-02-04/seg.nii.gz,12.64783180026281,2008-02-04T14:45:22,76.64065708418892,0.0,1.0,6.0,ADNI,SAG_MP-RAGE,0.3435112165990353,0.2549450549450549,0.2561576354679803,0.2545263710312254,0.32984031936127745,0.23618667332168705,0.2973384030418251,0.24146531319004275,0.18591122798629373,0.7164549507865736,0.1325898389095415,0.16779964221824686,0.375735066542866,0.5410673059847274,0.38996138996138996,0.2680336872940315,0.19311377245508982,0.7357723577235772,0.29676357652221613
ADNI_130_S_1290,130_S_1290,test,130_S_1290_MR_2007-02-07,2007-02-07,I38395,Image/ADNI_130_S_1290/2007-02-07/t1.nii.gz,Image/ADNI_130_S_1290/2007-02-07/seg.nii.gz,0.0,2007-02-07T10:26:15,79.39767282683094,0.0,1.0,20.0,ADNI,SAG_MP-RAGE,0.22776203966005665,0.4945054945054945,0.5394088669950738,0.4345316189976384,0.3388223552894212,0.5419016720738707,0.551787072243346,0.2066117015361642,0.2575982149972109,0.5804800762738005,0.09479553903345725,0.3767441860465116,0.12411018260600433,0.31577428520689044,0.564993564993565,0.613328451116807,0.3828592814371258,0.23902439024390243,0.48491497531541417
ADNI_130_S_1290,130_S_1290,test,130_S_1290_MR_2007-09-07,2007-09-07,I72063,Image/ADNI_130_S_1290/2007-09-07/t1.nii.gz,Image/ADNI_130_S_1290/2007-09-07/seg.nii.gz,6.964520367936925,2007-09-07T15:48:23,79.97809719370294,0.0,1.0,3.0,ADNI,SAG_MP-RAGE,0.14427685475844115,0.43736263736263736,0.5320197044334976,0.426659669378116,0.27694610778443113,0.520339406039431,0.5473764258555133,0.16503836439022065,0.20715594868116982,0.584153557107204,0.12205700123915737,0.3549194991055456,0.14237078303930673,0.33146865565618894,0.5688545688545689,0.5748809959721713,0.3948353293413174,0.26260162601626014,0.49040043883708173
ADNI_130_S_1290,130_S_1290,test,130_S_1290_MR_2008-02-18,2008-02-18,I92815,Image/ADNI_130_S_1290/2008-02-18/t1.nii.gz,Image/ADNI_130_S_1290/2008-02-18/seg.nii.gz,12.352168199737187,2008-02-18T13:24:27,80.4271047227926,0.0,1.0,11.0,ADNI,SAG_MP-RAGE,-0.09771074190337646,0.4043956043956044,0.5164203612479474,0.38677512463920233,0.2440119760479042,0.4748190666333916,0.513916349809886,0.09969975694609923,0.11714080803251255,0.5273407924623539,0.10594795539033457,0.3033989266547406,0.13215722686474776,0.3308914935180252,0.5302445302445302,0.5587696814353716,0.32747005988023953,0.26747967479674795,0.4196379594075699
ADNI_130_S_4730,130_S_4730,train,130_S_4730_MR_2012-12-19,2012-12-19,I352404,Image/ADNI_130_S_4730/2012-12-19/t1.nii.gz,Image/ADNI_130_S_4730/2012-12-19/seg.nii.gz,0.0,2012-12-19T09:17:33,81.6810403832991,0.0,1.0,19.0,ADNI,MPRAGE,0.5033305259934155,0.12747252747252746,0.3916256157635468,0.43794279716609813,0.5169660678642715,0.440379336161717,0.44836501901140685,0.3211488665427568,0.4050362578691529,0.3523176579456549,0.33209417596034696,0.29159212880143115,0.7972763850201177,0.7478245427099982,0.3462033462033462,0.20834859025997804,0.19910179640718562,0.7,0.43883708173340646
ADNI_130_S_4730,130_S_4730,train,130_S_4730_MR_2013-06-12,2013-06-12,I376250,Image/ADNI_130_S_4730/2013-06-12/t1.nii.gz,Image/ADNI_130_S_4730/2013-06-12/seg.nii.gz,5.7490144546649145,2013-06-12T08:58:35,82.16016427104722,0.0,1.0,2.0,ADNI,MPRAGE,0.5383048771150755,0.12527472527472527,0.35960591133004927,0.4426659669378116,0.5354291417165669,0.4194659346144248,0.4567300380228137,0.29392047530540594,0.3925253008207825,0.38710355850929584,0.3537794299876084,0.3230769230769231,0.8353450943980192,0.807227845853312,0.2471042471042471,0.18601244965214206,0.15381736526946108,0.6853658536585366,0.442128359846407
ADNI_130_S_5258,130_S_5258,train,130_S_5258_MR_2015-08-17,2015-08-17,I743631,Image/ADNI_130_S_5258/2015-08-17/t1.nii.gz,Image/ADNI_130_S_5258/2015-08-17/seg.nii.gz,0.0,2015-08-17T10:14:46,80.00547570157427,0.0,0.0,6.0,ADNI,MPRAGE,0.5491616262154506,0.6395604395604395,0.7939244663382594,0.37549199685122014,0.4540918163672655,0.7093586224107812,0.45840304182509506,0.45320815263149533,0.3291417642840067,0.5370012057990522,0.5309789343246593,0.774597495527728,0.15691736304549675,0.2878041200497247,0.4594594594594595,0.5243500549249359,0.42252994011976047,0.46016260162601624,0.6165660998354361
ADNI_130_S_5258,130_S_5258,train,130_S_5258_MR_2019-06-18,2019-06-18,I1177143,Image/ADNI_130_S_5258/2019-06-18/t1.nii.gz,Image/ADNI_130_S_5258/2019-06-18/seg.nii.gz,46.02496714848883,2019-06-18T10:36:53,83.84120465434634,0.0,0.0,14.0,ADNI,Sagittal_3D_Accelerated_MPRAGE,0.534737003292244,0.5362637362637362,0.8645320197044335,0.35371293623720806,0.5873253493013972,0.7150985774893935,0.4506463878326996,0.40367599167580104,0.27154354928679575,0.5548217941168223,0.5223048327137546,0.7220035778175313,0.27793252862890744,0.3677854732729533,0.5611325611325612,0.5642621750274625,0.47904191616766467,0.5560975609756098,0.5847504114097641
ADNI_130_S_5258,130_S_5258,train,130_S_5258_MR_2021-06-25,2021-06-25,I1460948,Image/ADNI_130_S_5258/2021-06-25/t1.nii.gz,Image/ADNI_130_S_5258/2021-06-25/seg.nii.gz,70.26938239159001,2021-06-25T13:56:32,85.86173853524983,0.0,0.5,3.0,ADNI,Sagittal_3D_Accelerated_MPRAGE,0.4667942730265676,0.4879120879120879,0.7832512315270936,0.34977696142744685,0.5643712574850299,0.6924881457449463,0.407148288973384,0.3577022669144863,0.23211411267830107,0.577591766916239,0.48636926889714993,0.6543828264758498,0.31073970906839987,0.3778192150594921,0.5662805662805663,0.5887953130721347,0.4726796407185629,0.5666666666666667,0.5024684585847504
ADNI_130_S_6037,130_S_6037,train,130_S_6037_MR_2017-07-11,2017-07-11,I873168,Image/ADNI_130_S_6037/2017-07-11/t1.nii.gz,Image/ADNI_130_S_6037/2017-07-11/seg.nii.gz,0.0,2017-07-11T10:09:59,67.07186858316221,1.0,0.0,17.0,ADNI,Sagittal_3D_Accelerated_MPRAGE,0.6160171502947707,0.6175824175824176,0.7668308702791461,0.5812122802414065,0.11027944111776447,0.4873471425006239,0.6063878326996198,0.6348790290552669,0.6940632719738624,0.3088247665516951,0.24039653035935563,0.7123434704830054,0.016094088517486844,0.07818327117741077,0.5868725868725869,0.44452581471988284,0.562125748502994,0.23089430894308943,0.7805814591332968
ADNI_130_S_6037,130_S_6037,train,130_S_6037_MR_2019-07-22,2019-07-22,I1189614,Image/ADNI_130_S_6037/2019-07-22/t1.nii.gz,Image/ADNI_130_S_6037/2019-07-22/seg.nii.gz,24.342969776609724,2019-07-22T11:30:38,69.10061601642711,1.0,0.0,1.0,ADNI,Sagittal_3D_Accelerated_MPRAGE,0.6223566342546513,0.5846153846153846,0.8218390804597702,0.5856730516924692,0.1536926147704591,0.5751934115298228,0.5885931558935361,0.756787240464503,0.6748585544664913,0.2026163035248591,0.1771995043370508,0.730948121645796,0.013927576601671309,0.07511987213638785,0.5572715572715573,0.4185280117173197,0.5755988023952096,0.2016260162601626,0.7860669226549644
ADNI_130_S_6037,130_S_6037,train,130_S_6037_MR_2021-07-20,2021-07-20,I1472002,Image/ADNI_130_S_6037/2021-07-20/t1.nii.gz,Image/ADNI_130_S_6037/2021-07-20/seg.nii.gz,48.29172141918528,2021-07-20T14:23:35,71.0965092402464,1.0,0.0,1.0,ADNI,Sagittal_3D_Accelerated_MPRAGE,0.7673531888829339,0.6153846153846154,0.8481116584564861,0.6092889005510365,0.1372255489021956,0.5694035437983529,0.6219011406844106,0.7744999920570621,0.6863495099211092,0.2981548470317714,0.20198265179677818,0.7495527728085868,0.016094088517486844,0.08561978334221275,0.6203346203346203,0.42511900402782865,0.5711077844311377,0.21951219512195122,0.7663192539769611
ADNI_130_S_6611,130_S_6611,train,130_S_6611_MR_2018-10-22,2018-10-22,I1062918,Image/ADNI_130_S_6611/2018-10-22/t1.nii.gz,Image/ADNI_130_S_6611/2018-10-22/seg.nii.gz,0.0,2018-10-22T14:11:01,77.51950718685832,1.0,0.5,6.0,ADNI,Sagittal_3D_Accelerated_MPRAGE,0.6346374703315213,0.37362637362637363,0.7504105090311987,0.08134347940173182,0.0,0.1356126778138258,0.05110266159695818,0.7656197874469809,0.46456291337955213,0.5318415075292336,0.29120198265179675,0.6214669051878354,0.030021665119158155,0.229621736814065,0.21364221364221364,0.1794214573416331,0.28218562874251496,0.5756097560975609,0.2748217224355458
ADNI_130_S_6611,130_S_6611,train,130_S_6611_MR_2020-03-13,2020-03-13,I1304673,Image/ADNI_130_S_6611/2020-03-13/t1.nii.gz,Image/ADNI_130_S_6611/2020-03-13/seg.nii.gz,16.68856767411301,2020-03-13T08:53:14,78.91033538672143,1.0,0.5,357.0,ADNI,Sagittal_3D_Accelerated_MPRAGE,0.7014164305949009,0.36043956043956044,0.7619047619047619,0.09734977696142745,0.014471057884231538,0.15442974794110306,0.04410646387832699,0.7989165832658184,0.460100406406885,0.5550040660665714,0.28066914498141265,0.6368515205724508,0.03497369235530796,0.237058248978867,0.3256113256113256,0.18344928597583302,0.26459580838323354,0.5650406504065041,0.301700493691717
ADNI_131_S_0409,131_S_0409,train,131_S_0409_MR_2006-04-25,2006-04-25,I14240,Image/ADNI_131_S_0409/2006-04-25/t1.nii.gz,Image/ADNI_131_S_0409/2006-04-25/seg.nii.gz,0.0,2006-04-25T10:34:19,79.1895961670089,1.0,0.5,49.0,ADNI,MP-RAGE,0.2605160401194396,0.2021978021978022,0.3899835796387521,0.037785358173707685,0.3507984031936128,0.17110057399550785,0.1829657794676806,0.14824699359799204,0.35011554705554226,0.5869437200302852,0.06939281288723669,0.22110912343470482,0.20365212008666048,0.6105709465459066,0.2985842985842986,0.2413035518125229,0.16691616766467066,0.5365853658536586,0.2528798683488755
ADNI_131_S_0409,131_S_0409,train,131_S_0409_MR_2007-02-08,2007-02-08,I38686,Image/ADNI_131_S_0409/2007-02-08/t1.nii.gz,Image/ADNI_131_S_0409/2007-02-08/seg.nii.gz,9.494086727989487,2007-02-08T14:40:56,79.98083504449008,1.0,0.5,6.0,ADNI,MP-RAGE,0.30911875047852383,0.12967032967032968,0.3760262725779967,0.03647336657045395,0.47305389221556887,0.16216620913401547,0.22722433460076047,0.09790465297304167,0.3653358833373177,0.6303945486666106,0.10037174721189591,0.20143112701252236,0.22315072732900032,0.6582090214881904,0.25096525096525096,0.21530574880995973,0.1309880239520958,0.5658536585365853,0.22600109709270433
ADNI_131_S_0497,131_S_0497,train,131_S_0497_MR_2006-06-07,2006-06-07,I16666,Image/ADNI_131_S_0497/2006-06-07/t1.nii.gz,Image/ADNI_131_S_0497/2006-06-07/seg.nii.gz,0.0,2006-06-07T13:11:52,75.7262149212868,1.0,1.0,12.0,ADNI,MP-RAGE,0.4249444912334431,0.25054945054945055,0.44745484400656815,0.21857780110207295,0.46107784431137727,0.2737209882705266,0.3505703422053232,0.31419085291267534,0.24680851063829787,0.578166624603909,0.2620817843866171,0.2783542039355993,0.4175177963478799,0.6135233528680518,0.5572715572715573,0.4185280117173197,0.37425149700598803,0.8048780487804879,0.4591332967635765
ADNI_131_S_0497,131_S_0497,train,131_S_0497_MR_2007-01-10,2007-01-10,I35969,Image/ADNI_131_S_0497/2007-01-10/t1.nii.gz,Image/ADNI_131_S_0497/2007-01-10/seg.nii.gz,7.128777923784494,2007-01-10T14:44:20,76.32032854209446,1.0,1.0,2.0,ADNI,MP-RAGE,0.3494678814792129,0.24835164835164836,0.44991789819376027,0.19784833377066388,0.436127744510978,0.25829797853755926,0.3549809885931559,0.22731099779186326,0.2286875448242888,0.6032780909116402,0.2707558859975217,0.2679785330948122,0.4481584648715568,0.6246004262120405,0.510939510939511,0.41596484804101064,0.3259730538922156,0.7951219512195122,0.40098738343390017
ADNI_131_S_0497,131_S_0497,train,131_S_0497_MR_2007-06-19,2007-06-19,I57297,Image/ADNI_131_S_0497/2007-06-19/t1.nii.gz,Image/ADNI_131_S_0497/2007-06-19/seg.nii.gz,12.3850197109067,2007-06-19T13:17:13,76.75838466803559,1.0,1.0,2.0,ADNI,MP-RAGE,0.3746114386341015,0.24395604395604395,0.41954022988505746,0.2117554447651535,0.44610778443113774,0.2649363613676067,0.35482889733840306,0.2305993740964908,0.256100087656387,0.5883738537898545,0.29615861214374223,0.259391771019678,0.4568245125348189,0.6345453738234772,0.5032175032175032,0.41596484804101064,0.3791167664670659,0.7943089430894309,0.39221064179923204
ADNI_131_S_0497,131_S_0497,train,131_S_0497_MR_2008-07-17,2008-07-17,I113517,Image/ADNI_131_S_0497/2008-07-17/t1.nii.gz,Image/ADNI_131_S_0497/2008-07-17/seg.nii.gz,25.328515111695136,2008-07-17T11:59:28,77.83709787816564,1.0,1.0,0.0,ADNI,MP-RAGE,0.38082842048847715,0.2043956043956044,0.3916256157635468,0.17187090002623984,0.49201596806387227,0.24562016471175444,0.3120912547528517,0.1860712640391428,0.2130528328950514,0.6315723058803735,0.29739776951672864,0.24186046511627907,0.5642216032188178,0.7161250221985438,0.4195624195624196,0.37898205785426586,0.3091317365269461,0.8276422764227642,0.3625891387822271
ADNI_131_S_6519,131_S_6519,train,131_S_6519_MR_2018-07-31,2018-07-31,I1032569,Image/ADNI_131_S_6519/2018-07-31/t1.nii.gz,Image/ADNI_131_S_6519/2018-07-31/seg.nii.gz,0.0,2018-07-31T15:43:05,74.62559890485969,0.0,0.0,13.0,ADNI,Sagittal_3D_Accelerated_MPRAGE,0.5081846719240487,0.3120879120879121,0.7298850574712644,0.6106008921542903,0.5089820359281437,0.42146244072872474,0.4831939163498099,0.4862984320640519,0.40170531516455493,0.3339923165362721,0.1090458488228005,0.5713774597495528,0.19127205199628597,0.5289247025395134,0.6151866151866152,0.3991212010252655,0.5737275449101796,0.5829268292682926,0.5809105869445969
ADNI_131_S_6519,131_S_6519,train,131_S_6519_MR_2020-10-01,2020-10-01,I1346089,Image/ADNI_131_S_6519/2020-10-01/t1.nii.gz,Image/ADNI_131_S_6519/2020-10-01/seg.nii.gz,26.05124835742444,2020-10-01T09:59:55,76.79671457905545,0.0,0.0,22.0,ADNI,Sagittal_3D_Accelerated_MPRAGE,0.7988821682872674,0.35604395604395606,0.7569786535303776,0.69824193125164,0.6337325349301397,0.49423508859495885,0.5355133079847909,0.5758788860823841,0.4931388955295243,0.38049970556069657,0.14560099132589838,0.5989266547406082,0.21046115753636646,0.5586263541111703,0.6138996138996139,0.4437934822409374,0.6107784431137725,0.608130081300813,0.6165660998354361
ADNI_131_S_6805,131_S_6805,train,131_S_6805_MR_2019-09-12,2019-09-12,I1228298,Image/ADNI_131_S_6805/2019-09-12/t1.nii.gz,Image/ADNI_131_S_6805/2019-09-12/seg.nii.gz,0.0,2019-09-12T11:22:37,61.908281998631075,0.0,0.5,15.0,ADNI,Sagittal_3D_Accelerated_MPRAGE,0.4180996860883546,0.432967032967033,0.7175697865353038,0.4959328260299134,0.43912175648702595,0.442076366358872,0.6003041825095057,0.26610430666094775,0.42028846920073315,0.4406214071394521,0.21685254027261464,0.5044722719141324,0.2479108635097493,0.49693660095897707,0.5276705276705277,0.3141706334675943,0.657185628742515,0.3723577235772358,0.6730663741086121
ADNI_131_S_6805,131_S_6805,train,131_S_6805_MR_2020-11-23,2020-11-23,I1573570,Image/ADNI_131_S_6805/2020-11-23/t1.nii.gz,Image/ADNI_131_S_6805/2020-11-23/seg.nii.gz,14.388961892247043,2020-11-23T12:29:22,63.10746064339494,0.0,0.5,19.0,ADNI,Sagittal_3D_Accelerated_MPRAGE,0.5126866243013551,0.42857142857142855,0.6642036124794746,0.518236683285227,0.49151696606786427,0.4333416521088096,0.5779467680608364,0.2576371348234285,0.4188381544346163,0.4564930876868287,0.2298636926889715,0.44579606440071556,0.33735685546270505,0.6259323388385722,0.5482625482625483,0.28377883559135847,0.6074101796407185,0.4146341463414634,0.7054306088864509
ADNI_131_S_6805,131_S_6805,train,131_S_6805_MR_2021-11-17,2021-11-17,I1525978,Image/ADNI_131_S_6805/2021-11-17/t1.nii.gz,Image/ADNI_131_S_6805/2021-11-17/seg.nii.gz,26.182654402102497,2021-11-17T09:03:01,64.09034907597535,0.0,1.0,23.0,ADNI,Sagittal_3D_Accelerated_MPRAGE,0.3224255416889978,0.41098901098901097,0.6403940886699507,0.4405667803726056,0.5958083832335329,0.3514849014225106,0.5120912547528517,0.12681694705237573,0.32364331819268466,0.42048736715179047,0.24287484510532836,0.3717352415026834,0.44784896316929745,0.7741964127153259,0.4453024453024453,0.2526547052361772,0.5864520958083832,0.48048780487804876,0.6165660998354361
ADNI_135_S_6110,135_S_6110,train,135_S_6110_MR_2017-11-15,2017-11-15,I931630,Image/ADNI_135_S_6110/2017-11-15/t1.nii.gz,Image/ADNI_135_S_6110/2017-11-15/seg.nii.gz,0.0,2017-11-15T11:35:57,71.67145790554414,0.0,0.5,12.0,ADNI,Accelerated_Sag_IR-FSPGR,0.5309700635479673,0.5164835164835165,0.6412151067323482,0.6127000787194962,0.5888223552894212,0.4161217868729723,0.4004562737642586,0.6760552193045164,0.47125667383855285,0.2073693951375452,0.2255266418835192,0.5395348837209303,0.14515629835964097,0.4128929142248269,0.7207207207207207,0.5280117173196631,0.42103293413173654,0.4504065040650406,0.6478332419089413
ADNI_135_S_6110,135_S_6110,train,135_S_6110_MR_2018-11-15,2018-11-15,I1073317,Image/ADNI_135_S_6110/2018-11-15/t1.nii.gz,Image/ADNI_135_S_6110/2018-11-15/seg.nii.gz,11.990801576872535,2018-11-15T12:23:56,72.67077344284736,0.0,0.5,0.0,ADNI,Accelerated_Sag_IR-FSPGR,0.5560983079396677,0.45714285714285713,0.6247947454844006,0.5759643138283915,0.5973053892215568,0.441477414524582,0.3961977186311787,0.680630351554433,0.47034823491911704,0.19549367656543562,0.24907063197026022,0.5309481216457961,0.1779634787991334,0.45222873379506306,0.8931788931788932,0.5108019040644453,0.40344311377245506,0.4739837398373984,0.6401535929786067
ADNI_135_S_6110,135_S_6110,train,135_S_6110_MR_2019-11-14,2019-11-14,I1256452,Image/ADNI_135_S_6110/2019-11-14/t1.nii.gz,Image/ADNI_135_S_6110/2019-11-14/seg.nii.gz,23.94875164257556,2019-11-14T10:07:42,73.66735112936345,0.0,0.5,0.0,ADNI,Accelerated_Sag_IR-FSPGR,0.5576295842584794,0.4901098901098901,0.6945812807881774,0.5746523222251377,0.6442115768463074,0.4503618667332169,0.3855513307984791,0.7066990738534369,0.47147979918718624,0.15933372591907125,0.25092936802973975,0.5513416815742397,0.16651191581553698,0.46297282898241876,0.8996138996138996,0.554375686561699,0.4098053892215569,0.4894308943089431,0.6417992320351069
ADNI_135_S_6110,135_S_6110,train,135_S_6110_MR_2020-11-23,2020-11-23,I1376876,Image/ADNI_135_S_6110/2020-11-23/t1.nii.gz,Image/ADNI_135_S_6110/2020-11-23/seg.nii.gz,36.26806833114323,2020-11-23T13:57:14,74.69404517453799,0.0,0.5,0.0,ADNI,Accelerated_Sag_IR-FSPGR,0.548824745425312,0.3758241758241758,0.6592775041050903,0.6153240619260036,0.6976047904191617,0.44557025205889694,0.3931558935361217,0.6855390871975726,0.4612000956251494,0.1504444631390034,0.258364312267658,0.554561717352415,0.18198700092850512,0.5017092878707157,0.8211068211068211,0.5554741852801172,0.44011976047904194,0.5317073170731708,0.6549643444871092
ADNI_135_S_6586,135_S_6586,train,135_S_6586_MR_2018-09-19,2018-09-19,I1049755,Image/ADNI_135_S_6586/2018-09-19/t1.nii.gz,Image/ADNI_135_S_6586/2018-09-19/seg.nii.gz,0.0,2018-09-19T11:30:58,78.51334702258727,1.0,0.5,0.0,ADNI,Accelerated_Sag_IR-FSPGR,0.4029094250057423,0.6725274725274726,0.7077175697865353,0.42036210968249804,0.39870259481037923,0.0,0.15665399239543726,0.59788082415924,0.42134034584429036,0.42783432881859734,0.2218091697645601,0.43542039355992845,0.35097493036211697,0.3097140827561712,0.416988416988417,0.3606737458806298,0.375374251497006,0.4886178861788618,0.6017553483269337
ADNI_135_S_6586,135_S_6586,train,135_S_6586_MR_2019-10-25,2019-10-25,I1245803,Image/ADNI_135_S_6586/2019-10-25/t1.nii.gz,Image/ADNI_135_S_6586/2019-10-25/seg.nii.gz,13.173455978975033,2019-10-25T13:05:34,79.61122518822724,1.0,0.5,0.0,ADNI,Accelerated_Sag_IR-FSPGR,0.42005971977643364,0.545054945054945,0.6617405582922824,0.44975072159538176,0.312375249500998,0.4183179435987023,0.27422053231939164,0.4546378814595943,0.2990039046936011,0.5440256863239954,0.27199504337050806,0.35778175313059035,0.4045187248529867,0.335841768779968,0.36293436293436293,0.3020871475649945,0.24925149700598803,0.5365853658536586,0.49917718047174986
ADNI_135_S_6586,135_S_6586,train,135_S_6586_MR_2020-10-15,2020-10-15,I1349517,Image/ADNI_135_S_6586/2020-10-15/t1.nii.gz,Image/ADNI_135_S_6586/2020-10-15/seg.nii.gz,24.868593955321945,2020-10-15T08:14:14,80.58590006844626,1.0,0.5,2.0,ADNI,Accelerated_Sag_IR-FSPGR,0.39790215144322794,0.5186813186813187,0.5993431855500821,0.43951718709000265,0.3218562874251497,0.2567506862989768,0.2792395437262357,0.5063305215333047,0.3138895529524265,0.5037295645102493,0.2527881040892193,0.3627906976744186,0.4045187248529867,0.3457423193038537,0.42342342342342343,0.29586232149395825,0.25261976047904194,0.5414634146341464,0.5414152495885902
ADNI_135_S_6586,135_S_6586,train,135_S_6586_MR_2021-10-12,2021-10-12,I1503691,Image/ADNI_135_S_6586/2021-10-12/t1.nii.gz,Image/ADNI_135_S_6586/2021-10-12/seg.nii.gz,36.760840998685936,2021-10-12T14:58:15,81.57700205338809,1.0,0.5,0.0,ADNI,Accelerated_Sag_IR-FSPGR,0.40240410382053443,0.44395604395604393,0.5706075533661741,0.5043295722907374,0.35129740518962077,0.4093835787372099,0.2667680608365019,0.42683759869100385,0.3444099131404893,0.4943916323154146,0.28004956629491945,0.3481216457960644,0.44537294955122253,0.3648552654945836,0.4543114543114543,0.31014280483339435,0.23390718562874252,0.5300813008130081,0.4541963795940757
ADNI_135_S_6586,135_S_6586,train,135_S_6586_MR_2022-10-26,2022-10-26,I1636119,Image/ADNI_135_S_6586/2022-10-26/t1.nii.gz,Image/ADNI_135_S_6586/2022-10-26/seg.nii.gz,49.21156373193167,2022-10-26T10:42:05,82.61464750171116,1.0,0.5,1.0,ADNI,Accelerated_Sag_IR-FSPGR,0.42653701860500726,0.41318681318681316,0.44499178981937604,0.41222776174232484,0.30988023952095806,0.3917144996256551,0.3044866920152091,0.4160193172250552,0.35502430472547614,0.517876671994616,0.30049566294919455,0.3094812164579606,0.4784896316929743,0.3845675723672527,0.36164736164736166,0.2683998535335042,0.2032185628742515,0.5707317073170731,0.4108612177729018
ADNI_135_S_6703,135_S_6703,val,135_S_6703_MR_2019-03-26,2019-03-26,I1147711,Image/ADNI_135_S_6703/2019-03-26/t1.nii.gz,Image/ADNI_135_S_6703/2019-03-26/seg.nii.gz,0.0,2019-03-26T13:10:01,62.69404517453799,0.0,0.5,4.0,ADNI,Accelerated_Sag_IR-FSPGR,0.5837378454942195,0.5824175824175825,0.6100164203612479,0.38310154815009184,0.31037924151696605,0.60019965061143,0.8390874524714829,0.5572129819377591,0.6972189019045342,0.2779927652056869,0.0644361833952912,0.5470483005366726,0.02321262766945218,0.1404279879239922,0.767052767052767,0.3537165873306481,0.5677395209580839,0.11219512195121951,0.6215030170049369
ADNI_135_S_6703,135_S_6703,val,135_S_6703_MR_2021-04-20,2021-04-20,I1434111,Image/ADNI_135_S_6703/2021-04-20/t1.nii.gz,Image/ADNI_135_S_6703/2021-04-20/seg.nii.gz,24.83574244415243,2021-04-20T11:36:22,64.76386036960986,0.0,0.5,0.0,ADNI,Accelerated_Sag_IR-FSPGR,0.6793201133144476,0.6307692307692307,0.5574712643678161,0.4741537654159013,0.33532934131736525,0.6517594210132268,0.7768821292775665,0.7081129168056681,0.6559566499322655,0.24678219904096912,0.0762081784386617,0.5280858676207514,0.011761064685855771,0.14981797194104066,0.7413127413127413,0.3357744415964848,0.6598053892215568,0.12520325203252033,0.6401535929786067
ADNI_135_S_6703,135_S_6703,val,135_S_6703_MR_2022-03-28,2022-03-28,I1574853,Image/ADNI_135_S_6703/2022-03-28/t1.nii.gz,Image/ADNI_135_S_6703/2022-03-28/seg.nii.gz,36.070959264126145,2022-03-28T10:25:20,65.70020533880904,0.0,0.5,0.0,ADNI,Accelerated_Sag_IR-FSPGR,0.6106117448893653,0.5802197802197803,0.5394088669950738,0.44187877197585934,0.344311377245509,0.6093835787372098,0.7247148288973384,0.6568333095045196,0.6207187823730974,0.282956170606545,0.06567534076827757,0.49123434704830055,0.021046115753636643,0.15137187000532765,0.731016731016731,0.3108751373123398,0.6220059880239521,0.13658536585365855,0.5836533187054306
ADNI_135_S_6703,135_S_6703,val,135_S_6703_MR_2023-04-17,2023-04-17,I1691098,Image/ADNI_135_S_6703/2023-04-17/t1.nii.gz,Image/ADNI_135_S_6703/2023-04-17/seg.nii.gz,48.71879106438896,2023-04-17T12:31:16,66.7542778918549,0.0,0.5,0.0,ADNI,Accelerated_Sag_IR-FSPGR,0.6846030166143481,0.5736263736263736,0.5041050903119869,0.45447389136709526,0.3378243512974052,0.6556526079361118,0.7453992395437262,0.6625363389410475,0.628113793927803,0.31120832281764393,0.09541511771995044,0.4744186046511628,0.032497678737233054,0.16999644823299592,0.7374517374517374,0.3130721347491761,0.6205089820359282,0.17073170731707318,0.5924300603400987
ADNI_135_S_6703,135_S_6703,val,135_S_6703_MR_2024-03-28,2024-03-28,I10435144,Image/ADNI_135_S_6703/2024-03-28/t1.nii.gz,Image/ADNI_135_S_6703/2024-03-28/seg.nii.gz,60.08541392904073,2024-03-28T11:04:46,67.7015742642026,0.0,0.5,0.0,ADNI,Accelerated_Sagittal_MPRAGE__MSV22_,0.6371334507311844,0.5252747252747253,0.4458128078817734,0.43164523747048017,0.2909181636726547,0.6606438732218617,0.7695817490494297,0.5780075934486648,0.5776077775121523,0.3791256554779731,0.05762081784386617,0.4075134168157424,0.04580625193438564,0.18937577694903215,0.6795366795366795,0.23654339069937752,0.6437125748502994,0.20243902439024392,0.6176631925397696
ADNI_137_S_0158,137_S_0158,train,137_S_0158_MR_2006-02-14,2006-02-14,I11127,Image/ADNI_137_S_0158/2006-02-14/t1.nii.gz,Image/ADNI_137_S_0158/2006-02-14/seg.nii.gz,0.0,2006-02-14T10:55:37,80.50102669404518,0.0,0.5,34.0,ADNI,MP-RAGE,0.7679503866472706,0.5846153846153846,0.5369458128078818,0.7803726056153241,0.156686626746507,0.5700524082855004,0.5443346007604563,0.6807256668096395,0.472053550083672,0.5966321752054065,0.35687732342007433,0.6075134168157424,0.05323429278861034,0.07192328183271178,0.5778635778635779,0.2508238740388136,0.41654191616766467,0.2959349593495935,0.6407021393307735
ADNI_137_S_0158,137_S_0158,train,137_S_0158_MR_2006-10-17,2006-10-17,I26439,Image/ADNI_137_S_0158/2006-10-17/t1.nii.gz,Image/ADNI_137_S_0158/2006-10-17/seg.nii.gz,8.04862023653088,2006-10-17T10:32:59,81.17180013689254,0.0,0.5,8.0,ADNI,MP-RAGE,0.6498277314141336,0.5582417582417583,0.5270935960591133,0.7680398845447389,0.16966067864271456,0.5588719740454205,0.48106463878326994,0.6499864970055124,0.44177225276914495,0.562645467036819,0.34634448574969023,0.6100178890876565,0.05323429278861034,0.06231131237790801,0.5392535392535392,0.25155620651775906,0.38772455089820357,0.2821138211382114,0.5282501371365881
ADNI_137_S_0158,137_S_0158,train,137_S_0158_MR_2007-03-28,2007-03-28,I47344,Image/ADNI_137_S_0158/2007-03-28/t1.nii.gz,Image/ADNI_137_S_0158/2007-03-28/seg.nii.gz,13.370565045992116,2007-03-28T09:37:26,81.61533196440794,0.0,0.5,9.0,ADNI,MP-RAGE,0.588898246688615,0.5428571428571428,0.5509031198686372,0.6460246654421412,0.13972055888223553,0.4311454953830796,0.4521673003802281,0.6237906876995664,0.4418200653438521,0.571240290513446,0.34014869888475835,0.5874776386404293,0.051686784277313526,0.07221186290179364,0.5534105534105535,0.22336140607835958,0.3656437125748503,0.2910569105691057,0.5567745474492595
ADNI_137_S_0158,137_S_0158,train,137_S_0158_MR_2007-09-13,2007-09-13,I73242,Image/ADNI_137_S_0158/2007-09-13/t1.nii.gz,Image/ADNI_137_S_0158/2007-09-13/seg.nii.gz,18.922470433639948,2007-09-13T09:14:09,82.07802874743327,0.0,0.5,6.0,ADNI,MP-RAGE,0.652997473394074,0.578021978021978,0.5180623973727422,0.7672526895827867,0.17914171656686625,0.5659595707511854,0.5295817490494297,0.6631876598516259,0.4324488007012511,0.552059673032164,0.36059479553903345,0.5974955277280859,0.047972763850201175,0.06413159296750133,0.583011583011583,0.2592456975466862,0.3873502994011976,0.2886178861788618,0.5973669775095996
ADNI_137_S_0158,137_S_0158,train,137_S_0158_MR_2008-03-25,2008-03-25,I99459,Image/ADNI_137_S_0158/2008-03-25/t1.nii.gz,Image/ADNI_137_S_0158/2008-03-25/seg.nii.gz,25.29566360052562,2008-03-25T12:05:26,82.60917180013689,0.0,0.5,16.0,ADNI,MP-RAGE,0.5930020672230304,0.6065934065934065,0.4745484400656814,0.7357648911046969,0.15119760479041916,0.5501372597953581,0.5000760456273764,0.62177318146436,0.4235556618057216,0.5513305852331679,0.34634448574969023,0.5620751341681575,0.0584958217270195,0.07008080269934293,0.5791505791505791,0.23214939582570487,0.39221556886227543,0.283739837398374,0.5512890839275919
ADNI_137_S_0158,137_S_0158,train,137_S_0158_MR_2009-03-24,2009-03-24,I139676,Image/ADNI_137_S_0158/2009-03-24/t1.nii.gz,Image/ADNI_137_S_0158/2009-03-24/seg.nii.gz,37.253613666228645,2009-03-24T11:10:19,83.60574948665298,0.0,0.5,17.0,ADNI,MP-RAGE,0.5718092029706761,0.5318681318681319,0.46551724137931033,0.7719758593545001,0.13972055888223553,0.6038432742700275,0.5472243346007605,0.5311283737628875,0.364889632640051,0.6407980707215165,0.37236679058240396,0.5499105545617173,0.06128133704735376,0.07729532942638963,0.525096525096525,0.2039545953863054,0.37799401197604793,0.3121951219512195,0.521667580910587
ADNI_137_S_0459,137_S_0459,train,137_S_0459_MR_2006-04-25,2006-04-25,I14178,Image/ADNI_137_S_0459/2006-04-25/t1.nii.gz,Image/ADNI_137_S_0459/2006-04-25/seg.nii.gz,0.0,2006-04-25T14:00:25,72.94455852156058,1.0,0.0,20.0,ADNI,MP-RAGE,0.6427379220580354,0.6923076923076923,0.6839080459770115,0.543164523747048,0.33682634730538924,0.35233341652108807,0.3549809885931559,0.46277144990389046,0.38433341302095786,0.7184879840722358,0.1090458488228005,0.6178890876565295,0.07582791705354379,0.23827916888652104,0.6512226512226512,0.46429879165140975,0.6235029940119761,0.3178861788617886,0.5650027427317609
ADNI_137_S_0459,137_S_0459,train,137_S_0459_MR_2006-11-14,2006-11-14,I29637,Image/ADNI_137_S_0459/2006-11-14/t1.nii.gz,Image/ADNI_137_S_0459/2006-11-14/seg.nii.gz,6.668856767411301,2006-11-14T09:07:02,73.5003422313484,1.0,0.0,21.0,ADNI,MP-RAGE,0.6372865783630656,0.6747252747252748,0.645320197044335,0.5560220414589346,0.3188622754491018,0.3514349887696531,0.3234980988593156,0.46575799456703043,0.3796477806996573,0.7185300468298702,0.1369268897149938,0.6461538461538462,0.08170844939647168,0.23867874267448055,0.6447876447876448,0.43793482240937387,0.5920658682634731,0.3203252032520325,0.5710367526055952
ADNI_137_S_0459,137_S_0459,train,137_S_0459_MR_2007-05-17,2007-05-17,I54627,Image/ADNI_137_S_0459/2007-05-17/t1.nii.gz,Image/ADNI_137_S_0459/2007-05-17/seg.nii.gz,12.713534822601838,2007-05-17T09:58:23,74.00410677618069,1.0,0.0,7.0,ADNI,MP-RAGE,0.5205420718168593,0.6725274725274726,0.6141215106732348,0.525583836263448,0.312874251497006,0.321237833790866,0.30980988593155895,0.4302689478784413,0.3442186628416607,0.6939233336137517,0.13073110285006195,0.5828264758497317,0.0733519034354689,0.23523796838927366,0.6344916344916345,0.4496521420725009,0.5785928143712575,0.32439024390243903,0.47558968732857926
ADNI_137_S_0459,137_S_0459,train,137_S_0459_MR_2008-05-05,2008-05-05,I104632,Image/ADNI_137_S_0459/2008-05-05/t1.nii.gz,Image/ADNI_137_S_0459/2008-05-05/seg.nii.gz,24.342969776609724,2008-05-05T12:41:29,74.97330595482546,1.0,0.0,15.0,ADNI,MP-RAGE,0.5159635556236123,0.6791208791208792,0.687192118226601,0.5505116767252689,0.3008982035928144,0.36221612178687296,0.32958174904942966,0.3384009277351507,0.35298430153797117,0.7385659403830516,0.16790582403965304,0.5631484794275492,0.09285051067780872,0.24997780145622447,0.5817245817245817,0.42841450018308314,0.5407934131736527,0.3252032520325203,0.5320899616017554
ADNI_137_S_0459,137_S_0459,train,137_S_0459_MR_2009-05-05,2009-05-05,I143203,Image/ADNI_137_S_0459/2009-05-05/t1.nii.gz,Image/ADNI_137_S_0459/2009-05-05/seg.nii.gz,36.333771353482256,2009-05-05T11:20:59,75.97262149212868,1.0,0.0,5.0,ADNI,MP-RAGE,0.5340479289487788,0.6527472527472528,0.5862068965517241,0.5024927840461821,0.2694610778443114,0.3175942101322685,0.3154372623574144,0.3923970198096872,0.28889951390549046,0.7751605395249712,0.14374225526641884,0.5688729874776386,0.09749303621169916,0.26411827384123604,0.5598455598455598,0.38264372024899307,0.5572604790419161,0.36097560975609755,0.5244103126714207
ADNI_137_S_4211,137_S_4211,train,137_S_4211_MR_2012-04-18,2012-04-18,I298404,Image/ADNI_137_S_4211/2012-04-18/t1.nii.gz,Image/ADNI_137_S_4211/2012-04-18/seg.nii.gz,0.0,2012-04-18T12:34:56,81.50855578370978,0.0,1.0,21.0,ADNI,MPRAGE,0.5313069443381058,0.6263736263736264,0.4425287356321839,0.16426134872736814,0.29241516966067865,0.5268280509109059,0.35634980988593157,0.4972596864128104,0.21381783409036575,0.7363085723900059,0.12453531598513011,0.384257602862254,0.16836892602909315,0.2337728645000888,0.49034749034749037,0.4478213108751373,0.4120508982035928,0.3439024390243902,0.3274821722435546
ADNI_137_S_4211,137_S_4211,train,137_S_4211_MR_2012-10-10,2012-10-10,I339319,Image/ADNI_137_S_4211/2012-10-10/t1.nii.gz,Image/ADNI_137_S_4211/2012-10-10/seg.nii.gz,5.7490144546649145,2012-10-10T12:23:30,81.98767967145791,0.0,1.0,6.0,ADNI,MPRAGE,0.5765867850853686,0.5978021978021978,0.3981937602627258,0.16924691681973236,0.27994011976047906,0.48874469678063387,0.344638783269962,0.490158699899919,0.22118097059526656,0.7770673845377303,0.16171003717472118,0.36779964221824685,0.187867533271433,0.254284318948677,0.5546975546975547,0.3976565360673746,0.406437125748503,0.348780487804878,0.3510696653867252
ADNI_137_S_4211,137_S_4211,train,137_S_4211_MR_2013-10-11,2013-10-11,I394287,Image/ADNI_137_S_4211/2013-10-11/t1.nii.gz,Image/ADNI_137_S_4211/2013-10-11/seg.nii.gz,17.772667542706962,2013-10-11T15:06:51,82.98973305954826,0.0,1.0,12.0,ADNI,MPRAGE,0.5029170813873364,0.6241758241758242,0.3464696223316913,0.1482550511676725,0.25748502994011974,0.4624906413775892,0.324106463878327,0.4126991691686921,0.17641246314447367,0.8165362721180001,0.17843866171003717,0.29051878354203936,0.2395543175487465,0.2776593855443083,0.5418275418275418,0.3921640424752838,0.36077844311377244,0.37398373983739835,0.3406472846955568
ADNI_137_S_4632,137_S_4632,val,137_S_4632_MR_2012-12-17,2012-12-17,I351746,Image/ADNI_137_S_4632/2012-12-17/t1.nii.gz,Image/ADNI_137_S_4632/2012-12-17/seg.nii.gz,0.0,2012-12-17T10:24:14,68.42436687200548,1.0,0.0,0.0,ADNI,MPRAGE,0.6311767858510068,0.5736263736263736,0.9252873563218391,0.37496720020991864,0.3413173652694611,0.6665335662590467,0.43528517110266157,0.603313793706016,0.5534783648099451,0.3006085078937775,0.38847583643122674,0.5996422182468694,0.14453729495512224,0.2948410584265672,0.646074646074646,0.5712193335774441,0.46107784431137727,0.44308943089430897,0.5540318156884256
ADNI_137_S_4632,137_S_4632,val,137_S_4632_MR_2013-06-21,2013-06-21,I377601,Image/ADNI_137_S_4632/2013-06-21/t1.nii.gz,Image/ADNI_137_S_4632/2013-06-21/seg.nii.gz,6.110381077529566,2013-06-21T09:59:10,68.93360711841204,1.0,0.0,0.0,ADNI,MPRAGE_GRAPPA2,0.6196615879335426,0.6417582417582418,0.8842364532019704,0.3807399632642351,0.2944111776447106,0.6540554030446718,0.4552091254752852,0.6068086863969245,0.5346242728504264,0.30662348223549535,0.3952912019826518,0.5874776386404293,0.14515629835964097,0.2949298526016693,0.6525096525096525,0.6103991212010252,0.40793413173652693,0.46016260162601624,0.5639056500274273
ADNI_137_S_4632,137_S_4632,val,137_S_4632_MR_2014-07-09,2014-07-09,I435040,Image/ADNI_137_S_4632/2014-07-09/t1.nii.gz,Image/ADNI_137_S_4632/2014-07-09/seg.nii.gz,18.69250985545335,2014-07-09T12:16:44,69.98220396988364,1.0,0.0,0.0,ADNI,MPRAGE,0.5797412143021208,0.578021978021978,0.8029556650246306,0.363159275780635,0.24451097804391217,0.5780883453955578,0.40669201520912546,0.5391825128278448,0.49930671766674634,0.3704887692437116,0.4312267657992565,0.5699463327370304,0.17270194986072424,0.32933759545373825,0.6216216216216216,0.5466861955327719,0.42889221556886226,0.4943089430894309,0.5085024684585847
ADNI_137_S_4632,137_S_4632,val,137_S_4632_MR_2016-06-29,2016-06-29,I750097,Image/ADNI_137_S_4632/2016-06-29/t1.nii.gz,Image/ADNI_137_S_4632/2016-06-29/seg.nii.gz,42.3784494086728,2016-06-29T12:29:44,71.95619438740589,1.0,0.0,16.0,ADNI,MPRAGE,0.569328535334201,0.5648351648351648,0.8308702791461412,0.31960115455261084,0.26497005988023953,0.5810831045670077,0.3666920152091255,0.5503820553146198,0.4588254044146944,0.38293934550349124,0.4318463444857497,0.5584973166368515,0.18198700092850512,0.3450763629905878,0.61003861003861,0.5488831929696082,0.40456586826347307,0.5048780487804878,0.46132748217224356
ADNI_141_S_0767,141_S_0767,train,141_S_0767_MR_2006-08-27,2006-08-27,I23491,Image/ADNI_141_S_0767/2006-08-27/t1.nii.gz,Image/ADNI_141_S_0767/2006-08-27/seg.nii.gz,0.0,2006-08-27T16:51:12,73.11704312114989,0.0,0.0,11.0,ADNI,MPRAGE,0.4935762958425848,0.6197802197802198,0.6551724137931034,0.5591708213067437,0.11726546906187625,0.45749937609183927,0.5376425855513308,0.5031374604838837,0.501330783329349,0.4856706205658843,0.3915737298636927,0.5051878354203936,0.0560198081089446,0.13365743207245603,0.48133848133848134,0.36177224459904794,0.44273952095808383,0.13089430894308943,0.5002742731760834
ADNI_141_S_0767,141_S_0767,train,141_S_0767_MR_2007-03-03,2007-03-03,I42711,Image/ADNI_141_S_0767/2007-03-03/t1.nii.gz,Image/ADNI_141_S_0767/2007-03-03/seg.nii.gz,6.176084099868594,2007-03-03T16:25:49,73.63175906913074,0.0,0.0,3.0,ADNI,MPRAGE,0.3315672613123038,0.5736263736263736,0.5845648604269293,0.4925216478614537,0.07684630738522955,0.4411280259545795,0.5522433460076046,0.45174665205166087,0.4247191011235955,0.4705420487367152,0.38599752168525403,0.49338103756708407,0.04549675023212628,0.1254661694192861,0.4877734877734878,0.30648114243866714,0.39932634730538924,0.12601626016260162,0.4607789358200768
ADNI_141_S_0767,141_S_0767,train,141_S_0767_MR_2007-09-22,2007-09-22,I99988,Image/ADNI_141_S_0767/2007-09-22/t1.nii.gz,Image/ADNI_141_S_0767/2007-09-22/seg.nii.gz,12.844940867279893,2007-09-22T15:24:54,74.18754277891856,0.0,0.0,11.0,ADNI,MPRAGE,0.4297526988745119,0.5560439560439561,0.6009852216748769,0.5305694043558121,0.07385229540918163,0.4246069378587472,0.4911026615969582,0.5057268582503296,0.4467925731133955,0.49182580409971677,0.37236679058240396,0.5026833631484794,0.0560198081089446,0.13712040490143845,0.546975546975547,0.2951299890150128,0.4318862275449102,0.14471544715447154,0.46352166758091057
ADNI_141_S_0767,141_S_0767,train,141_S_0767_MR_2008-10-02,2008-10-02,I119448,Image/ADNI_141_S_0767/2008-10-02/t1.nii.gz,Image/ADNI_141_S_0767/2008-10-02/seg.nii.gz,25.19710906701708,2008-10-02T16:45:23,75.21697467488022,0.0,0.0,8.0,ADNI,MPRAGE,0.3474159712120052,0.589010989010989,0.6362889983579638,0.524534242980845,0.0813373253493014,0.4265535313201897,0.4806083650190114,0.4876805032645475,0.3942306159853375,0.478674181879364,0.37298636926889717,0.48407871198568875,0.05416279789538842,0.13898508257858286,0.510939510939511,0.33870377151226655,0.39184131736526945,0.13821138211382114,0.44816236972024137
ADNI_141_S_0767,141_S_0767,train,141_S_0767_MR_2011-09-03,2011-09-03,I255597,Image/ADNI_141_S_0767/2011-09-03/t1.nii.gz,Image/ADNI_141_S_0767/2011-09-03/seg.nii.gz,60.21681997371879,2011-09-03T15:40:13,78.13552361396304,0.0,0.0,9.0,ADNI,MPRAGE,0.4403797565270653,0.5098901098901099,0.5738916256157636,0.5450013119916033,0.06836327345309381,0.42236086848015975,0.46281368821292773,0.4530334079969499,0.38643716630807234,0.5820924819831188,0.41325898389095417,0.46082289803220033,0.08666047663262148,0.17741076185402238,0.5057915057915058,0.29622848773343097,0.3652694610778443,0.1902439024390244,0.40263302249040045
ADNI_141_S_0767,141_S_0767,train,141_S_0767_MR_2012-08-25,2012-08-25,I326373,Image/ADNI_141_S_0767/2012-08-25/t1.nii.gz,Image/ADNI_141_S_0767/2012-08-25/seg.nii.gz,71.94480946123521,2012-08-25T16:00:57,79.1129363449692,0.0,0.0,5.0,ADNI,MPRAGE,0.21803843503560216,0.5472527472527473,0.5763546798029556,0.49173445289950146,0.02445109780439122,0.37229847766408786,0.41429657794676805,0.3797995202465488,0.31733205833134115,0.5361599506463643,0.38351920693928127,0.451520572450805,0.06809037449705974,0.16577872491564552,0.49034749034749037,0.3057488099597217,0.34206586826347307,0.1861788617886179,0.405924300603401
ADNI_141_S_0767,141_S_0767,train,141_S_0767_MR_2013-10-29,2013-10-29,I401921,Image/ADNI_141_S_0767/2013-10-29/t1.nii.gz,Image/ADNI_141_S_0767/2013-10-29/seg.nii.gz,86.07095926412615,2013-10-29T16:50:57,80.290212183436,0.0,0.0,3.0,ADNI,MPRAGE_GRAPPA2,0.6493224102289258,0.6241758241758242,0.6765188834154351,0.5906586197848334,0.1277445109780439,0.5077614175193411,0.47452471482889735,0.5720345041223848,0.4154753366802136,0.5865511342923642,0.4250309789343247,0.4776386404293381,0.09377901578458682,0.19863256970342746,0.5752895752895753,0.4031490296594654,0.4281437125748503,0.2073170731707317,0.49917718047174986
ADNI_141_S_0767,141_S_0767,train,141_S_0767_MR_2017-04-29,2017-04-29,I845574,Image/ADNI_141_S_0767/2017-04-29/t1.nii.gz,Image/ADNI_141_S_0767/2017-04-29/seg.nii.gz,128.05519053876478,2017-04-29T08:48:45,83.78918548939083,0.0,0.0,27.0,ADNI,Accelerated_Sagittal_MPRAGE_ND,0.5138503943036521,0.5912087912087912,0.6830870279146142,0.5442141170296511,0.08582834331337326,0.5461442475667582,0.43376425855513306,0.48186627269694515,0.3002789066857917,0.6103306132750063,0.4436183395291202,0.4379248658318426,0.1432992881460848,0.24445036405611792,0.5341055341055341,0.3972903698279019,0.4296407185628742,0.2658536585365854,0.47558968732857926
ADNI_141_S_0767,141_S_0767,train,141_S_0767_MR_2019-04-08,2019-04-08,I1152079,Image/ADNI_141_S_0767/2019-04-08/t1.nii.gz,Image/ADNI_141_S_0767/2019-04-08/seg.nii.gz,151.34691195795006,2019-04-08T12:52:36,85.73032169746749,0.0,0.0,9.0,ADNI,Accelerated_Sagittal_MPRAGE,0.6212234897787305,0.5648351648351648,0.6469622331691297,0.5617948045132511,0.11926147704590818,0.517544297479411,0.4241825095057034,0.5162274221989229,0.32428081918878,0.6470514006898292,0.44423791821561337,0.4214669051878354,0.14608480346641906,0.27193216125022196,0.6126126126126126,0.3925302087147565,0.43001497005988026,0.3008130081300813,0.4690071311025782
ADNI_141_S_0767,141_S_0767,train,141_S_0767_MR_2021-07-20,2021-07-20,I1471354,Image/ADNI_141_S_0767/2021-07-20/t1.nii.gz,Image/ADNI_141_S_0767/2021-07-20/seg.nii.gz,178.74507227332455,2021-07-20T11:04:57,88.01368925393567,0.0,0.0,7.0,ADNI,Accelerated_Sagittal_MPRAGE,0.23272337493300665,0.45494505494505494,0.5656814449917899,0.4631330359485699,0.025449101796407185,0.441477414524582,0.36334600760456276,0.22135379434145103,0.20925970196828433,0.6946664423319593,0.43804213135068154,0.3270125223613596,0.17177344475394615,0.28749334043686736,0.5379665379665379,0.3167337971439033,0.2593562874251497,0.3284552845528455,0.3735600658255623
ADNI_141_S_1255,141_S_1255,val,141_S_1255_MR_2007-02-03,2007-02-03,I38117,Image/ADNI_141_S_1255/2007-02-03/t1.nii.gz,Image/ADNI_141_S_1255/2007-02-03/seg.nii.gz,0.0,2007-02-03T16:00:27,76.47091033538672,0.0,0.5,34.0,ADNI,MPRAGE,0.42489855294387874,0.5384615384615384,0.7027914614121511,0.39307268433482023,0.3223552894211577,0.59121537309708,0.45749049429657795,0.44586887798058744,0.22594629054107898,0.6271136535711281,0.12701363073110286,0.5216457960644008,0.07861343237387805,0.2137941751021133,0.7567567567567568,0.6733797143903332,0.36227544910179643,0.2934959349593496,0.5046626439934174
ADNI_141_S_1255,141_S_1255,val,141_S_1255_MR_2007-09-18,2007-09-18,I104205,Image/ADNI_141_S_1255/2007-09-18/t1.nii.gz,Image/ADNI_141_S_1255/2007-09-18/seg.nii.gz,7.457293035479632,2007-09-18T15:48:37,77.09240246406571,0.0,0.5,0.0,ADNI,MPRAGE,0.4246229232064926,0.5736263736263736,0.6346469622331691,0.3731304119653634,0.29790419161676646,0.5886199151484901,0.4897338403041825,0.34939395383564475,0.26228384731851145,0.6738033145453016,0.14993804213135067,0.4729874776386404,0.09192200557103064,0.2279124489433493,0.6435006435006435,0.672281215671915,0.3416916167664671,0.2943089430894309,0.5277015907844212
ADNI_141_S_1255,141_S_1255,val,141_S_1255_MR_2008-04-23,2008-04-23,I103795,Image/ADNI_141_S_1255/2008-04-23/t1.nii.gz,Image/ADNI_141_S_1255/2008-04-23/seg.nii.gz,14.61892247043364,2008-04-23T18:32:00,77.6892539356605,0.0,0.5,1.0,ADNI,MPRAGE,0.3429752698874512,0.5032967032967033,0.6855500821018062,0.33429546050905273,0.2894211576846307,0.5874719241327676,0.4652471482889734,0.36180082288836996,0.1805243445692884,0.6639606292588542,0.13011152416356878,0.4779964221824687,0.09377901578458682,0.2310424436156988,0.6525096525096525,0.6561699011351153,0.3158682634730539,0.2983739837398374,0.5331870543060888
ADNI_141_S_1255,141_S_1255,val,141_S_1255_MR_2012-03-17,2012-03-17,I311137,Image/ADNI_141_S_1255/2012-03-17/t1.nii.gz,Image/ADNI_141_S_1255/2012-03-17/seg.nii.gz,61.399474375821285,2012-03-17T15:34:09,81.58795345653662,0.0,1.0,8.0,ADNI,MPRAGE,0.35083071740295535,0.367032967032967,0.4876847290640394,0.3064812385200735,0.3058882235528942,0.46109308709757924,0.3438783269961977,0.20677056029484187,0.15105586102478286,0.7976500939401587,0.21623296158612143,0.2805008944543828,0.2909316001238007,0.37788581069081867,0.5637065637065637,0.5287440497986086,0.21744011976047903,0.4292682926829268,0.5178277564454197
ADNI_153_S_4077,153_S_4077,train,153_S_4077_MR_2012-02-28,2012-02-28,I286974,Image/ADNI_153_S_4077/2012-02-28/t1.nii.gz,Image/ADNI_153_S_4077/2012-02-28/seg.nii.gz,0.0,2012-02-28T14:12:57,76.20533880903491,1.0,0.5,1.0,ADNI,MPRAGE,0.5982084067069903,0.33406593406593404,0.5829228243021346,0.1524534242980845,0.06037924151696607,0.34534564512103816,0.26722433460076045,0.5669351379688319,0.5799027810980955,0.3478309637979866,0.24473358116480792,0.3745974955277281,0.21231816774992263,0.4260566506837151,0.40540540540540543,0.2537532039545954,0.48540419161676646,0.8504065040650407,0.44816236972024137
ADNI_153_S_4077,153_S_4077,train,153_S_4077_MR_2012-07-02,2012-07-02,I314002,Image/ADNI_153_S_4077/2012-07-02/t1.nii.gz,Image/ADNI_153_S_4077/2012-07-02/seg.nii.gz,4.106438896189225,2012-07-02T11:41:34,76.54757015742642,1.0,0.5,14.0,ADNI,MPRAGE,0.6167368501646122,0.33406593406593404,0.5632183908045977,0.17895565468381003,0.09031936127744511,0.40494135263289244,0.3511787072243346,0.5306676833627222,0.618615029085983,0.3368105212977763,0.2670384138785626,0.40250447227191416,0.21231816774992263,0.42112857396554787,0.45045045045045046,0.2504577077993409,0.468562874251497,0.8495934959349594,0.5002742731760834
ADNI_153_S_4077,153_S_4077,train,153_S_4077_MR_2013-07-23,2013-07-23,I382194,Image/ADNI_153_S_4077/2013-07-23/t1.nii.gz,Image/ADNI_153_S_4077/2013-07-23/seg.nii.gz,16.78712220762155,2013-07-23T11:28:10,77.60438056125942,1.0,0.5,0.0,ADNI,MPRAGE_GRAPPA2,0.6606691677513207,0.2835164835164835,0.590311986863711,0.17843085804250852,0.046906187624750496,0.3790366857998503,0.3257794676806084,0.5825191821951103,0.5933540521157065,0.3523877625417122,0.29677819083023543,0.3810375670840787,0.22500773754255649,0.4399085419996448,0.444015444015444,0.2577810325887953,0.48727544910179643,0.8577235772357723,0.442128359846407
ADNI_153_S_4077,153_S_4077,train,153_S_4077_MR_2015-07-14,2015-07-14,I501539,Image/ADNI_153_S_4077/2015-07-14/t1.nii.gz,Image/ADNI_153_S_4077/2015-07-14/seg.nii.gz,40.473061760841,2015-07-14T13:38:54,79.57837097878166,1.0,0.5,13.0,ADNI,MPRAGE,0.5776433657453488,0.2813186813186813,0.4827586206896552,0.1479926528470218,0.10878243512974052,0.41147991015722485,0.3212167300380228,0.49036521628619995,0.5483624193162802,0.3733209949244272,0.30793060718711274,0.3434704830053667,0.283503559269576,0.4689664358018114,0.425997425997426,0.2131087513731234,0.40119760479041916,0.9284552845528455,0.48656061437191445
ADNI_153_S_4125,153_S_4125,test,153_S_4125_MR_2012-02-22,2012-02-22,I286185,Image/ADNI_153_S_4125/2012-02-22/t1.nii.gz,Image/ADNI_153_S_4125/2012-02-22/seg.nii.gz,0.0,2012-02-22T15:13:10,76.43805612594113,0.0,0.0,7.0,ADNI,MPRAGE,0.5434499655462828,0.5560439560439561,0.896551724137931,0.6935187614799265,0.48003992015968067,0.677963563763414,0.44501901140684413,0.6604076315747669,0.2876404494382023,0.40789658169989623,0.3469640644361834,0.6118067978533095,0.10646858557722068,0.23517137275794708,0.6936936936936937,0.5536433540827536,0.7043413173652695,0.3024390243902439,0.7410861217772902
ADNI_153_S_4125,153_S_4125,test,153_S_4125_MR_2012-07-17,2012-07-17,I316644,Image/ADNI_153_S_4125/2012-07-17/t1.nii.gz,Image/ADNI_153_S_4125/2012-07-17/seg.nii.gz,4.7963206307490145,2012-07-17T12:19:40,76.83778234086242,0.0,0.0,0.0,ADNI,MPRAGE,0.5856519408927341,0.5582417582417583,0.8711001642036125,0.6864340068223563,0.49500998003992014,0.6713251809333666,0.4783269961977186,0.6765476814564171,0.31191329986453104,0.39878298421244496,0.3643122676579926,0.6293381037567084,0.10430207366140513,0.2426300834665246,0.7606177606177607,0.6155254485536433,0.7354041916167665,0.3048780487804878,0.7931980252331322
ADNI_153_S_4125,153_S_4125,test,153_S_4125_MR_2015-08-19,2015-08-19,I505759,Image/ADNI_153_S_4125/2015-08-19/t1.nii.gz,Image/ADNI_153_S_4125/2015-08-19/seg.nii.gz,41.85282522996058,2015-08-19T08:39:25,79.92607802874743,0.0,0.0,33.0,ADNI,MPRAGE,0.6159712120052063,0.46813186813186813,0.8341543513957307,0.6630805562844397,0.5104790419161677,0.6555028699775393,0.47543726235741446,0.6566109072423708,0.2908757669933859,0.4556378116149295,0.3705080545229244,0.5806797853309481,0.11730114515629836,0.27459598650328537,0.6911196911196911,0.5737824972537532,0.6979790419161677,0.3650406504065041,0.6933625891387822
ADNI_153_S_4372,153_S_4372,train,153_S_4372_MR_2012-05-24,2012-05-24,I306339,Image/ADNI_153_S_4372/2012-05-24/t1.nii.gz,Image/ADNI_153_S_4372/2012-05-24/seg.nii.gz,0.0,2012-05-24T12:20:56,70.60643394934976,0.0,0.0,0.0,ADNI,MPRAGE,0.4997626521705842,0.5384615384615384,0.7274220032840722,0.5539228548937287,0.02245508982035928,0.7510856001996506,0.6089733840304182,0.5251076268090041,0.3245517571121205,0.5295981604553994,0.1251548946716233,0.730948121645796,0.04085422469823584,0.14202628307583023,0.5624195624195624,0.2683998535335042,0.4981287425149701,0.21707317073170732,0.6083379045529347
ADNI_153_S_4372,153_S_4372,train,153_S_4372_MR_2012-12-11,2012-12-11,I350812,Image/ADNI_153_S_4372/2012-12-11/t1.nii.gz,Image/ADNI_153_S_4372/2012-12-11/seg.nii.gz,6.603153745072273,2012-12-11T09:51:00,71.15674195756331,0.0,0.0,1.0,ADNI,MPRAGE,0.4669627134216369,0.5010989010989011,0.6724137931034483,0.5562844397795854,0.008982035928143712,0.7387571749438483,0.533384030418251,0.49169962985909227,0.317284245756634,0.5444883766579737,0.14374225526641884,0.7033989266547406,0.04735376044568245,0.14684336707511988,0.5855855855855856,0.2614426949835225,0.4906437125748503,0.23252032520325203,0.6149204607789358
ADNI_153_S_4372,153_S_4372,train,153_S_4372_MR_2013-12-11,2013-12-11,I401195,Image/ADNI_153_S_4372/2013-12-11/t1.nii.gz,Image/ADNI_153_S_4372/2013-12-11/seg.nii.gz,18.593955321944808,2013-12-11T08:28:24,72.15605749486653,0.0,0.0,0.0,ADNI,MPRAGE_GRAPPA2,0.5381976877727586,0.545054945054945,0.7068965517241379,0.5324061926003674,0.02445109780439122,0.7143998003493885,0.5780988593155894,0.5361324246612337,0.32808988764044944,0.5566024508566781,0.13444857496902107,0.7066189624329159,0.044877746827607555,0.15419108506481974,0.6216216216216216,0.29073599414134016,0.49925149700598803,0.23821138211382115,0.6423477783872737
ADNI_153_S_4372,153_S_4372,train,153_S_4372_MR_2015-12-10,2015-12-10,I575681,Image/ADNI_153_S_4372/2015-12-10/t1.nii.gz,Image/ADNI_153_S_4372/2015-12-10/seg.nii.gz,42.54270696452036,2015-12-10T11:29:19,74.15195071868582,0.0,0.0,729.0,ADNI,MPRAGE,0.4677283515810428,0.5560439560439561,0.722495894909688,0.5268958278667016,0.013972055888223553,0.6916895432992264,0.5502661596958175,0.4906035044242164,0.28794326241134754,0.5726844451922268,0.13630731102850063,0.6758497316636851,0.044877746827607555,0.16713283608595275,0.5611325611325612,0.27132918344928597,0.4494760479041916,0.2658536585365854,0.6374108612177729
ADNI_153_S_6274,153_S_6274,val,153_S_6274_MR_2018-03-22,2018-03-22,I976984,Image/ADNI_153_S_6274/2018-03-22/t1.nii.gz,Image/ADNI_153_S_6274/2018-03-22/seg.nii.gz,0.0,2018-03-22T14:48:48,76.68446269678303,1.0,0.5,9.0,ADNI,Accelerated_Sagittal_MPRAGE,0.6048694586938212,0.6483516483516484,0.6461412151067324,0.5313565993177644,0.06836327345309381,0.59840279510856,0.5116349809885932,0.5475067117825542,0.36061837596621243,0.6388211211127002,0.24101610904584883,0.5302325581395348,0.03806870937790158,0.14053898064286982,0.4092664092664093,0.3288172830465031,0.3851047904191617,0.2731707317073171,0.48765770707624795
ADNI_153_S_6274,153_S_6274,val,153_S_6274_MR_2019-05-14,2019-05-14,I10396102,Image/ADNI_153_S_6274/2019-05-14/t1.nii.gz,Image/ADNI_153_S_6274/2019-05-14/seg.nii.gz,13.731931668856767,2019-05-14T15:14:05,77.82888432580424,1.0,0.5,22.0,ADNI,Accelerated_Sagittal_MPRAGE,0.6061863563279994,0.6703296703296703,0.6395730706075534,0.5591708213067437,0.07085828343313373,0.5793361617169953,0.49840304182509504,0.5374986099858615,0.33699896406088137,0.6660777880597852,0.24721189591078066,0.5130590339892666,0.0485917672547199,0.15536760788492274,0.40025740025740025,0.29915781764921273,0.39857784431137727,0.2910569105691057,0.47449259462424576
ADNI_941_S_1295,941_S_1295,val,941_S_1295_MR_2007-02-09,2007-02-09,I39247,Image/ADNI_941_S_1295/2007-02-09/t1.nii.gz,Image/ADNI_941_S_1295/2007-02-09/seg.nii.gz,0.0,2007-02-09T15:57:16,76.73921971252567,1.0,0.5,19.0,ADNI,MPRAGE,0.34695658831636167,0.38461538461538464,0.4671592775041051,0.5620572028339018,0.18512974051896208,0.1261292737709009,0.4220532319391635,0.362611002557626,0.3200255000398438,0.5462269706401952,0.27261462205700127,0.3094812164579606,0.24667285670071185,0.45709021488190377,0.4195624195624196,0.11497619919443428,0.2720808383233533,0.5308943089430894,0.5852989577619309
ADNI_941_S_1295,941_S_1295,val,941_S_1295_MR_2007-08-21,2007-08-21,I69872,Image/ADNI_941_S_1295/2007-08-21/t1.nii.gz,Image/ADNI_941_S_1295/2007-08-21/seg.nii.gz,6.340341655716163,2007-08-21T16:35:15,77.26762491444217,1.0,0.5,7.0,ADNI,MPRAGE,0.27302656764413136,0.37362637362637363,0.4236453201970443,0.5667803726056153,0.1721556886227545,0.09717993511355129,0.3596958174904943,0.3262164609445742,0.27726512072675114,0.5598132413561033,0.265179677819083,0.2783542039355993,0.255338904363974,0.46692416977446277,0.3667953667953668,0.13035518125228854,0.22904191616766467,0.5252032520325203,0.5754251234229293
ADNI_941_S_1295,941_S_1295,val,941_S_1295_MR_2008-08-19,2008-08-19,I116538,Image/ADNI_941_S_1295/2008-08-19/t1.nii.gz,Image/ADNI_941_S_1295/2008-08-19/seg.nii.gz,18.298291721419183,2008-08-19T15:34:55,78.26420260095824,1.0,1.0,1.0,ADNI,MPRAGE,0.30752622310695965,0.37362637362637363,0.34811165845648606,0.5316189976384151,0.218562874251497,0.09198901921637136,0.44136882129277566,0.20645284277748654,0.29422264722288627,0.628319452623314,0.2905824039653036,0.22540250447227192,0.32559579077684925,0.5519889895222874,0.3642213642213642,0.08311973636030758,0.13061377245508982,0.6032520325203252,0.5139879319802523
ADNI_941_S_4292,941_S_4292,train,941_S_4292_MR_2012-06-20,2012-06-20,I311623,Image/ADNI_941_S_4292/2012-06-20/t1.nii.gz,Image/ADNI_941_S_4292/2012-06-20/seg.nii.gz,0.0,2012-06-20T10:11:45,71.59479808350444,1.0,0.0,30.0,ADNI,MPRAGE,0.6838680039813184,0.5362637362637362,0.8801313628899836,0.584885856730517,0.11776447105788423,0.45210880958322935,0.23209125475285172,0.6238701170789052,0.6068850107578293,0.43930344073357447,0.32032218091697645,0.6558139534883721,0.03218817703497369,0.16824276327472917,0.6962676962676962,0.5075064079091908,0.6785179640718563,0.1943089430894309,0.628085573230938
ADNI_941_S_4292,941_S_4292,train,941_S_4292_MR_2012-12-20,2012-12-20,I352773,Image/ADNI_941_S_4292/2012-12-20/t1.nii.gz,Image/ADNI_941_S_4292/2012-12-20/seg.nii.gz,6.011826544021025,2012-12-20T14:17:49,72.09582477754962,1.0,0.0,57.0,ADNI,MPRAGE,0.6692749406630426,0.5142857142857142,0.854679802955665,0.5746523222251377,0.11427145708582834,0.4473171949089094,0.2920152091254753,0.5507156587078429,0.6160969001514065,0.4800201901236645,0.32961586121437425,0.6640429338103757,0.0436397400185701,0.16762120404901437,0.6782496782496783,0.47857927499084585,0.6766467065868264,0.1861788617886179,0.6390565002742732
ADNI_941_S_4292,941_S_4292,train,941_S_4292_MR_2013-09-23,2013-09-23,I391682,Image/ADNI_941_S_4292/2013-09-23/t1.nii.gz,Image/ADNI_941_S_4292/2013-09-23/seg.nii.gz,15.111695137976346,2013-09-23T11:10:32,72.85420944558521,1.0,0.0,9.0,ADNI,MPRAGE,0.6191409539851466,0.5516483516483517,0.8399014778325123,0.5316189976384151,0.09381237524950099,0.43808335413027205,0.22844106463878328,0.6000254174013884,0.5867081042314128,0.42418888982361685,0.33705080545229243,0.6629695885509839,0.033426183844011144,0.17343722251820282,0.703989703989704,0.479677773709264,0.6729041916167665,0.2146341463414634,0.6231486560614372
ADNI_941_S_4292,941_S_4292,train,941_S_4292_MR_2016-07-22,2016-07-22,I763562,Image/ADNI_941_S_4292/2016-07-22/t1.nii.gz,Image/ADNI_941_S_4292/2016-07-22/seg.nii.gz,49.0473061760841,2016-07-22T13:13:57,75.68240930869267,1.0,0.0,3.0,ADNI,MPRAGE_GRAPPA2,0.5982543449965546,0.4197802197802198,0.8555008210180624,0.5292574127525583,0.0843313373253493,0.39675567756426255,0.2515589353612167,0.5589604282832134,0.5405052195394056,0.46435882336445977,0.3643122676579926,0.6110912343470483,0.06282884555865058,0.2227179896998757,0.5637065637065637,0.4566093006224826,0.6504491017964071,0.2731707317073171,0.5935271530444323
ADNI_941_S_4292,941_S_4292,train,941_S_4292_MR_2017-08-21,2017-08-21,I893552,Image/ADNI_941_S_4292/2017-08-21/t1.nii.gz,Image/ADNI_941_S_4292/2017-08-21/seg.nii.gz,62.023653088042046,2017-08-21T15:05:09,76.76386036960986,1.0,0.0,11.0,ADNI,Accelerated_Sagittal_MPRAGE,0.6407625756067682,0.4879120879120879,0.8505747126436781,0.5376541590133823,0.12225548902195608,0.3954579485899676,0.23878326996197718,0.5785477132281688,0.5311020798469998,0.49711169064243854,0.37174721189591076,0.6246869409660107,0.05230578768183225,0.21501509500976737,0.6782496782496783,0.47308678139875504,0.6519461077844312,0.2601626016260163,0.5842018650575974
ADNI_941_S_4292,941_S_4292,train,941_S_4292_MR_2019-07-24,2019-07-24,I1191372,Image/ADNI_941_S_4292/2019-07-24/t1.nii.gz,Image/ADNI_941_S_4292/2019-07-24/seg.nii.gz,85.08541392904073,2019-07-24T13:52:29,78.6858316221766,1.0,0.0,0.0,ADNI,Accelerated_Sagittal_MPRAGE,0.4971901079549805,0.4835164835164835,0.8883415435139573,0.48701128312778796,0.11477045908183632,0.40364362365859746,0.17840304182509506,0.5282689161066896,0.4528010200015938,0.4760382490676089,0.35254027261462206,0.5828264758497317,0.06251934385639121,0.2301767004084532,0.6383526383526383,0.4990845844013182,0.6410928143712575,0.2731707317073171,0.5880416895227647
ADNI_941_S_4292,941_S_4292,train,941_S_4292_MR_2021-10-05,2021-10-05,I1500470,Image/ADNI_941_S_4292/2021-10-05/t1.nii.gz,Image/ADNI_941_S_4292/2021-10-05/seg.nii.gz,111.49802890932982,2021-10-05T11:43:29,80.8870636550308,1.0,0.0,0.0,ADNI,Accelerated_Sagittal_MPRAGE,0.5047393002067223,0.4857142857142857,0.8711001642036125,0.4783521385463133,0.13822355289421157,0.36431245320688793,0.1537642585551331,0.5054885701123132,0.41898159215873776,0.522110989596478,0.3395291201982652,0.5849731663685152,0.08016094088517486,0.2684913869650151,0.6190476190476191,0.4990845844013182,0.6231287425149701,0.3121951219512195,0.5693911135490949
ADNI_941_S_6058,941_S_6058,train,941_S_6058_MR_2017-08-09,2017-08-09,I884964,Image/ADNI_941_S_6058/2017-08-09/t1.nii.gz,Image/ADNI_941_S_6058/2017-08-09/seg.nii.gz,0.0,2017-08-09T09:54:54,68.31759069130733,0.0,0.0,7.0,ADNI,Accelerated_Sagittal_MPRAGE,0.7828497052293086,0.6395604395604395,0.6896551724137931,0.5392285489372868,0.36427145708582837,0.6075867232343399,0.4469961977186312,0.8649065116205182,0.7533668021356283,0.1938532290176944,0.14684014869888476,0.6239713774597495,0.014546580006190035,0.0689708755105665,0.6975546975546976,0.43939948736726475,0.7020958083832335,0.13495934959349593,0.6478332419089413
ADNI_941_S_6058,941_S_6058,train,941_S_6058_MR_2019-08-14,2019-08-14,I1209877,Image/ADNI_941_S_6058/2019-08-14/t1.nii.gz,Image/ADNI_941_S_6058/2019-08-14/seg.nii.gz,24.14586070959264,2019-08-14T12:03:31,70.32991101984942,0.0,0.0,0.0,ADNI,Accelerated_Sagittal_MPRAGE,0.6841742592450808,0.734065934065934,0.7044334975369458,0.548412490160063,0.3852295409181637,0.600099825305715,0.4094296577946768,0.8630796358957251,0.7244401944378038,0.13221726816410084,0.1294919454770756,0.6193202146690518,0.013308573197152585,0.07085775173148641,0.6267696267696268,0.4650311241303552,0.7129491017964071,0.13252032520325202,0.6807460230389468
ADNI_941_S_6058,941_S_6058,train,941_S_6058_MR_2021-08-04,2021-08-04,I1476589,Image/ADNI_941_S_6058/2021-08-04/t1.nii.gz,Image/ADNI_941_S_6058/2021-08-04/seg.nii.gz,47.83180026281209,2021-08-04T13:24:13,72.30390143737166,0.0,0.0,0.0,ADNI,Accelerated_Sagittal_MPRAGE,0.7170813873363449,0.6571428571428571,0.7651888341543513,0.5266334295460509,0.36826347305389223,0.5710506613426504,0.3914828897338403,0.8207755484598643,0.692421706908917,0.2258910294158885,0.13444857496902107,0.5992844364937389,0.016713091922005572,0.09343367075119872,0.6396396396396397,0.45184913950933725,0.6994760479041916,0.15284552845528454,0.6670323642347779
ADNI_941_S_6422,941_S_6422,train,941_S_6422_MR_2018-06-13,2018-06-13,I1010650,Image/ADNI_941_S_6422/2018-06-13/t1.nii.gz,Image/ADNI_941_S_6422/2018-06-13/seg.nii.gz,0.0,2018-06-13T14:55:32,65.91101984941821,0.0,0.0,7.0,ADNI,Accelerated_Sagittal_MPRAGE,0.6380828420488477,0.7252747252747253,0.8538587848932676,0.5938073996326424,0.4406187624750499,0.7898178188170701,0.7032699619771863,0.7236493034043432,0.5112279862937286,0.2529934662516475,0.3351920693928129,0.7542039355992844,0.06313834726090993,0.14069437044929853,0.7747747747747747,0.5474185280117173,0.7024700598802395,0.15853658536585366,0.6675809105869446
ADNI_941_S_6422,941_S_6422,train,941_S_6422_MR_2020-10-19,2020-10-19,I1559923,Image/ADNI_941_S_6422/2020-10-19/t1.nii.gz,Image/ADNI_941_S_6422/2020-10-19/seg.nii.gz,28.21944809461235,2020-10-19T14:41:28,68.26283367556468,0.0,0.0,0.0,ADNI,Accelerated_Sagittal_MPRAGE,0.6929331597886839,0.7054945054945055,0.8415435139573071,0.5641563893991078,0.4550898203592814,0.7574744197654105,0.7195437262357415,0.7083670908195523,0.4818073153239302,0.323672919996635,0.3736059479553903,0.7427549194991055,0.07304240173320953,0.1829160007103534,0.7966537966537967,0.5660930062248261,0.6511976047904192,0.21788617886178863,0.6840373011519474
ADNI_941_S_6422,941_S_6422,train,941_S_6422_MR_2022-10-24,2022-10-24,I1633921,Image/ADNI_941_S_6422/2022-10-24/t1.nii.gz,Image/ADNI_941_S_6422/2022-10-24/seg.nii.gz,52.36530880420499,2022-10-24T09:52:55,70.27515400410678,0.0,0.0,11.0,ADNI,Accelerated_Sagittal_MPRAGE,0.6376387719163923,0.7362637362637363,0.8571428571428571,0.5523484649698241,0.48952095808383234,0.7680559021712003,0.687148288973384,0.7167389474018651,0.43589130608016574,0.30874064103642634,0.36864931846344484,0.7627906976744186,0.06251934385639121,0.1769445924347363,0.7709137709137709,0.5547418528011717,0.6998502994011976,0.19349593495934958,0.6609983543609435
ADNI_941_S_6422,941_S_6422,train,941_S_6422_MR_2024-10-29,2024-10-29,I11058574,Image/ADNI_941_S_6422/2024-10-29/t1.nii.gz,Image/ADNI_941_S_6422/2024-10-29/seg.nii.gz,76.54402102496715,2024-10-29T13:20:37,72.290212183436,0.0,0.0,0.0,ADNI,Accelerated_Sagittal_MPRAGE__MSV21_,0.7709363754689533,0.7428571428571429,0.9121510673234812,0.6182104434531619,0.5219560878243513,0.7881707012727727,0.6705703422053232,0.7745317638087976,0.46752729301139534,0.3382967387341914,0.3760842627013631,0.8053667262969588,0.070875889817394,0.17234949387320192,0.851994851994852,0.6367630904430611,0.7200598802395209,0.1983739837398374,0.6588041689522764
ADNI_941_S_6499,941_S_6499,train,941_S_6499_MR_2018-07-17,2018-07-17,I1023542,Image/ADNI_941_S_6499/2018-07-17/t1.nii.gz,Image/ADNI_941_S_6499/2018-07-17/seg.nii.gz,0.0,2018-07-17T12:07:51,69.5003422313484,0.0,0.0,6.0,ADNI,Accelerated_Sagittal_MPRAGE,0.6605466656458158,0.643956043956044,0.8177339901477833,0.3602728942534768,0.49650698602794413,0.4825056151734465,0.30722433460076043,0.7416321148866543,0.34613116582994663,0.5154790948094558,0.1926889714993804,0.7280858676207513,0.0609718353450944,0.19210619783342212,0.6589446589446589,0.4005858659831564,0.6624251497005988,0.44146341463414634,0.578167855183763
ADNI_941_S_6499,941_S_6499,train,941_S_6499_MR_2020-09-14,2020-09-14,I1335865,Image/ADNI_941_S_6499/2020-09-14/t1.nii.gz,Image/ADNI_941_S_6499/2020-09-14/seg.nii.gz,25.952693823915897,2020-09-14T13:45:12,71.66324435318275,0.0,0.0,172.0,ADNI,Accelerated_Sagittal_MPRAGE,0.62114692596279,0.5846153846153846,0.854679802955665,0.3188139595906586,0.5059880239520959,0.48540054903918145,0.29885931558935364,0.7032836105418673,0.2894095147023667,0.5433947449594796,0.2342007434944238,0.7041144901610018,0.07118539151965336,0.22671372757947078,0.6229086229086229,0.40168436470157454,0.6392215568862275,0.4902439024390244,0.5573230938014262
ADNI_941_S_6499,941_S_6499,train,941_S_6499_MR_2022-09-16,2022-09-16,I1621068,Image/ADNI_941_S_6499/2022-09-16/t1.nii.gz,Image/ADNI_941_S_6499/2022-09-16/seg.nii.gz,50.0,2022-09-16T11:52:23,73.66735112936345,0.0,0.0,12.0,ADNI,Accelerated_Sagittal_MPRAGE,0.5195161166832555,0.5604395604395604,0.7561576354679803,0.2519023878247179,0.44510978043912175,0.4242076366358872,0.2609885931558935,0.6570874835184037,0.2251812893457646,0.5587336305768206,0.23667905824039653,0.6686940966010734,0.09439801918910554,0.25834665245959865,0.546975546975547,0.37458806298059316,0.5984281437125748,0.5414634146341464,0.5375754251234229
ADNI_941_S_6499,941_S_6499,train,941_S_6499_MR_2024-11-12,2024-11-12,I11048674,Image/ADNI_941_S_6499/2024-11-12/t1.nii.gz,Image/ADNI_941_S_6499/2024-11-12/seg.nii.gz,75.88699080157687,2024-11-12T10:52:10,75.82477754962355,0.0,0.0,3.0,ADNI,Accelerated_Sagittal_MPRAGE__MSV21_,0.5841666028634868,0.545054945054945,0.8045977011494253,0.2896877459984256,0.47904191616766467,0.4689293735962066,0.21992395437262358,0.6764364803253428,0.19686030759423062,0.6008384509688455,0.24473358116480792,0.6744186046511628,0.09130300216651191,0.27479577339726513,0.6447876447876448,0.41047235444891983,0.5890718562874252,0.5626016260162602,0.5117937465715853
ADNI_941_S_6575,941_S_6575,train,941_S_6575_MR_2018-09-05,2018-09-05,I1045984,Image/ADNI_941_S_6575/2018-09-05/t1.nii.gz,Image/ADNI_941_S_6575/2018-09-05/seg.nii.gz,0.0,2018-09-05T13:46:47,73.4757015742642,1.0,0.0,5.0,ADNI,Accelerated_Sagittal_MPRAGE,0.6357093637546896,0.45714285714285713,0.7348111658456487,0.3623720808186828,0.3143712574850299,0.49837783878213127,0.3666920152091255,0.7008848432858346,0.4928998326559885,0.30522139031434903,0.08674101610904585,0.542397137745975,0.11730114515629836,0.3561090392470254,0.4543114543114543,0.30465031124130354,0.6511976047904192,0.5487804878048781,0.5798134942402633
ADNI_941_S_6575,941_S_6575,train,941_S_6575_MR_2019-09-16,2019-09-16,I1227239,Image/ADNI_941_S_6575/2019-09-16/t1.nii.gz,Image/ADNI_941_S_6575/2019-09-16/seg.nii.gz,12.352168199737187,2019-09-16T12:53:15,74.50513347022587,1.0,0.0,0.0,ADNI,Accelerated_Sagittal_MPRAGE,0.5611362070285583,0.44175824175824174,0.7118226600985221,0.3594856992915245,0.29790419161676646,0.4320439231345146,0.35011406844106463,0.6432508856375796,0.4459478842935692,0.3324219735845882,0.09789343246592318,0.5152057245080501,0.1392757660167131,0.3904945835553188,0.43114543114543114,0.26217502746246796,0.6070359281437125,0.5813008130081301,0.5419637959407569
ADNI_941_S_6575,941_S_6575,train,941_S_6575_MR_2020-11-02,2020-11-02,I1360295,Image/ADNI_941_S_6575/2020-11-02/t1.nii.gz,Image/ADNI_941_S_6575/2020-11-02/seg.nii.gz,25.919842312746386,2020-11-02T13:57:12,75.63586584531143,1.0,0.0,6.0,ADNI,Accelerated_Sagittal_MPRAGE,0.5675828803307557,0.4747252747252747,0.7044334975369458,0.39753345578588295,0.3283433133732535,0.45924631894185175,0.36958174904942964,0.6727986147516243,0.4592397800621563,0.28831216174532404,0.0811648079306072,0.526654740608229,0.12813370473537605,0.38696501509500975,0.3912483912483912,0.32076162577810324,0.6399700598802395,0.5723577235772358,0.5266044980800878
