src_seg,head_size,accumbens_area,amygdala,brain_stem,caudate,cerebellum_cortex,cerebellum_white_matter,cerebral_cortex,cerebral_white_matter,csf,fourth_ventricle,hippocampus,inferior_lateral_ventricle,lateral_ventricle,pallidum,putamen,thalamus,third_ventricle,ventral_dc
/mnt/aix22308/data/ADNI_delta_lfm/processed/002_S_0413/I115006/I115006_synthseg_1.5mm.nii.gz,609426.0,452.0,1491.0,7841.0,3072.0,39391.0,10984.0,203245.0,169851.0,140479.0,713.0,3066.0,814.0,14206.0,1143.0,3537.0,5041.0,955.0,3145.0
/mnt/aix22308/data/ADNI_delta_lfm/processed/002_S_0413/I1221051/I1221051_synthseg_1.5mm.nii.gz,589951.0,423.0,1434.0,7581.0,3101.0,37627.0,10072.0,200730.0,159893.0,133521.0,723.0,2888.0,914.0,17372.0,1128.0,3359.0,5006.0,1127.0,3052.0
/mnt/aix22308/data/ADNI_delta_lfm/processed/002_S_0413/I142972/I142972_synthseg_1.5mm.nii.gz,601639.0,442.0,1404.0,7747.0,3074.0,39243.0,10839.0,203071.0,166380.0,137637.0,691.0,3036.0,736.0,13711.0,1158.0,3467.0,5035.0,921.0,3047.0
/mnt/aix22308/data/ADNI_delta_lfm/processed/002_S_0413/I14437/I14437_synthseg_1.5mm.nii.gz,584722.0,406.0,1330.0,7618.0,2965.0,37607.0,10966.0,195617.0,165972.0,132628.0,625.0,2971.0,713.0,12294.0,1103.0,3277.0,4850.0,864.0,2916.0
/mnt/aix22308/data/ADNI_delta_lfm/processed/002_S_0413/I173460/I173460_synthseg_1.5mm.nii.gz,586458.0,423.0,1332.0,7639.0,2951.0,36905.0,10908.0,195067.0,164440.0,136135.0,698.0,2914.0,748.0,13283.0,1066.0,3228.0,4805.0,917.0,2999.0
/mnt/aix22308/data/ADNI_delta_lfm/processed/002_S_0413/I240812/I240812_synthseg_1.5mm.nii.gz,599955.0,476.0,1490.0,7715.0,3127.0,38679.0,10973.0,207208.0,167941.0,129611.0,711.0,3040.0,789.0,14427.0,1108.0,3429.0,5199.0,974.0,3058.0
/mnt/aix22308/data/ADNI_delta_lfm/processed/002_S_0413/I29705/I29705_synthseg_1.5mm.nii.gz,584096.0,433.0,1383.0,7608.0,3030.0,37585.0,10733.0,198461.0,167135.0,127905.0,651.0,2984.0,721.0,12257.0,1105.0,3323.0,4963.0,856.0,2963.0
/mnt/aix22308/data/ADNI_delta_lfm/processed/002_S_0413/I304793/I304793_synthseg_1.5mm.nii.gz,594866.0,438.0,1459.0,7633.0,3095.0,38044.0,10732.0,203053.0,163870.0,134131.0,702.0,2957.0,785.0,14523.0,1071.0,3359.0,5049.0,974.0,2991.0
/mnt/aix22308/data/ADNI_delta_lfm/processed/002_S_0413/I371991/I371991_synthseg_1.5mm.nii.gz,593206.0,449.0,1410.0,7663.0,3093.0,38068.0,10661.0,203198.0,163039.0,133281.0,690.0,2973.0,785.0,14544.0,1065.0,3314.0,5014.0,976.0,2983.0
/mnt/aix22308/data/ADNI_delta_lfm/processed/002_S_0413/I423202/I423202_synthseg_1.5mm.nii.gz,597231.0,440.0,1416.0,7728.0,3124.0,38312.0,10783.0,204678.0,164823.0,132872.0,718.0,3011.0,801.0,15004.0,1117.0,3350.0,5097.0,992.0,2965.0
/mnt/aix22308/data/ADNI_delta_lfm/processed/002_S_0413/I55771/I55771_synthseg_1.5mm.nii.gz,587285.0,418.0,1387.0,7727.0,3022.0,38147.0,10851.0,198823.0,166326.0,130823.0,689.0,2979.0,716.0,12247.0,1118.0,3317.0,4839.0,846.0,3010.0
/mnt/aix22308/data/ADNI_delta_lfm/processed/002_S_0413/I569631/I569631_synthseg_1.5mm.nii.gz,597193.0,435.0,1394.0,7676.0,3050.0,37980.0,10918.0,200827.0,163884.0,137451.0,708.0,2929.0,848.0,15641.0,1030.0,3323.0,4995.0,1029.0,3075.0
/mnt/aix22308/data/ADNI_delta_lfm/processed/002_S_0413/I863056/I863056_synthseg_1.5mm.nii.gz,595294.0,443.0,1499.0,7644.0,3109.0,37931.0,10543.0,202572.0,162171.0,134257.0,728.0,2928.0,862.0,16858.0,1128.0,3429.0,5072.0,1103.0,3017.0
/mnt/aix22308/data/ADNI_delta_lfm/processed/002_S_1268/I106715/I106715_synthseg_1.5mm.nii.gz,599244.0,282.0,1138.0,8215.0,3535.0,41475.0,11776.0,181165.0,156275.0,147460.0,862.0,2542.0,1295.0,30020.0,1218.0,3633.0,4489.0,975.0,2889.0
/mnt/aix22308/data/ADNI_delta_lfm/processed/002_S_1268/I117767/I117767_synthseg_1.5mm.nii.gz,597021.0,292.0,1098.0,8232.0,3501.0,41235.0,11703.0,181695.0,155122.0,145650.0,893.0,2462.0,1416.0,30456.0,1204.0,3671.0,4460.0,1040.0,2891.0
/mnt/aix22308/data/ADNI_delta_lfm/processed/002_S_1268/I137716/I137716_synthseg_1.5mm.nii.gz,597464.0,278.0,1090.0,8208.0,3562.0,41783.0,11581.0,174824.0,156663.0,149622.0,867.0,2449.0,1470.0,32000.0,1176.0,3592.0,4421.0,1031.0,2847.0
/mnt/aix22308/data/ADNI_delta_lfm/processed/002_S_1268/I167297/I167297_synthseg_1.5mm.nii.gz,581848.0,264.0,1003.0,8079.0,3280.0,39267.0,11652.0,170867.0,151051.0,149063.0,798.0,2278.0,1454.0,30341.0,1144.0,3443.0,4197.0,957.0,2710.0
/mnt/aix22308/data/ADNI_delta_lfm/processed/002_S_1268/I292428/I292428_synthseg_1.5mm.nii.gz,590134.0,257.0,908.0,8132.0,3465.0,39104.0,11835.0,167521.0,156135.0,146816.0,908.0,2045.0,2232.0,38188.0,1041.0,3511.0,4221.0,1009.0,2806.0
/mnt/aix22308/data/ADNI_delta_lfm/processed/002_S_1268/I43201/I43201_synthseg_1.5mm.nii.gz,597780.0,317.0,1124.0,8258.0,3242.0,41965.0,11764.0,178476.0,160589.0,147288.0,818.0,2695.0,1077.0,26864.0,1195.0,3595.0,4625.0,951.0,2937.0
/mnt/aix22308/data/ADNI_delta_lfm/processed/002_S_1268/I74471/I74471_synthseg_1.5mm.nii.gz,580315.0,308.0,1125.0,8115.0,3126.0,39638.0,11987.0,171105.0,155700.0,145151.0,818.0,2612.0,1111.0,26595.0,1202.0,3482.0,4502.0,944.0,2794.0
/mnt/aix22308/data/ADNI_delta_lfm/processed/002_S_4213/I1236679/I1236679_synthseg_1.5mm.nii.gz,604051.0,496.0,1439.0,7792.0,2844.0,38363.0,10093.0,199290.0,149598.0,156864.0,922.0,3214.0,546.0,18867.0,1256.0,3689.0,4938.0,772.0,3068.0
/mnt/aix22308/data/ADNI_delta_lfm/processed/002_S_4213/I290931/I290931_synthseg_1.5mm.nii.gz,602374.0,526.0,1423.0,7847.0,2830.0,38612.0,10967.0,197777.0,160855.0,147260.0,943.0,3350.0,492.0,15873.0,1150.0,3789.0,5019.0,620.0,3041.0
/mnt/aix22308/data/ADNI_delta_lfm/processed/002_S_4213/I335997/I335997_synthseg_1.5mm.nii.gz,609123.0,510.0,1466.0,7850.0,2865.0,37884.0,11241.0,198841.0,163394.0,149662.0,949.0,3370.0,544.0,16825.0,1207.0,3818.0,5037.0,659.0,3001.0
/mnt/aix22308/data/ADNI_delta_lfm/processed/002_S_4213/I391153/I391153_synthseg_1.5mm.nii.gz,612797.0,509.0,1453.0,8036.0,2906.0,38726.0,11206.0,204146.0,160211.0,150480.0,942.0,3357.0,509.0,16592.0,1197.0,3773.0,5013.0,630.0,3111.0
/mnt/aix22308/data/ADNI_delta_lfm/processed/002_S_4213/I573756/I573756_synthseg_1.5mm.nii.gz,612125.0,475.0,1410.0,8068.0,2854.0,38258.0,10914.0,202919.0,157300.0,153528.0,947.0,3285.0,548.0,17941.0,1170.0,3647.0,5002.0,703.0,3156.0
/mnt/aix22308/data/ADNI_delta_lfm/processed/002_S_4213/I888008/I888008_synthseg_1.5mm.nii.gz,599180.0,485.0,1354.0,7800.0,2733.0,38523.0,10436.0,193765.0,154738.0,152878.0,949.0,3231.0,540.0,18233.0,1222.0,3623.0,4881.0,736.0,3053.0
/mnt/aix22308/data/ADNI_delta_lfm/processed/002_S_6053/I11098084/I11098084_synthseg_1.5mm.nii.gz,601512.0,479.0,1354.0,8195.0,2799.0,40264.0,11467.0,192788.0,163588.0,142253.0,896.0,3193.0,497.0,19732.0,1123.0,3729.0,4889.0,1121.0,3145.0
/mnt/aix22308/data/ADNI_delta_lfm/processed/002_S_6053/I1255412/I1255412_synthseg_1.5mm.nii.gz,604133.0,492.0,1436.0,8520.0,2693.0,41587.0,11260.0,197712.0,169932.0,135348.0,867.0,3367.0,426.0,16242.0,1215.0,3818.0,5049.0,969.0,3200.0
/mnt/aix22308/data/ADNI_delta_lfm/processed/002_S_6053/I878146/I878146_synthseg_1.5mm.nii.gz,603466.0,474.0,1464.0,8419.0,2674.0,41444.0,11406.0,196912.0,172083.0,134170.0,851.0,3432.0,407.0,15443.0,1182.0,3846.0,5110.0,929.0,3220.0
/mnt/aix22308/data/ADNI_delta_lfm/processed/002_S_6103/I11152322/I11152322_synthseg_1.5mm.nii.gz,599955.0,598.0,1570.0,8078.0,3344.0,43835.0,11257.0,216228.0,163435.0,118670.0,821.0,3373.0,535.0,12625.0,1501.0,4839.0,5177.0,760.0,3309.0
/mnt/aix22308/data/ADNI_delta_lfm/processed/002_S_6103/I11175760/I11175760_synthseg_1.5mm.nii.gz,592759.0,563.0,1502.0,7935.0,3389.0,42560.0,11051.0,209400.0,158286.0,120582.0,841.0,3204.0,746.0,17226.0,1453.0,4782.0,4967.0,941.0,3331.0
/mnt/aix22308/data/ADNI_delta_lfm/processed/002_S_6103/I938767/I938767_synthseg_1.5mm.nii.gz,596299.0,602.0,1537.0,8081.0,3309.0,43870.0,10975.0,218244.0,163786.0,114930.0,774.0,3411.0,481.0,10822.0,1505.0,4769.0,5113.0,676.0,3414.0
/mnt/aix22308/data/ADNI_delta_lfm/processed/003_S_4119/I1043735/I1043735_synthseg_1.5mm.nii.gz,601521.0,397.0,1412.0,8047.0,2548.0,38892.0,11353.0,194585.0,158704.0,152223.0,1126.0,2758.0,759.0,15374.0,1165.0,3845.0,4468.0,900.0,2965.0
/mnt/aix22308/data/ADNI_delta_lfm/processed/003_S_4119/I1249336/I1249336_synthseg_1.5mm.nii.gz,596839.0,407.0,1444.0,8072.0,2519.0,39322.0,10914.0,190866.0,153607.0,153039.0,1198.0,2728.0,838.0,18057.0,1144.0,3903.0,4652.0,1051.0,3078.0
/mnt/aix22308/data/ADNI_delta_lfm/processed/003_S_4119/I1514449/I1514449_synthseg_1.5mm.nii.gz,598994.0,390.0,1424.0,8034.0,2499.0,38485.0,10994.0,187607.0,152832.0,158962.0,1216.0,2636.0,939.0,19326.0,1123.0,3855.0,4569.0,1080.0,3023.0
/mnt/aix22308/data/ADNI_delta_lfm/processed/003_S_4119/I287299/I287299_synthseg_1.5mm.nii.gz,604321.0,420.0,1439.0,8189.0,2596.0,40084.0,11307.0,199465.0,162551.0,145640.0,1080.0,2848.0,706.0,14264.0,1241.0,4004.0,4578.0,843.0,3066.0
/mnt/aix22308/data/ADNI_delta_lfm/processed/003_S_4119/I333868/I333868_synthseg_1.5mm.nii.gz,597142.0,401.0,1457.0,8120.0,2524.0,40224.0,11084.0,193205.0,159863.0,148043.0,1120.0,2798.0,703.0,14216.0,1186.0,3846.0,4499.0,835.0,3018.0
/mnt/aix22308/data/ADNI_delta_lfm/processed/003_S_4119/I384075/I384075_synthseg_1.5mm.nii.gz,604995.0,427.0,1406.0,8348.0,2598.0,40810.0,11461.0,199449.0,161691.0,145636.0,1128.0,2845.0,763.0,14742.0,1189.0,3969.0,4597.0,888.0,3048.0
/mnt/aix22308/data/ADNI_delta_lfm/processed/003_S_4354/I1091953/I1091953_synthseg_1.5mm.nii.gz,591590.0,481.0,1363.0,7779.0,3055.0,38440.0,11098.0,188503.0,153268.0,154163.0,855.0,2684.0,1502.0,14685.0,1169.0,4008.0,4918.0,816.0,2803.0
/mnt/aix22308/data/ADNI_delta_lfm/processed/003_S_4354/I1181460/I1181460_synthseg_1.5mm.nii.gz,593401.0,478.0,1356.0,7745.0,3085.0,38304.0,10850.0,187218.0,154406.0,155322.0,892.0,2675.0,1626.0,15370.0,1243.0,4115.0,4928.0,851.0,2937.0
/mnt/aix22308/data/ADNI_delta_lfm/processed/003_S_4354/I1460759/I1460759_synthseg_1.5mm.nii.gz,591814.0,478.0,1398.0,7653.0,2907.0,38056.0,10591.0,183850.0,150566.0,160093.0,933.0,2524.0,1860.0,17060.0,1229.0,3960.0,4767.0,917.0,2972.0
/mnt/aix22308/data/ADNI_delta_lfm/processed/003_S_4354/I316327/I316327_synthseg_1.5mm.nii.gz,584457.0,501.0,1321.0,7691.0,2792.0,39621.0,10874.0,193347.0,157970.0,141996.0,799.0,2874.0,819.0,10308.0,1289.0,4132.0,4689.0,621.0,2813.0
/mnt/aix22308/data/ADNI_delta_lfm/processed/003_S_4354/I365553/I365553_synthseg_1.5mm.nii.gz,591644.0,499.0,1490.0,7980.0,2967.0,40501.0,11267.0,196775.0,158585.0,142312.0,799.0,3006.0,893.0,10630.0,1308.0,4221.0,4820.0,636.0,2955.0
/mnt/aix22308/data/ADNI_delta_lfm/processed/003_S_4354/I404879/I404879_synthseg_1.5mm.nii.gz,586070.0,475.0,1340.0,7585.0,2834.0,38615.0,11253.0,192323.0,158879.0,143406.0,796.0,2799.0,1021.0,11475.0,1208.0,4024.0,4619.0,663.0,2755.0
/mnt/aix22308/data/ADNI_delta_lfm/processed/003_S_4354/I628934/I628934_synthseg_1.5mm.nii.gz,580907.0,482.0,1345.0,7651.0,2910.0,39275.0,10664.0,190645.0,152487.0,145202.0,803.0,2738.0,1145.0,12251.0,1183.0,4054.0,4570.0,687.0,2815.0
/mnt/aix22308/data/ADNI_delta_lfm/processed/003_S_4354/I863643/I863643_synthseg_1.5mm.nii.gz,593320.0,495.0,1454.0,7833.0,3014.0,39323.0,10740.0,191331.0,154873.0,151523.0,853.0,2696.0,1357.0,13761.0,1254.0,4129.0,5006.0,769.0,2909.0
/mnt/aix22308/data/ADNI_delta_lfm/processed/003_S_6259/I10420795/I10420795_synthseg_1.5mm.nii.gz,596385.0,444.0,1553.0,7904.0,3531.0,43529.0,11130.0,187998.0,158469.0,132530.0,813.0,2757.0,1217.0,30568.0,1258.0,3686.0,4954.0,1042.0,3002.0
/mnt/aix22308/data/ADNI_delta_lfm/processed/003_S_6259/I11554480/I11554480_synthseg_1.5mm.nii.gz,595961.0,466.0,1529.0,7977.0,3549.0,43339.0,11130.0,189333.0,157238.0,131722.0,823.0,2704.0,1239.0,31051.0,1207.0,3657.0,4949.0,1053.0,2995.0
/mnt/aix22308/data/ADNI_delta_lfm/processed/003_S_6259/I1578905/I1578905_synthseg_1.5mm.nii.gz,593982.0,502.0,1557.0,8029.0,3548.0,44646.0,11183.0,191868.0,160605.0,125332.0,783.0,2777.0,1091.0,28003.0,1258.0,3775.0,4996.0,952.0,3077.0
/mnt/aix22308/data/ADNI_delta_lfm/processed/003_S_6259/I977365/I977365_synthseg_1.5mm.nii.gz,597802.0,520.0,1602.0,8116.0,3325.0,45797.0,11583.0,196215.0,164687.0,123172.0,765.0,2966.0,820.0,24103.0,1291.0,3724.0,5090.0,913.0,3113.0
/mnt/aix22308/data/ADNI_delta_lfm/processed/005_S_1224/I119345/I119345_synthseg_1.5mm.nii.gz,588588.0,371.0,1248.0,7554.0,3052.0,40599.0,11392.0,175332.0,152525.0,144847.0,1183.0,2432.0,2356.0,33161.0,946.0,3268.0,4391.0,1068.0,2863.0
/mnt/aix22308/data/ADNI_delta_lfm/processed/005_S_1224/I137796/I137796_synthseg_1.5mm.nii.gz,586414.0,366.0,1294.0,7451.0,3079.0,39507.0,10849.0,176913.0,149667.0,145132.0,1114.0,2334.0,2378.0,33818.0,1029.0,3215.0,4498.0,1074.0,2696.0
/mnt/aix22308/data/ADNI_delta_lfm/processed/005_S_1224/I170642/I170642_synthseg_1.5mm.nii.gz,588661.0,379.0,1252.0,7625.0,2942.0,40139.0,11115.0,173346.0,148655.0,149039.0,1198.0,2312.0,2617.0,35796.0,1070.0,3079.0,4259.0,1093.0,2745.0
/mnt/aix22308/data/ADNI_delta_lfm/processed/005_S_1224/I67828/I67828_synthseg_1.5mm.nii.gz,588294.0,337.0,1255.0,7558.0,2855.0,42191.0,11784.0,174084.0,151918.0,146081.0,1234.0,2504.0,2268.0,31429.0,1016.0,3158.0,4694.0,1077.0,2851.0
/mnt/aix22308/data/ADNI_delta_lfm/processed/005_S_1341/I102672/I102672_synthseg_1.5mm.nii.gz,572633.0,408.0,983.0,7302.0,3700.0,36055.0,11756.0,172783.0,156290.0,147274.0,945.0,2541.0,934.0,16756.0,1310.0,4892.0,5060.0,703.0,2941.0
/mnt/aix22308/data/ADNI_delta_lfm/processed/005_S_1341/I140378/I140378_synthseg_1.5mm.nii.gz,586810.0,373.0,965.0,7470.0,3871.0,35928.0,12067.0,177847.0,162367.0,148837.0,903.0,2577.0,943.0,17238.0,1348.0,5014.0,5280.0,714.0,3068.0
/mnt/aix22308/data/ADNI_delta_lfm/processed/005_S_1341/I43188/I43188_synthseg_1.5mm.nii.gz,573761.0,409.0,1026.0,7698.0,3687.0,38363.0,12284.0,175315.0,157414.0,142713.0,953.0,2732.0,776.0,15249.0,1312.0,4990.0,5208.0,642.0,2990.0
/mnt/aix22308/data/ADNI_delta_lfm/processed/005_S_1341/I76567/I76567_synthseg_1.5mm.nii.gz,576251.0,374.0,923.0,7333.0,3633.0,36147.0,11981.0,175292.0,159620.0,145938.0,940.0,2571.0,838.0,15795.0,1312.0,4891.0,4986.0,640.0,3037.0
/mnt/aix22308/data/ADNI_delta_lfm/processed/005_S_4185/I1053466/I1053466_synthseg_1.5mm.nii.gz,578917.0,413.0,1271.0,7999.0,3241.0,42152.0,11913.0,172492.0,133130.0,154306.0,1078.0,2420.0,1075.0,35035.0,1140.0,3892.0,3928.0,930.0,2502.0
/mnt/aix22308/data/ADNI_delta_lfm/processed/005_S_4185/I294901/I294901_synthseg_1.5mm.nii.gz,579177.0,408.0,1282.0,8085.0,2987.0,41679.0,12147.0,175342.0,138044.0,152504.0,1101.0,2583.0,971.0,29383.0,1143.0,3886.0,4178.0,865.0,2589.0
/mnt/aix22308/data/ADNI_delta_lfm/processed/005_S_4185/I337047/I337047_synthseg_1.5mm.nii.gz,581018.0,404.0,1239.0,7965.0,3072.0,41435.0,12248.0,176145.0,138683.0,152702.0,1102.0,2521.0,957.0,30014.0,1126.0,3925.0,3992.0,874.0,2614.0
/mnt/aix22308/data/ADNI_delta_lfm/processed/005_S_4185/I392201/I392201_synthseg_1.5mm.nii.gz,577354.0,373.0,1298.0,7991.0,3110.0,41413.0,11871.0,171823.0,135729.0,155438.0,1164.0,2523.0,931.0,31468.0,1089.0,3782.0,3970.0,878.0,2503.0
/mnt/aix22308/data/ADNI_delta_lfm/processed/005_S_4185/I517448/I517448_synthseg_1.5mm.nii.gz,577617.0,392.0,1250.0,7937.0,3113.0,41602.0,12019.0,168582.0,136846.0,156232.0,1103.0,2463.0,1027.0,32827.0,1112.0,3830.0,3874.0,918.0,2490.0
/mnt/aix22308/data/ADNI_delta_lfm/processed/005_S_4185/I907427/I907427_synthseg_1.5mm.nii.gz,578742.0,421.0,1324.0,8108.0,3185.0,42062.0,12008.0,174275.0,134573.0,151817.0,1063.0,2461.0,1002.0,33836.0,1174.0,3905.0,4066.0,919.0,2543.0
/mnt/aix22308/data/ADNI_delta_lfm/processed/006_S_0484/I24264/I24264_synthseg_1.5mm.nii.gz,585420.0,486.0,1349.0,8031.0,2705.0,38695.0,11113.0,188157.0,167799.0,140483.0,905.0,2949.0,494.0,8716.0,1097.0,3866.0,4979.0,512.0,3084.0
/mnt/aix22308/data/ADNI_delta_lfm/processed/006_S_0484/I47327/I47327_synthseg_1.5mm.nii.gz,589498.0,470.0,1393.0,7913.0,2762.0,38066.0,11400.0,187371.0,170661.0,142635.0,909.0,3010.0,489.0,8807.0,1139.0,3856.0,5069.0,523.0,3025.0
/mnt/aix22308/data/ADNI_delta_lfm/processed/006_S_6291/I1170103/I1170103_synthseg_1.5mm.nii.gz,574312.0,464.0,1678.0,10163.0,2682.0,42528.0,13022.0,179071.0,164920.0,130365.0,921.0,3331.0,511.0,9798.0,1378.0,4200.0,5366.0,306.0,3608.0
/mnt/aix22308/data/ADNI_delta_lfm/processed/006_S_6291/I1636863/I1636863_synthseg_1.5mm.nii.gz,583527.0,466.0,1598.0,10233.0,2765.0,41982.0,13769.0,178779.0,163412.0,137294.0,964.0,3360.0,679.0,12990.0,1349.0,4227.0,5608.0,393.0,3659.0
/mnt/aix22308/data/ADNI_delta_lfm/processed/006_S_6291/I989656/I989656_synthseg_1.5mm.nii.gz,581458.0,496.0,1657.0,10325.0,2724.0,42554.0,13358.0,183089.0,166989.0,131109.0,933.0,3435.0,513.0,9273.0,1409.0,4228.0,5431.0,289.0,3646.0
/mnt/aix22308/data/ADNI_delta_lfm/processed/007_S_0068/I129050/I129050_synthseg_1.5mm.nii.gz,587353.0,445.0,1485.0,8047.0,2848.0,41123.0,12538.0,186801.0,155571.0,145914.0,605.0,3353.0,668.0,14116.0,1271.0,4126.0,4717.0,644.0,3081.0
/mnt/aix22308/data/ADNI_delta_lfm/processed/007_S_0068/I164313/I164313_synthseg_1.5mm.nii.gz,588638.0,450.0,1505.0,7860.0,2912.0,39650.0,12366.0,184927.0,158380.0,147151.0,630.0,3229.0,708.0,14973.0,1302.0,4117.0,4715.0,669.0,3094.0
/mnt/aix22308/data/ADNI_delta_lfm/processed/007_S_0068/I17285/I17285_synthseg_1.5mm.nii.gz,588113.0,464.0,1458.0,7981.0,2880.0,40785.0,12773.0,186514.0,159296.0,145173.0,601.0,3263.0,609.0,12520.0,1282.0,4094.0,4706.0,583.0,3131.0
/mnt/aix22308/data/ADNI_delta_lfm/processed/007_S_0068/I30847/I30847_synthseg_1.5mm.nii.gz,590033.0,454.0,1450.0,8075.0,2821.0,40709.0,12579.0,191246.0,158604.0,142550.0,600.0,3387.0,612.0,12983.0,1267.0,4151.0,4768.0,598.0,3179.0
/mnt/aix22308/data/ADNI_delta_lfm/processed/007_S_0068/I85162/I85162_synthseg_1.5mm.nii.gz,586669.0,450.0,1481.0,7908.0,2865.0,39503.0,12180.0,189514.0,156401.0,144070.0,585.0,3371.0,641.0,13749.0,1273.0,4182.0,4703.0,637.0,3156.0
/mnt/aix22308/data/ADNI_delta_lfm/processed/007_S_0068/I9113/I9113_synthseg_1.5mm.nii.gz,588805.0,462.0,1512.0,8010.0,2902.0,40166.0,12389.0,190138.0,160413.0,141553.0,571.0,3355.0,618.0,12636.0,1283.0,4211.0,4814.0,589.0,3183.0
/mnt/aix22308/data/ADNI_delta_lfm/processed/007_S_0128/I10007/I10007_synthseg_1.5mm.nii.gz,592423.0,426.0,1257.0,8783.0,2917.0,37112.0,12378.0,186141.0,159612.0,152366.0,710.0,3253.0,642.0,11291.0,1386.0,4625.0,5483.0,631.0,3410.0
/mnt/aix22308/data/ADNI_delta_lfm/processed/007_S_0128/I135877/I135877_synthseg_1.5mm.nii.gz,589104.0,399.0,1091.0,8601.0,2720.0,35751.0,12121.0,175320.0,158108.0,160457.0,687.0,2850.0,896.0,14971.0,1349.0,4464.0,5375.0,749.0,3195.0
/mnt/aix22308/data/ADNI_delta_lfm/processed/007_S_0128/I166756/I166756_synthseg_1.5mm.nii.gz,587862.0,358.0,1078.0,8555.0,2794.0,35308.0,12239.0,171947.0,149706.0,169889.0,745.0,2800.0,1023.0,16213.0,1359.0,4318.0,5397.0,831.0,3302.0
/mnt/aix22308/data/ADNI_delta_lfm/processed/007_S_0128/I20609/I20609_synthseg_1.5mm.nii.gz,589504.0,401.0,1248.0,8431.0,2885.0,35325.0,12011.0,184344.0,158167.0,154898.0,715.0,3065.0,705.0,12084.0,1335.0,4534.0,5376.0,668.0,3312.0
/mnt/aix22308/data/ADNI_delta_lfm/processed/007_S_0128/I40471/I40471_synthseg_1.5mm.nii.gz,587954.0,411.0,1237.0,8430.0,2878.0,35480.0,12034.0,182855.0,156354.0,156216.0,693.0,3045.0,691.0,12170.0,1399.0,4587.0,5399.0,687.0,3388.0
/mnt/aix22308/data/ADNI_delta_lfm/processed/007_S_0128/I69885/I69885_synthseg_1.5mm.nii.gz,588380.0,408.0,1206.0,8446.0,2943.0,35177.0,11853.0,183116.0,157251.0,155575.0,691.0,3066.0,715.0,12508.0,1329.0,4576.0,5465.0,680.0,3375.0
/mnt/aix22308/data/ADNI_delta_lfm/processed/007_S_0128/I89862/I89862_synthseg_1.5mm.nii.gz,589508.0,406.0,1166.0,8533.0,2824.0,36091.0,12174.0,179000.0,154649.0,161576.0,732.0,2990.0,783.0,13186.0,1366.0,4501.0,5458.0,731.0,3342.0
/mnt/aix22308/data/ADNI_delta_lfm/processed/007_S_4516/I326392/I326392_synthseg_1.5mm.nii.gz,597556.0,451.0,1377.0,7768.0,2572.0,40823.0,11238.0,194134.0,157634.0,151375.0,911.0,3092.0,589.0,12772.0,1223.0,3521.0,4618.0,627.0,2831.0
/mnt/aix22308/data/ADNI_delta_lfm/processed/007_S_4516/I366169/I366169_synthseg_1.5mm.nii.gz,596891.0,473.0,1387.0,7771.0,2546.0,39720.0,11293.0,191123.0,157330.0,154654.0,924.0,3100.0,617.0,13162.0,1176.0,3543.0,4573.0,639.0,2860.0
/mnt/aix22308/data/ADNI_delta_lfm/processed/007_S_4516/I414510/I414510_synthseg_1.5mm.nii.gz,592075.0,417.0,1426.0,7668.0,2546.0,40084.0,11126.0,188974.0,154247.0,154807.0,937.0,2959.0,634.0,13740.0,1150.0,3437.0,4466.0,660.0,2797.0
/mnt/aix22308/data/ADNI_delta_lfm/processed/007_S_4516/I631787/I631787_synthseg_1.5mm.nii.gz,597994.0,439.0,1363.0,7746.0,2531.0,40321.0,11128.0,190962.0,153302.0,157935.0,926.0,2950.0,689.0,14975.0,1183.0,3521.0,4532.0,695.0,2796.0
/mnt/aix22308/data/ADNI_delta_lfm/processed/007_S_4911/I364997/I364997_synthseg_1.5mm.nii.gz,582249.0,338.0,1104.0,8116.0,3515.0,37514.0,10778.0,165419.0,151255.0,136977.0,1096.0,2780.0,1869.0,46998.0,1408.0,4049.0,4833.0,1074.0,3126.0
/mnt/aix22308/data/ADNI_delta_lfm/processed/007_S_4911/I393420/I393420_synthseg_1.5mm.nii.gz,579802.0,328.0,1107.0,7722.0,3702.0,35846.0,10239.0,166788.0,149392.0,136998.0,1097.0,2648.0,1920.0,47893.0,1330.0,4044.0,4614.0,1045.0,3089.0
/mnt/aix22308/data/ADNI_delta_lfm/processed/007_S_5265/I1060894/I1060894_synthseg_1.5mm.nii.gz,596668.0,355.0,1323.0,8190.0,3115.0,41611.0,11454.0,178974.0,147776.0,155456.0,1354.0,2842.0,1019.0,29324.0,1186.0,3900.0,4680.0,960.0,3149.0
/mnt/aix22308/data/ADNI_delta_lfm/processed/007_S_5265/I1228309/I1228309_synthseg_1.5mm.nii.gz,593854.0,353.0,1248.0,8275.0,3091.0,41494.0,11208.0,176771.0,144781.0,157753.0,1353.0,2718.0,1111.0,29754.0,1226.0,3847.0,4854.0,981.0,3036.0
/mnt/aix22308/data/ADNI_delta_lfm/processed/007_S_5265/I1494071/I1494071_synthseg_1.5mm.nii.gz,589280.0,350.0,1221.0,8058.0,2913.0,40966.0,11025.0,169849.0,141610.0,161810.0,1371.0,2631.0,1258.0,32463.0,1222.0,3707.0,4762.0,1049.0,3015.0
/mnt/aix22308/data/ADNI_delta_lfm/processed/007_S_5265/I1676798/I1676798_synthseg_1.5mm.nii.gz,590346.0,346.0,1199.0,8186.0,2862.0,41194.0,11125.0,168722.0,141687.0,165131.0,1310.0,2548.0,1203.0,31180.0,1179.0,3727.0,4671.0,993.0,3083.0
/mnt/aix22308/data/ADNI_delta_lfm/processed/007_S_5265/I680913/I680913_synthseg_1.5mm.nii.gz,575573.0,350.0,1333.0,7843.0,2985.0,41066.0,11201.0,180963.0,143468.0,143247.0,1241.0,2863.0,894.0,24950.0,1191.0,3750.0,4483.0,867.0,2878.0
/mnt/aix22308/data/ADNI_delta_lfm/processed/007_S_5265/I905391/I905391_synthseg_1.5mm.nii.gz,595676.0,379.0,1337.0,8096.0,3161.0,42108.0,11415.0,182745.0,146765.0,151591.0,1320.0,2899.0,968.0,28803.0,1242.0,3902.0,4853.0,962.0,3130.0
/mnt/aix22308/data/ADNI_delta_lfm/processed/009_S_4741/I310556/I310556_synthseg_1.5mm.nii.gz,592533.0,358.0,1042.0,8624.0,3055.0,40106.0,10990.0,175766.0,158518.0,148832.0,758.0,1818.0,1385.0,28614.0,1248.0,3372.0,4593.0,664.0,2790.0
/mnt/aix22308/data/ADNI_delta_lfm/processed/009_S_4741/I355121/I355121_synthseg_1.5mm.nii.gz,588773.0,372.0,1132.0,8376.0,2845.0,38624.0,10616.0,177071.0,158834.0,150580.0,731.0,1877.0,1053.0,24015.0,1221.0,3392.0,4676.0,576.0,2782.0
/mnt/aix22308/data/ADNI_delta_lfm/processed/009_S_4741/I382492/I382492_synthseg_1.5mm.nii.gz,595252.0,424.0,1181.0,8599.0,2785.0,39348.0,10300.0,181596.0,160408.0,151689.0,706.0,1827.0,972.0,22593.0,1278.0,3551.0,4626.0,526.0,2843.0
/mnt/aix22308/data/ADNI_delta_lfm/processed/009_S_4741/I435699/I435699_synthseg_1.5mm.nii.gz,586921.0,391.0,1079.0,8513.0,2683.0,38880.0,10607.0,177135.0,158310.0,151007.0,659.0,1827.0,1111.0,22417.0,1227.0,3286.0,4416.0,554.0,2819.0
/mnt/aix22308/data/ADNI_delta_lfm/processed/009_S_4741/I776972/I776972_synthseg_1.5mm.nii.gz,586177.0,347.0,952.0,8387.0,3076.0,36229.0,10623.0,171182.0,152613.0,159614.0,886.0,1700.0,1390.0,27262.0,1182.0,3196.0,4309.0,679.0,2550.0
/mnt/aix22308/data/ADNI_delta_lfm/processed/009_S_4903/I367630/I367630_synthseg_1.5mm.nii.gz,602184.0,398.0,936.0,7700.0,2992.0,42556.0,11184.0,189964.0,151883.0,156581.0,1017.0,2302.0,1184.0,19950.0,1180.0,3376.0,5253.0,866.0,2862.0
/mnt/aix22308/data/ADNI_delta_lfm/processed/009_S_4903/I395914/I395914_synthseg_1.5mm.nii.gz,602217.0,399.0,871.0,7205.0,3234.0,40299.0,10923.0,192894.0,155119.0,152906.0,980.0,2207.0,1186.0,20238.0,1244.0,3610.0,5349.0,841.0,2712.0
/mnt/aix22308/data/ADNI_delta_lfm/processed/009_S_5000/I378885/I378885_synthseg_1.5mm.nii.gz,596197.0,396.0,1145.0,7365.0,3664.0,41048.0,10343.0,180807.0,151440.0,149202.0,1131.0,2515.0,1203.0,32214.0,1250.0,3658.0,4633.0,1171.0,3012.0
/mnt/aix22308/data/ADNI_delta_lfm/processed/009_S_5000/I399531/I399531_synthseg_1.5mm.nii.gz,599329.0,413.0,1220.0,7306.0,3904.0,39639.0,9809.0,182913.0,152848.0,151136.0,1067.0,2501.0,1198.0,31531.0,1301.0,3704.0,4722.0,1152.0,2965.0
/mnt/aix22308/data/ADNI_delta_lfm/processed/009_S_5000/I460685/I460685_synthseg_1.5mm.nii.gz,597598.0,406.0,1189.0,7239.0,3856.0,39612.0,9883.0,179902.0,150350.0,152043.0,1100.0,2452.0,1276.0,34468.0,1246.0,3729.0,4646.0,1168.0,3033.0
/mnt/aix22308/data/ADNI_delta_lfm/processed/010_S_0419/I110490/I110490_synthseg_1.5mm.nii.gz,590129.0,466.0,1328.0,7797.0,2809.0,38341.0,11030.0,191600.0,160962.0,144955.0,878.0,4134.0,619.0,11335.0,1090.0,3713.0,5033.0,792.0,3247.0
/mnt/aix22308/data/ADNI_delta_lfm/processed/010_S_0419/I1170023/I1170023_synthseg_1.5mm.nii.gz,583395.0,414.0,1336.0,7507.0,2671.0,37655.0,10456.0,185221.0,153917.0,150088.0,913.0,3839.0,813.0,15174.0,1125.0,3458.0,4749.0,1029.0,3030.0
/mnt/aix22308/data/ADNI_delta_lfm/processed/010_S_0419/I146625/I146625_synthseg_1.5mm.nii.gz,591209.0,469.0,1340.0,7792.0,2800.0,37917.0,10842.0,191927.0,161778.0,145172.0,891.0,4104.0,607.0,11634.0,1082.0,3710.0,5011.0,797.0,3336.0
/mnt/aix22308/data/ADNI_delta_lfm/processed/010_S_0419/I15416/I15416_synthseg_1.5mm.nii.gz,589949.0,488.0,1377.0,7729.0,2816.0,38814.0,10822.0,191590.0,160996.0,145457.0,870.0,4088.0,579.0,10405.0,1110.0,3729.0,5076.0,729.0,3274.0
/mnt/aix22308/data/ADNI_delta_lfm/processed/010_S_0419/I184213/I184213_synthseg_1.5mm.nii.gz,592340.0,468.0,1354.0,7815.0,2855.0,38600.0,10830.0,191908.0,160711.0,146192.0,890.0,4132.0,615.0,11993.0,1092.0,3734.0,4969.0,839.0,3343.0
/mnt/aix22308/data/ADNI_delta_lfm/processed/010_S_0419/I245344/I245344_synthseg_1.5mm.nii.gz,590622.0,465.0,1354.0,7815.0,2878.0,38609.0,10673.0,192672.0,159880.0,144417.0,871.0,4092.0,584.0,12209.0,1143.0,3823.0,4992.0,836.0,3309.0
/mnt/aix22308/data/ADNI_delta_lfm/processed/010_S_0419/I330225/I330225_synthseg_1.5mm.nii.gz,592371.0,456.0,1328.0,7809.0,2857.0,38043.0,10856.0,188720.0,159526.0,149897.0,904.0,4060.0,652.0,13184.0,1168.0,3755.0,5046.0,896.0,3214.0
/mnt/aix22308/data/ADNI_delta_lfm/processed/010_S_0419/I33340/I33340_synthseg_1.5mm.nii.gz,592790.0,476.0,1385.0,7874.0,2843.0,39121.0,10816.0,194055.0,162528.0,143270.0,886.0,4153.0,636.0,10790.0,1070.0,3781.0,5089.0,753.0,3264.0
/mnt/aix22308/data/ADNI_delta_lfm/processed/010_S_0419/I387480/I387480_synthseg_1.5mm.nii.gz,591733.0,428.0,1339.0,7742.0,2805.0,37654.0,10592.0,187817.0,156531.0,153948.0,936.0,3998.0,689.0,13439.0,1126.0,3635.0,4944.0,933.0,3177.0
/mnt/aix22308/data/ADNI_delta_lfm/processed/010_S_0419/I57862/I57862_synthseg_1.5mm.nii.gz,591691.0,460.0,1378.0,7828.0,2834.0,38441.0,10878.0,190469.0,160337.0,148899.0,871.0,4150.0,604.0,10655.0,1148.0,3777.0,5023.0,749.0,3190.0
/mnt/aix22308/data/ADNI_delta_lfm/processed/010_S_0419/I742519/I742519_synthseg_1.5mm.nii.gz,594522.0,460.0,1315.0,7718.0,2802.0,37894.0,10453.0,189640.0,157654.0,153412.0,934.0,3941.0,692.0,13654.0,1150.0,3687.0,5023.0,928.0,3165.0
/mnt/aix22308/data/ADNI_delta_lfm/processed/010_S_0420/I118195/I118195_synthseg_1.5mm.nii.gz,610075.0,520.0,1503.0,9196.0,2977.0,43644.0,13542.0,197345.0,165868.0,148066.0,962.0,3380.0,470.0,9167.0,1170.0,3667.0,4839.0,516.0,3243.0
/mnt/aix22308/data/ADNI_delta_lfm/processed/010_S_0420/I154490/I154490_synthseg_1.5mm.nii.gz,603830.0,508.0,1480.0,9015.0,2812.0,43163.0,13559.0,191452.0,164551.0,149942.0,981.0,3228.0,510.0,9516.0,1131.0,3541.0,4690.0,533.0,3218.0
/mnt/aix22308/data/ADNI_delta_lfm/processed/010_S_0420/I277708/I277708_synthseg_1.5mm.nii.gz,600864.0,502.0,1453.0,8940.0,2855.0,42515.0,13448.0,191714.0,161386.0,149925.0,964.0,3131.0,511.0,10195.0,1075.0,3569.0,4880.0,588.0,3213.0
/mnt/aix22308/data/ADNI_delta_lfm/processed/010_S_0420/I350647/I350647_synthseg_1.5mm.nii.gz,611997.0,497.0,1495.0,9142.0,2914.0,44070.0,13809.0,195222.0,162248.0,153967.0,1016.0,3167.0,519.0,10605.0,1128.0,3625.0,4737.0,606.0,3230.0
/mnt/aix22308/data/ADNI_delta_lfm/processed/010_S_0420/I389992/I389992_synthseg_1.5mm.nii.gz,609352.0,528.0,1425.0,9014.0,2833.0,43228.0,13454.0,192037.0,160677.0,157292.0,1037.0,3038.0,559.0,10995.0,1190.0,3526.0,4735.0,632.0,3152.0
/mnt/aix22308/data/ADNI_delta_lfm/processed/010_S_0420/I44679/I44679_synthseg_1.5mm.nii.gz,607555.0,543.0,1570.0,9339.0,2887.0,44070.0,13809.0,197418.0,167237.0,143514.0,911.0,3406.0,477.0,8785.0,1170.0,3681.0,4932.0,508.0,3298.0
/mnt/aix22308/data/ADNI_delta_lfm/processed/010_S_0904/I125827/I125827_synthseg_1.5mm.nii.gz,601519.0,481.0,1307.0,6996.0,3094.0,37802.0,9146.0,193607.0,160507.0,148725.0,837.0,2858.0,1575.0,21325.0,1102.0,3885.0,4766.0,715.0,2791.0
/mnt/aix22308/data/ADNI_delta_lfm/processed/010_S_0904/I134949/I134949_synthseg_1.5mm.nii.gz,601483.0,494.0,1319.0,6976.0,3108.0,37864.0,9157.0,193167.0,160095.0,148538.0,849.0,2844.0,1756.0,22198.0,1076.0,3842.0,4670.0,728.0,2802.0
/mnt/aix22308/data/ADNI_delta_lfm/processed/010_S_0904/I32500/I32500_synthseg_1.5mm.nii.gz,606620.0,495.0,1339.0,7137.0,3091.0,38880.0,9537.0,197044.0,162862.0,147387.0,830.0,2990.0,1424.0,20230.0,1149.0,3892.0,4771.0,701.0,2861.0
/mnt/aix22308/data/ADNI_delta_lfm/processed/010_S_0904/I56773/I56773_synthseg_1.5mm.nii.gz,601384.0,534.0,1379.0,7101.0,3185.0,38663.0,9578.0,194003.0,166850.0,140930.0,840.0,3005.0,1411.0,20405.0,1183.0,3945.0,4784.0,709.0,2879.0
/mnt/aix22308/data/ADNI_delta_lfm/processed/010_S_4345/I337395/I337395_synthseg_1.5mm.nii.gz,602823.0,432.0,1471.0,9461.0,2924.0,46914.0,14064.0,193619.0,159184.0,142442.0,1015.0,3860.0,532.0,12301.0,1209.0,3830.0,5208.0,787.0,3570.0
/mnt/aix22308/data/ADNI_delta_lfm/processed/010_S_4345/I363621/I363621_synthseg_1.5mm.nii.gz,601607.0,400.0,1413.0,9421.0,2918.0,46782.0,14144.0,193024.0,158721.0,142550.0,992.0,3782.0,535.0,12327.0,1217.0,3802.0,5258.0,811.0,3510.0
/mnt/aix22308/data/ADNI_delta_lfm/processed/010_S_4345/I416762/I416762_synthseg_1.5mm.nii.gz,597077.0,366.0,1328.0,9177.0,2861.0,45517.0,13990.0,187175.0,155212.0,149652.0,1012.0,3628.0,583.0,12602.0,1154.0,3619.0,4962.0,814.0,3425.0
/mnt/aix22308/data/ADNI_delta_lfm/processed/010_S_4345/I662487/I662487_synthseg_1.5mm.nii.gz,583129.0,373.0,1320.0,8834.0,2786.0,44662.0,13292.0,180592.0,148637.0,150309.0,1015.0,3474.0,611.0,13711.0,1157.0,3507.0,4757.0,831.0,3261.0
/mnt/aix22308/data/ADNI_delta_lfm/processed/011_S_0362/I103555/I103555_synthseg_1.5mm.nii.gz,591108.0,418.0,1020.0,9595.0,3208.0,38459.0,12192.0,182392.0,167744.0,146708.0,759.0,2148.0,718.0,11017.0,1395.0,4107.0,5608.0,452.0,3168.0
/mnt/aix22308/data/ADNI_delta_lfm/processed/011_S_0362/I12762/I12762_synthseg_1.5mm.nii.gz,582454.0,448.0,1136.0,9330.0,3164.0,38727.0,12078.0,180230.0,169327.0,140296.0,738.0,2468.0,491.0,9291.0,1342.0,4212.0,5551.0,384.0,3241.0
/mnt/aix22308/data/ADNI_delta_lfm/processed/011_S_0362/I141285/I141285_synthseg_1.5mm.nii.gz,583860.0,410.0,954.0,9525.0,3098.0,37747.0,12105.0,177488.0,163585.0,148996.0,794.0,1937.0,775.0,11988.0,1369.0,3995.0,5486.0,482.0,3126.0
/mnt/aix22308/data/ADNI_delta_lfm/processed/011_S_0362/I176623/I176623_synthseg_1.5mm.nii.gz,588794.0,394.0,902.0,9413.0,3024.0,36814.0,11750.0,175834.0,162941.0,155923.0,774.0,1817.0,933.0,13774.0,1414.0,3883.0,5527.0,563.0,3114.0
/mnt/aix22308/data/ADNI_delta_lfm/processed/011_S_0362/I193571/I193571_synthseg_1.5mm.nii.gz,584587.0,444.0,1015.0,9543.0,3183.0,38827.0,11865.0,178268.0,165287.0,147517.0,757.0,2221.0,643.0,10579.0,1379.0,4039.0,5460.0,432.0,3128.0
/mnt/aix22308/data/ADNI_delta_lfm/processed/011_S_0362/I27197/I27197_synthseg_1.5mm.nii.gz,588038.0,435.0,1123.0,9501.0,3230.0,38549.0,12266.0,182428.0,169207.0,143532.0,703.0,2414.0,534.0,9581.0,1327.0,4122.0,5509.0,383.0,3194.0
/mnt/aix22308/data/ADNI_delta_lfm/processed/011_S_0362/I49201/I49201_synthseg_1.5mm.nii.gz,582347.0,451.0,1098.0,9464.0,3191.0,38027.0,12370.0,178565.0,165907.0,144631.0,744.0,2265.0,590.0,10540.0,1407.0,4101.0,5320.0,414.0,3262.0
/mnt/aix22308/data/ADNI_delta_lfm/processed/012_S_1292/I118358/I118358_synthseg_1.5mm.nii.gz,593936.0,373.0,1055.0,7666.0,2446.0,38577.0,11871.0,171849.0,163701.0,156569.0,602.0,2247.0,1341.0,22659.0,1130.0,2926.0,5172.0,749.0,3003.0
/mnt/aix22308/data/ADNI_delta_lfm/processed/012_S_1292/I42570/I42570_synthseg_1.5mm.nii.gz,593403.0,428.0,1266.0,7788.0,2488.0,39517.0,11517.0,173720.0,163076.0,157460.0,541.0,2435.0,993.0,18876.0,1096.0,3229.0,5187.0,678.0,3108.0
/mnt/aix22308/data/ADNI_delta_lfm/processed/012_S_1292/I73438/I73438_synthseg_1.5mm.nii.gz,594294.0,414.0,1234.0,7755.0,2447.0,39437.0,11391.0,173182.0,163087.0,157725.0,547.0,2387.0,1071.0,20135.0,1157.0,3164.0,5295.0,713.0,3153.0
/mnt/aix22308/data/ADNI_delta_lfm/processed/012_S_1292/I99885/I99885_synthseg_1.5mm.nii.gz,589584.0,413.0,1178.0,7715.0,2452.0,38155.0,11590.0,171834.0,160912.0,156771.0,559.0,2290.0,1194.0,21125.0,1136.0,3137.0,5264.0,727.0,3132.0
/mnt/aix22308/data/ADNI_delta_lfm/processed/013_S_0860/I24925/I24925_synthseg_1.5mm.nii.gz,580255.0,348.0,821.0,7072.0,2549.0,39236.0,11477.0,167306.0,144504.0,169747.0,738.0,2341.0,1713.0,19981.0,1116.0,3404.0,4354.0,840.0,2708.0
/mnt/aix22308/data/ADNI_delta_lfm/processed/013_S_0860/I49127/I49127_synthseg_1.5mm.nii.gz,584562.0,364.0,823.0,7167.0,2521.0,38776.0,11542.0,166157.0,150528.0,168762.0,789.0,2311.0,1813.0,20430.0,1130.0,3559.0,4329.0,842.0,2719.0
/mnt/aix22308/data/ADNI_delta_lfm/processed/013_S_0860/I75383/I75383_synthseg_1.5mm.nii.gz,579471.0,359.0,772.0,7132.0,2542.0,39213.0,11442.0,162491.0,147693.0,169659.0,750.0,2221.0,1959.0,21017.0,1129.0,3433.0,4202.0,867.0,2590.0
/mnt/aix22308/data/ADNI_delta_lfm/processed/014_S_0169/I10987/I10987_synthseg_1.5mm.nii.gz,581679.0,442.0,1518.0,7129.0,2665.0,34902.0,10918.0,174360.0,162479.0,153540.0,1181.0,3243.0,517.0,15499.0,1230.0,3558.0,4634.0,869.0,2995.0
/mnt/aix22308/data/ADNI_delta_lfm/processed/014_S_0169/I136784/I136784_synthseg_1.5mm.nii.gz,584810.0,390.0,1396.0,7035.0,2817.0,34582.0,10461.0,174696.0,156595.0,161306.0,1159.0,3007.0,541.0,17645.0,1134.0,3441.0,4587.0,954.0,3064.0
/mnt/aix22308/data/ADNI_delta_lfm/processed/014_S_0169/I165780/I165780_synthseg_1.5mm.nii.gz,589515.0,352.0,1381.0,7131.0,2831.0,34556.0,10492.0,175522.0,157983.0,162533.0,1184.0,2970.0,641.0,18827.0,1121.0,3353.0,4523.0,1015.0,3100.0
/mnt/aix22308/data/ADNI_delta_lfm/processed/014_S_0169/I222650/I222650_synthseg_1.5mm.nii.gz,589806.0,395.0,1334.0,7050.0,2880.0,34858.0,10604.0,175600.0,157846.0,161805.0,1199.0,2897.0,654.0,19471.0,1143.0,3402.0,4611.0,1041.0,3016.0
/mnt/aix22308/data/ADNI_delta_lfm/processed/014_S_0169/I23365/I23365_synthseg_1.5mm.nii.gz,586555.0,433.0,1552.0,7220.0,2767.0,35400.0,10741.0,179537.0,160520.0,154508.0,1130.0,3231.0,503.0,15677.0,1190.0,3555.0,4646.0,896.0,3049.0
/mnt/aix22308/data/ADNI_delta_lfm/processed/014_S_0169/I283787/I283787_synthseg_1.5mm.nii.gz,591861.0,401.0,1353.0,7064.0,2985.0,35063.0,10717.0,177585.0,159388.0,159621.0,1162.0,2866.0,682.0,19750.0,1203.0,3525.0,4414.0,1049.0,3033.0
/mnt/aix22308/data/ADNI_delta_lfm/processed/014_S_0169/I41480/I41480_synthseg_1.5mm.nii.gz,585163.0,391.0,1393.0,7136.0,2793.0,35277.0,10657.0,179927.0,159468.0,153799.0,1159.0,3031.0,520.0,16380.0,1157.0,3445.0,4671.0,927.0,3032.0
/mnt/aix22308/data/ADNI_delta_lfm/processed/014_S_0169/I71120/I71120_synthseg_1.5mm.nii.gz,587370.0,405.0,1388.0,7236.0,2832.0,35424.0,10833.0,179801.0,159799.0,155080.0,1133.0,2995.0,520.0,16690.0,1146.0,3467.0,4676.0,934.0,3011.0
/mnt/aix22308/data/ADNI_delta_lfm/processed/014_S_0169/I93895/I93895_synthseg_1.5mm.nii.gz,588332.0,416.0,1512.0,7123.0,2877.0,34916.0,10747.0,179216.0,159714.0,156539.0,1155.0,3158.0,536.0,17075.0,1164.0,3492.0,4688.0,954.0,3050.0
/mnt/aix22308/data/ADNI_delta_lfm/processed/014_S_0558/I112894/I112894_synthseg_1.5mm.nii.gz,578817.0,368.0,1129.0,7939.0,2503.0,40485.0,11633.0,172273.0,153258.0,152577.0,1307.0,2543.0,1310.0,18852.0,1107.0,3304.0,4651.0,729.0,2849.0
/mnt/aix22308/data/ADNI_delta_lfm/processed/014_S_0558/I148261/I148261_synthseg_1.5mm.nii.gz,585155.0,360.0,1090.0,7894.0,2555.0,40307.0,11686.0,173507.0,154816.0,154727.0,1350.0,2487.0,1453.0,20208.0,1095.0,3285.0,4703.0,778.0,2854.0
/mnt/aix22308/data/ADNI_delta_lfm/processed/014_S_0558/I17400/I17400_synthseg_1.5mm.nii.gz,582424.0,368.0,1124.0,8022.0,2443.0,41354.0,11654.0,171040.0,157758.0,153868.0,1231.0,2540.0,1054.0,17313.0,1098.0,3330.0,4645.0,685.0,2897.0
/mnt/aix22308/data/ADNI_delta_lfm/processed/014_S_0558/I36344/I36344_synthseg_1.5mm.nii.gz,584093.0,367.0,1175.0,8041.0,2410.0,41246.0,11754.0,170593.0,160005.0,153126.0,1274.0,2495.0,1163.0,17774.0,1100.0,3273.0,4691.0,716.0,2890.0
/mnt/aix22308/data/ADNI_delta_lfm/processed/014_S_0558/I60877/I60877_synthseg_1.5mm.nii.gz,584551.0,363.0,1125.0,8045.0,2384.0,40942.0,11586.0,171012.0,157547.0,155260.0,1285.0,2430.0,1261.0,18591.0,1067.0,3377.0,4692.0,725.0,2859.0
/mnt/aix22308/data/ADNI_delta_lfm/processed/014_S_4615/I339612/I339612_synthseg_1.5mm.nii.gz,592896.0,347.0,1051.0,8254.0,2899.0,40101.0,11510.0,173439.0,151110.0,163036.0,634.0,2168.0,1826.0,23185.0,1193.0,3659.0,4536.0,1035.0,2913.0
/mnt/aix22308/data/ADNI_delta_lfm/processed/014_S_4615/I366568/I366568_synthseg_1.5mm.nii.gz,594178.0,360.0,1026.0,8103.0,2938.0,39225.0,11089.0,176030.0,147252.0,166237.0,634.0,2161.0,1931.0,23840.0,1257.0,3578.0,4510.0,1101.0,2906.0
/mnt/aix22308/data/ADNI_delta_lfm/processed/018_S_0286/I106245/I106245_synthseg_1.5mm.nii.gz,589772.0,344.0,1134.0,8568.0,3018.0,40334.0,11670.0,172329.0,151876.0,150646.0,1015.0,2449.0,2629.0,30552.0,1240.0,3523.0,4551.0,1031.0,2863.0
/mnt/aix22308/data/ADNI_delta_lfm/processed/018_S_0286/I12384/I12384_synthseg_1.5mm.nii.gz,589728.0,393.0,1282.0,8733.0,2963.0,41044.0,11735.0,179470.0,154473.0,145384.0,975.0,2560.0,1832.0,25529.0,1258.0,3632.0,4639.0,871.0,2955.0
/mnt/aix22308/data/ADNI_delta_lfm/processed/018_S_0286/I29882/I29882_synthseg_1.5mm.nii.gz,589396.0,387.0,1245.0,8572.0,2974.0,40660.0,11736.0,178273.0,153414.0,146575.0,975.0,2571.0,2050.0,26426.0,1273.0,3654.0,4745.0,909.0,2957.0
/mnt/aix22308/data/ADNI_delta_lfm/processed/018_S_0286/I54435/I54435_synthseg_1.5mm.nii.gz,592469.0,373.0,1247.0,8736.0,2966.0,41071.0,11669.0,178742.0,153948.0,148061.0,992.0,2565.0,2084.0,26466.0,1283.0,3716.0,4756.0,897.0,2897.0
/mnt/aix22308/data/ADNI_delta_lfm/processed/019_S_4293/I1011352/I1011352_synthseg_1.5mm.nii.gz,617323.0,396.0,1468.0,9267.0,3148.0,40682.0,12702.0,189547.0,160407.0,165972.0,889.0,3322.0,681.0,14117.0,1238.0,4180.0,5235.0,792.0,3280.0
/mnt/aix22308/data/ADNI_delta_lfm/processed/019_S_4293/I302666/I302666_synthseg_1.5mm.nii.gz,614912.0,440.0,1469.0,9436.0,3203.0,42395.0,13018.0,193882.0,169253.0,151725.0,787.0,3497.0,495.0,10206.0,1252.0,4366.0,5476.0,608.0,3404.0
/mnt/aix22308/data/ADNI_delta_lfm/processed/019_S_4293/I343303/I343303_synthseg_1.5mm.nii.gz,616430.0,434.0,1452.0,9429.0,3177.0,41694.0,13000.0,193090.0,168752.0,154648.0,838.0,3424.0,546.0,10931.0,1215.0,4337.0,5414.0,654.0,3395.0
/mnt/aix22308/data/ADNI_delta_lfm/processed/019_S_4293/I415189/I415189_synthseg_1.5mm.nii.gz,615769.0,425.0,1436.0,9366.0,3147.0,41061.0,12989.0,190166.0,166981.0,159270.0,834.0,3412.0,548.0,11304.0,1223.0,4269.0,5349.0,680.0,3309.0
/mnt/aix22308/data/ADNI_delta_lfm/processed/019_S_4293/I531781/I531781_synthseg_1.5mm.nii.gz,612024.0,418.0,1390.0,9296.0,3162.0,40466.0,13016.0,187855.0,163461.0,161007.0,829.0,3356.0,619.0,12350.0,1218.0,4224.0,5276.0,711.0,3370.0
/mnt/aix22308/data/ADNI_delta_lfm/processed/019_S_4293/I860224/I860224_synthseg_1.5mm.nii.gz,617650.0,429.0,1476.0,9280.0,3237.0,41208.0,12623.0,190537.0,162487.0,163712.0,818.0,3369.0,645.0,12952.0,1240.0,4313.0,5293.0,746.0,3285.0
/mnt/aix22308/data/ADNI_delta_lfm/processed/019_S_4367/I1167902/I1167902_synthseg_1.5mm.nii.gz,623781.0,500.0,1503.0,9169.0,3682.0,45016.0,14422.0,197031.0,189222.0,133731.0,1028.0,3414.0,391.0,9154.0,1458.0,4475.0,5866.0,267.0,3452.0
/mnt/aix22308/data/ADNI_delta_lfm/processed/019_S_4367/I306125/I306125_synthseg_1.5mm.nii.gz,624868.0,514.0,1488.0,9211.0,3622.0,45657.0,14833.0,199347.0,195875.0,126541.0,991.0,3564.0,448.0,7234.0,1397.0,4510.0,6021.0,194.0,3421.0
/mnt/aix22308/data/ADNI_delta_lfm/processed/019_S_4367/I347158/I347158_synthseg_1.5mm.nii.gz,621030.0,513.0,1525.0,9200.0,3627.0,45803.0,14727.0,199956.0,194928.0,123069.0,980.0,3609.0,432.0,7110.0,1447.0,4403.0,6062.0,189.0,3450.0
/mnt/aix22308/data/ADNI_delta_lfm/processed/019_S_4367/I401656/I401656_synthseg_1.5mm.nii.gz,622461.0,507.0,1498.0,9110.0,3654.0,45196.0,14716.0,199611.0,194369.0,126009.0,971.0,3549.0,437.0,7276.0,1457.0,4444.0,6047.0,207.0,3403.0
/mnt/aix22308/data/ADNI_delta_lfm/processed/019_S_4367/I569603/I569603_synthseg_1.5mm.nii.gz,620532.0,523.0,1502.0,9010.0,3563.0,44728.0,14643.0,197768.0,192427.0,128290.0,991.0,3477.0,433.0,7855.0,1445.0,4407.0,5852.0,221.0,3397.0
/mnt/aix22308/data/ADNI_delta_lfm/processed/019_S_4367/I854572/I854572_synthseg_1.5mm.nii.gz,619749.0,497.0,1523.0,9075.0,3645.0,45019.0,14449.0,198126.0,189984.0,128785.0,1004.0,3503.0,389.0,8264.0,1419.0,4502.0,5908.0,214.0,3443.0
/mnt/aix22308/data/ADNI_delta_lfm/processed/019_S_6757/I10260261/I10260261_synthseg_1.5mm.nii.gz,612571.0,442.0,1407.0,8502.0,2973.0,38924.0,11888.0,203726.0,169346.0,144659.0,875.0,3092.0,457.0,13518.0,1136.0,3394.0,5082.0,353.0,2797.0
/mnt/aix22308/data/ADNI_delta_lfm/processed/019_S_6757/I1177672/I1177672_synthseg_1.5mm.nii.gz,612825.0,467.0,1445.0,8543.0,3055.0,40869.0,11994.0,208770.0,177146.0,133313.0,781.0,3387.0,368.0,9322.0,1225.0,3630.0,5242.0,204.0,3064.0
/mnt/aix22308/data/ADNI_delta_lfm/processed/019_S_6757/I1328418/I1328418_synthseg_1.5mm.nii.gz,620727.0,473.0,1431.0,8623.0,3013.0,40658.0,12227.0,208605.0,177698.0,137834.0,894.0,3335.0,399.0,12204.0,1206.0,3560.0,5310.0,292.0,2965.0
/mnt/aix22308/data/ADNI_delta_lfm/processed/019_S_6757/I1461242/I1461242_synthseg_1.5mm.nii.gz,613896.0,473.0,1430.0,8562.0,3055.0,39805.0,12247.0,208264.0,173014.0,137497.0,843.0,3346.0,387.0,11793.0,1185.0,3573.0,5186.0,290.0,2946.0
/mnt/aix22308/data/ADNI_delta_lfm/processed/019_S_6757/I1603795/I1603795_synthseg_1.5mm.nii.gz,612498.0,451.0,1430.0,8533.0,3068.0,39163.0,12087.0,206047.0,171492.0,139908.0,855.0,3233.0,426.0,12625.0,1173.0,3512.0,5248.0,320.0,2927.0
/mnt/aix22308/data/ADNI_delta_lfm/processed/020_S_6227/I11559419/I11559419_synthseg_1.5mm.nii.gz,599127.0,464.0,1710.0,8966.0,2990.0,43304.0,13513.0,189146.0,176692.0,136354.0,1027.0,3622.0,329.0,6373.0,1375.0,4279.0,5389.0,228.0,3366.0
/mnt/aix22308/data/ADNI_delta_lfm/processed/020_S_6227/I1332407/I1332407_synthseg_1.5mm.nii.gz,602393.0,470.0,1693.0,9035.0,3073.0,45170.0,13154.0,200466.0,178142.0,125389.0,977.0,3656.0,306.0,5908.0,1355.0,4402.0,5563.0,190.0,3444.0
/mnt/aix22308/data/ADNI_delta_lfm/processed/020_S_6227/I966268/I966268_synthseg_1.5mm.nii.gz,592041.0,446.0,1679.0,8871.0,3045.0,44670.0,12910.0,196133.0,175252.0,123725.0,971.0,3599.0,316.0,5604.0,1343.0,4343.0,5481.0,189.0,3464.0
/mnt/aix22308/data/ADNI_delta_lfm/processed/021_S_4276/I10292147/I10292147_synthseg_1.5mm.nii.gz,588185.0,550.0,1186.0,8761.0,3365.0,43154.0,13085.0,185472.0,161578.0,136745.0,764.0,2861.0,935.0,15588.0,1149.0,4108.0,5243.0,668.0,2973.0
/mnt/aix22308/data/ADNI_delta_lfm/processed/021_S_4276/I11491175/I11491175_synthseg_1.5mm.nii.gz,586044.0,513.0,1187.0,8687.0,3251.0,42690.0,12790.0,183700.0,160902.0,137258.0,784.0,2708.0,991.0,16525.0,1134.0,4117.0,5157.0,696.0,2954.0
/mnt/aix22308/data/ADNI_delta_lfm/processed/021_S_4276/I1154746/I1154746_synthseg_1.5mm.nii.gz,582171.0,535.0,1162.0,8804.0,3145.0,42969.0,12658.0,182092.0,160265.0,138864.0,754.0,2931.0,800.0,13486.0,1152.0,3944.0,4997.0,612.0,3001.0
/mnt/aix22308/data/ADNI_delta_lfm/processed/021_S_4276/I1430775/I1430775_synthseg_1.5mm.nii.gz,585186.0,566.0,1216.0,8835.0,3235.0,42755.0,13012.0,185289.0,162637.0,135222.0,767.0,2895.0,788.0,13930.0,1184.0,4080.0,5127.0,618.0,3030.0
/mnt/aix22308/data/ADNI_delta_lfm/processed/021_S_4276/I303117/I303117_synthseg_1.5mm.nii.gz,584391.0,568.0,1305.0,8809.0,3318.0,43839.0,12844.0,185296.0,168048.0,130903.0,808.0,3135.0,609.0,10687.0,1237.0,4178.0,5173.0,496.0,3138.0
/mnt/aix22308/data/ADNI_delta_lfm/processed/021_S_4276/I341603/I341603_synthseg_1.5mm.nii.gz,578906.0,577.0,1331.0,8754.0,3329.0,43302.0,12566.0,185778.0,163662.0,130464.0,761.0,3078.0,590.0,10699.0,1223.0,4124.0,5084.0,520.0,3064.0
/mnt/aix22308/data/ADNI_delta_lfm/processed/021_S_4276/I395643/I395643_synthseg_1.5mm.nii.gz,585802.0,574.0,1208.0,8860.0,3272.0,43032.0,12655.0,186279.0,164572.0,134491.0,773.0,3053.0,714.0,12247.0,1221.0,4082.0,5132.0,563.0,3074.0
/mnt/aix22308/data/ADNI_delta_lfm/processed/021_S_4276/I529850/I529850_synthseg_1.5mm.nii.gz,585709.0,549.0,1207.0,8706.0,3269.0,42637.0,12678.0,185408.0,163160.0,136933.0,813.0,2979.0,738.0,12612.0,1185.0,4073.0,5090.0,593.0,3079.0
/mnt/aix22308/data/ADNI_delta_lfm/processed/021_S_4276/I838410/I838410_synthseg_1.5mm.nii.gz,585192.0,536.0,1243.0,8859.0,3239.0,42701.0,12732.0,185804.0,163519.0,134817.0,788.0,2956.0,798.0,13178.0,1082.0,4145.0,5060.0,597.0,3138.0
/mnt/aix22308/data/ADNI_delta_lfm/processed/021_S_4335/I303407/I303407_synthseg_1.5mm.nii.gz,610467.0,517.0,1410.0,8591.0,2888.0,45745.0,12780.0,206778.0,168172.0,137155.0,771.0,3585.0,383.0,8019.0,1313.0,3871.0,5046.0,318.0,3125.0
/mnt/aix22308/data/ADNI_delta_lfm/processed/021_S_4335/I346664/I346664_synthseg_1.5mm.nii.gz,608271.0,511.0,1357.0,8525.0,2820.0,45062.0,12736.0,202467.0,167558.0,141077.0,770.0,3514.0,389.0,8013.0,1293.0,3772.0,5003.0,317.0,3087.0
/mnt/aix22308/data/ADNI_delta_lfm/processed/021_S_4335/I397612/I397612_synthseg_1.5mm.nii.gz,613308.0,496.0,1406.0,8600.0,2912.0,45328.0,13168.0,205463.0,168657.0,140739.0,788.0,3592.0,372.0,8181.0,1316.0,3864.0,5022.0,337.0,3067.0
/mnt/aix22308/data/ADNI_delta_lfm/processed/021_S_4335/I547770/I547770_synthseg_1.5mm.nii.gz,603726.0,497.0,1410.0,8458.0,2780.0,44785.0,12837.0,198419.0,163481.0,144004.0,812.0,3493.0,368.0,9170.0,1256.0,3739.0,4850.0,365.0,3002.0
/mnt/aix22308/data/ADNI_delta_lfm/processed/021_S_4335/I860017/I860017_synthseg_1.5mm.nii.gz,610080.0,500.0,1382.0,8565.0,2791.0,45116.0,12837.0,200457.0,163585.0,146708.0,779.0,3395.0,412.0,10165.0,1271.0,3847.0,4893.0,392.0,2985.0
/mnt/aix22308/data/ADNI_delta_lfm/processed/021_S_5237/I1036103/I1036103_synthseg_1.5mm.nii.gz,593242.0,473.0,1078.0,8509.0,2634.0,43013.0,12819.0,183540.0,153093.0,152986.0,702.0,2453.0,1098.0,16814.0,1149.0,4273.0,4799.0,853.0,2956.0
/mnt/aix22308/data/ADNI_delta_lfm/processed/021_S_5237/I1193373/I1193373_synthseg_1.5mm.nii.gz,591459.0,469.0,1029.0,8441.0,2703.0,42984.0,12859.0,180656.0,153165.0,153161.0,752.0,2340.0,1225.0,17635.0,1127.0,4258.0,4812.0,873.0,2970.0
/mnt/aix22308/data/ADNI_delta_lfm/processed/021_S_5237/I1335952/I1335952_synthseg_1.5mm.nii.gz,593883.0,450.0,1000.0,8405.0,2677.0,42831.0,12941.0,180503.0,153184.0,154881.0,783.0,2232.0,1352.0,18652.0,1144.0,4233.0,4776.0,933.0,2906.0
/mnt/aix22308/data/ADNI_delta_lfm/processed/021_S_5237/I501945/I501945_synthseg_1.5mm.nii.gz,594006.0,510.0,1214.0,8435.0,2649.0,44682.0,12759.0,188009.0,154913.0,147788.0,672.0,2649.0,881.0,14705.0,1163.0,4379.0,4893.0,738.0,2967.0
/mnt/aix22308/data/ADNI_delta_lfm/processed/021_S_6940/I10298402/I10298402_synthseg_1.5mm.nii.gz,604833.0,500.0,1282.0,8194.0,2766.0,36954.0,13349.0,183023.0,166490.0,157809.0,680.0,2550.0,497.0,17275.0,1335.0,4161.0,4630.0,475.0,2863.0
/mnt/aix22308/data/ADNI_delta_lfm/processed/021_S_6940/I1441119/I1441119_synthseg_1.5mm.nii.gz,599937.0,457.0,1240.0,8116.0,2714.0,37806.0,13393.0,182373.0,168761.0,153125.0,667.0,2620.0,410.0,14895.0,1377.0,4097.0,4535.0,418.0,2933.0
/mnt/aix22308/data/ADNI_delta_lfm/processed/022_S_0044/I16212/I16212_synthseg_1.5mm.nii.gz,568617.0,379.0,1000.0,6696.0,3263.0,38761.0,10830.0,173275.0,142801.0,153247.0,727.0,1997.0,1097.0,21896.0,1167.0,3982.0,4448.0,485.0,2566.0
/mnt/aix22308/data/ADNI_delta_lfm/processed/022_S_0044/I8441/I8441_synthseg_1.5mm.nii.gz,576369.0,390.0,1037.0,6676.0,3284.0,38495.0,10740.0,175168.0,146786.0,154579.0,761.0,2039.0,1134.0,22403.0,1178.0,4017.0,4533.0,504.0,2645.0
/mnt/aix22308/data/ADNI_delta_lfm/processed/022_S_0129/I10855/I10855_synthseg_1.5mm.nii.gz,591831.0,459.0,1063.0,8179.0,3047.0,40478.0,12196.0,175858.0,155069.0,158199.0,814.0,2351.0,1170.0,18723.0,1307.0,4022.0,5065.0,740.0,3091.0
/mnt/aix22308/data/ADNI_delta_lfm/processed/022_S_0129/I20629/I20629_synthseg_1.5mm.nii.gz,587267.0,466.0,1070.0,7975.0,3082.0,39558.0,11948.0,172625.0,153502.0,159974.0,771.0,2237.0,1111.0,18826.0,1308.0,4024.0,4972.0,730.0,3088.0
/mnt/aix22308/data/ADNI_delta_lfm/processed/022_S_0129/I43180/I43180_synthseg_1.5mm.nii.gz,586050.0,449.0,1022.0,7902.0,3068.0,39367.0,11606.0,171281.0,151523.0,161592.0,777.0,2158.0,1247.0,20036.0,1290.0,4040.0,4854.0,776.0,3062.0
/mnt/aix22308/data/ADNI_delta_lfm/processed/022_S_0129/I90796/I90796_synthseg_1.5mm.nii.gz,588098.0,451.0,1018.0,7824.0,3137.0,38934.0,11816.0,171363.0,152067.0,162091.0,775.0,2065.0,1342.0,21223.0,1313.0,4034.0,4788.0,812.0,3045.0
/mnt/aix22308/data/ADNI_delta_lfm/processed/022_S_0130/I10252/I10252_synthseg_1.5mm.nii.gz,594197.0,452.0,1471.0,8262.0,3406.0,39136.0,11299.0,197718.0,181703.0,123726.0,879.0,3131.0,368.0,8051.0,1240.0,4307.0,5328.0,523.0,3197.0
/mnt/aix22308/data/ADNI_delta_lfm/processed/022_S_0130/I137806/I137806_synthseg_1.5mm.nii.gz,591401.0,432.0,1447.0,8125.0,3316.0,37583.0,10952.0,191282.0,175657.0,133181.0,981.0,2935.0,528.0,10543.0,1293.0,4224.0,5123.0,726.0,3073.0
/mnt/aix22308/data/ADNI_delta_lfm/processed/022_S_0130/I169828/I169828_synthseg_1.5mm.nii.gz,592482.0,454.0,1494.0,8268.0,3392.0,38572.0,11261.0,194678.0,176382.0,129109.0,917.0,3073.0,424.0,9902.0,1272.0,4265.0,5213.0,676.0,3130.0
/mnt/aix22308/data/ADNI_delta_lfm/processed/022_S_0130/I20804/I20804_synthseg_1.5mm.nii.gz,594180.0,463.0,1432.0,8137.0,3409.0,37896.0,11346.0,196500.0,181268.0,126468.0,882.0,3103.0,402.0,8306.0,1288.0,4280.0,5328.0,538.0,3134.0
/mnt/aix22308/data/ADNI_delta_lfm/processed/022_S_0130/I229559/I229559_synthseg_1.5mm.nii.gz,596095.0,443.0,1500.0,8406.0,3370.0,40296.0,12184.0,189404.0,180208.0,130430.0,1049.0,3047.0,466.0,10833.0,1244.0,4252.0,5160.0,709.0,3094.0
/mnt/aix22308/data/ADNI_delta_lfm/processed/022_S_0130/I302989/I302989_synthseg_1.5mm.nii.gz,593492.0,440.0,1474.0,8244.0,3345.0,38494.0,11205.0,189697.0,175317.0,135435.0,918.0,2975.0,455.0,11018.0,1274.0,4244.0,5166.0,714.0,3077.0
/mnt/aix22308/data/ADNI_delta_lfm/processed/022_S_0130/I43254/I43254_synthseg_1.5mm.nii.gz,595584.0,462.0,1453.0,8238.0,3364.0,38346.0,11316.0,196142.0,180496.0,127858.0,897.0,3067.0,418.0,8878.0,1259.0,4295.0,5331.0,604.0,3160.0
/mnt/aix22308/data/ADNI_delta_lfm/processed/022_S_0130/I90222/I90222_synthseg_1.5mm.nii.gz,593639.0,471.0,1514.0,8212.0,3373.0,39214.0,11295.0,195228.0,178534.0,127935.0,898.0,3096.0,396.0,8928.0,1281.0,4300.0,5280.0,598.0,3086.0
/mnt/aix22308/data/ADNI_delta_lfm/processed/022_S_4173/I294191/I294191_synthseg_1.5mm.nii.gz,604798.0,577.0,1283.0,8164.0,3184.0,46929.0,12295.0,200140.0,162487.0,141086.0,890.0,3403.0,556.0,8919.0,1218.0,4521.0,5335.0,611.0,3200.0
/mnt/aix22308/data/ADNI_delta_lfm/processed/022_S_4173/I336766/I336766_synthseg_1.5mm.nii.gz,605319.0,574.0,1230.0,8148.0,3165.0,47428.0,12584.0,198235.0,162523.0,143009.0,858.0,3401.0,549.0,8873.0,1223.0,4549.0,5221.0,624.0,3125.0
/mnt/aix22308/data/ADNI_delta_lfm/processed/022_S_4173/I393439/I393439_synthseg_1.5mm.nii.gz,606171.0,539.0,1224.0,8133.0,3121.0,46740.0,12457.0,199104.0,161605.0,144255.0,895.0,3369.0,620.0,9364.0,1190.0,4458.0,5318.0,658.0,3121.0
/mnt/aix22308/data/ADNI_delta_lfm/processed/022_S_4173/I650361/I650361_synthseg_1.5mm.nii.gz,594485.0,516.0,1126.0,7863.0,3030.0,45123.0,11767.0,191700.0,154544.0,149111.0,910.0,3071.0,749.0,10645.0,1176.0,4316.0,5126.0,712.0,3000.0
/mnt/aix22308/data/ADNI_delta_lfm/processed/022_S_6847/I1283754/I1283754_synthseg_1.5mm.nii.gz,591302.0,489.0,1616.0,7416.0,3288.0,37191.0,9840.0,197349.0,162470.0,137428.0,1123.0,3042.0,486.0,14976.0,1327.0,4147.0,5304.0,822.0,2988.0
/mnt/aix22308/data/ADNI_delta_lfm/processed/022_S_6847/I1611682/I1611682_synthseg_1.5mm.nii.gz,592168.0,477.0,1604.0,7255.0,3394.0,35900.0,10140.0,190560.0,161556.0,145510.0,1170.0,2959.0,543.0,16580.0,1315.0,4109.0,5178.0,881.0,3037.0
/mnt/aix22308/data/ADNI_delta_lfm/processed/023_S_0031/I1158135/I1158135_synthseg_1.5mm.nii.gz,595662.0,487.0,1253.0,7041.0,3796.0,39020.0,9565.0,183574.0,159270.0,152416.0,1319.0,2799.0,948.0,18671.0,1497.0,5059.0,5144.0,864.0,2939.0
/mnt/aix22308/data/ADNI_delta_lfm/processed/023_S_0031/I129040/I129040_synthseg_1.5mm.nii.gz,587555.0,525.0,1324.0,7218.0,3369.0,39480.0,10607.0,187727.0,159797.0,144947.0,1160.0,3078.0,647.0,13083.0,1413.0,4704.0,4958.0,663.0,2855.0
/mnt/aix22308/data/ADNI_delta_lfm/processed/023_S_0031/I13535/I13535_synthseg_1.5mm.nii.gz,593057.0,531.0,1413.0,7425.0,3462.0,40382.0,10977.0,191017.0,162763.0,142967.0,1155.0,3186.0,622.0,12422.0,1314.0,4801.0,4982.0,623.0,3015.0
/mnt/aix22308/data/ADNI_delta_lfm/processed/023_S_0031/I157584/I157584_synthseg_1.5mm.nii.gz,584429.0,501.0,1335.0,7108.0,3327.0,39508.0,10631.0,185542.0,158868.0,144662.0,1162.0,3017.0,673.0,13731.0,1281.0,4685.0,4830.0,670.0,2898.0
/mnt/aix22308/data/ADNI_delta_lfm/processed/023_S_0031/I207222/I207222_synthseg_1.5mm.nii.gz,582158.0,494.0,1294.0,7059.0,3231.0,38371.0,10214.0,182613.0,157646.0,147906.0,1228.0,2968.0,713.0,14047.0,1382.0,4686.0,4840.0,686.0,2780.0
/mnt/aix22308/data/ADNI_delta_lfm/processed/023_S_0031/I261879/I261879_synthseg_1.5mm.nii.gz,586730.0,498.0,1307.0,7165.0,3344.0,38782.0,10340.0,188834.0,158874.0,144014.0,1202.0,2977.0,701.0,14127.0,1360.0,4715.0,4947.0,684.0,2859.0
/mnt/aix22308/data/ADNI_delta_lfm/processed/023_S_0031/I28019/I28019_synthseg_1.5mm.nii.gz,591507.0,543.0,1332.0,7535.0,3464.0,41342.0,11126.0,187068.0,167152.0,140520.0,1097.0,3159.0,600.0,11929.0,1260.0,4808.0,4971.0,600.0,3001.0
/mnt/aix22308/data/ADNI_delta_lfm/processed/023_S_0031/I336528/I336528_synthseg_1.5mm.nii.gz,585420.0,507.0,1327.0,7152.0,3320.0,39133.0,10117.0,183982.0,157757.0,148429.0,1226.0,2958.0,664.0,14212.0,1392.0,4845.0,4907.0,690.0,2802.0
/mnt/aix22308/data/ADNI_delta_lfm/processed/023_S_0031/I395003/I395003_synthseg_1.5mm.nii.gz,581002.0,505.0,1237.0,7109.0,3308.0,38654.0,10066.0,182161.0,155581.0,148466.0,1229.0,2857.0,704.0,14793.0,1358.0,4672.0,4849.0,704.0,2749.0
/mnt/aix22308/data/ADNI_delta_lfm/processed/023_S_0031/I614783/I614783_synthseg_1.5mm.nii.gz,580131.0,484.0,1125.0,6980.0,3277.0,38129.0,9853.0,179925.0,155091.0,149697.0,1260.0,2680.0,868.0,16269.0,1350.0,4851.0,4770.0,754.0,2768.0
/mnt/aix22308/data/ADNI_delta_lfm/processed/023_S_0031/I7899/I7899_synthseg_1.5mm.nii.gz,587932.0,518.0,1376.0,7363.0,3420.0,40574.0,11034.0,191687.0,161021.0,139427.0,1119.0,3179.0,575.0,12005.0,1401.0,4726.0,5003.0,610.0,2894.0
/mnt/aix22308/data/ADNI_delta_lfm/processed/023_S_0031/I82191/I82191_synthseg_1.5mm.nii.gz,586738.0,535.0,1344.0,7233.0,3353.0,39521.0,10531.0,187953.0,159754.0,144131.0,1166.0,3089.0,667.0,13085.0,1274.0,4709.0,4899.0,673.0,2821.0
/mnt/aix22308/data/ADNI_delta_lfm/processed/023_S_0031/I987370/I987370_synthseg_1.5mm.nii.gz,592982.0,482.0,1234.0,7202.0,3635.0,39019.0,9547.0,186046.0,156228.0,150583.0,1285.0,2766.0,959.0,18577.0,1437.0,5069.0,5143.0,851.0,2919.0
/mnt/aix22308/data/ADNI_delta_lfm/processed/023_S_0042/I129443/I129443_synthseg_1.5mm.nii.gz,573570.0,385.0,1073.0,7165.0,2826.0,39595.0,11372.0,167339.0,156030.0,150067.0,803.0,1698.0,1778.0,21706.0,993.0,3259.0,3888.0,957.0,2636.0
/mnt/aix22308/data/ADNI_delta_lfm/processed/023_S_0042/I14532/I14532_synthseg_1.5mm.nii.gz,577767.0,363.0,1130.0,7397.0,2704.0,40396.0,12333.0,169562.0,160430.0,147444.0,792.0,1913.0,1502.0,19721.0,1029.0,3232.0,4245.0,866.0,2708.0
/mnt/aix22308/data/ADNI_delta_lfm/processed/023_S_0042/I168064/I168064_synthseg_1.5mm.nii.gz,569829.0,354.0,998.0,7025.0,2903.0,38515.0,11154.0,163266.0,154255.0,152068.0,840.0,1633.0,1972.0,23402.0,970.0,3122.0,3902.0,1013.0,2437.0
/mnt/aix22308/data/ADNI_delta_lfm/processed/023_S_0042/I227807/I227807_synthseg_1.5mm.nii.gz,575342.0,360.0,963.0,7139.0,2931.0,39438.0,11215.0,166819.0,154075.0,152294.0,801.0,1673.0,2058.0,24043.0,931.0,3215.0,3889.0,1044.0,2454.0
/mnt/aix22308/data/ADNI_delta_lfm/processed/023_S_0042/I275399/I275399_synthseg_1.5mm.nii.gz,571170.0,351.0,920.0,6998.0,2829.0,38604.0,11489.0,162019.0,154612.0,151434.0,839.0,1695.0,2190.0,25842.0,923.0,3145.0,3819.0,1072.0,2389.0
/mnt/aix22308/data/ADNI_delta_lfm/processed/023_S_0042/I29219/I29219_synthseg_1.5mm.nii.gz,577320.0,388.0,1096.0,7396.0,2763.0,40418.0,11963.0,170496.0,159034.0,147427.0,770.0,1884.0,1562.0,20167.0,1028.0,3257.0,4062.0,894.0,2715.0
/mnt/aix22308/data/ADNI_delta_lfm/processed/023_S_0042/I355997/I355997_synthseg_1.5mm.nii.gz,570527.0,332.0,887.0,6957.0,3028.0,38392.0,11002.0,162644.0,152877.0,150256.0,827.0,1746.0,2394.0,27780.0,911.0,3138.0,3832.0,1116.0,2408.0
/mnt/aix22308/data/ADNI_delta_lfm/processed/023_S_0042/I400077/I400077_synthseg_1.5mm.nii.gz,566275.0,302.0,786.0,6805.0,2954.0,37770.0,10673.0,158534.0,151477.0,151752.0,833.0,1741.0,2554.0,29081.0,876.0,3064.0,3714.0,1114.0,2245.0
/mnt/aix22308/data/ADNI_delta_lfm/processed/023_S_0042/I56431/I56431_synthseg_1.5mm.nii.gz,579268.0,393.0,1082.0,7358.0,2799.0,40859.0,11817.0,174207.0,157655.0,146565.0,787.0,1845.0,1620.0,20216.0,1026.0,3336.0,4091.0,892.0,2720.0
/mnt/aix22308/data/ADNI_delta_lfm/processed/023_S_0042/I8344/I8344_synthseg_1.5mm.nii.gz,579241.0,413.0,1153.0,7519.0,2774.0,41126.0,12104.0,170733.0,161550.0,146465.0,789.0,1969.0,1401.0,19078.0,1037.0,3349.0,4175.0,844.0,2762.0
/mnt/aix22308/data/ADNI_delta_lfm/processed/023_S_0042/I83994/I83994_synthseg_1.5mm.nii.gz,572112.0,403.0,1038.0,7143.0,2968.0,40018.0,11287.0,169570.0,157156.0,145497.0,791.0,1669.0,1680.0,21054.0,1039.0,3338.0,3854.0,887.0,2720.0
/mnt/aix22308/data/ADNI_delta_lfm/processed/023_S_0058/I129821/I129821_synthseg_1.5mm.nii.gz,578428.0,546.0,1449.0,8314.0,3426.0,42340.0,10672.0,184824.0,158635.0,137662.0,876.0,3300.0,582.0,11734.0,1304.0,4091.0,5172.0,348.0,3153.0
/mnt/aix22308/data/ADNI_delta_lfm/processed/023_S_0058/I168313/I168313_synthseg_1.5mm.nii.gz,578846.0,560.0,1378.0,8269.0,3291.0,41644.0,10775.0,184138.0,159299.0,138359.0,915.0,3274.0,608.0,12142.0,1290.0,4156.0,5221.0,372.0,3155.0
/mnt/aix22308/data/ADNI_delta_lfm/processed/023_S_0058/I16960/I16960_synthseg_1.5mm.nii.gz,586176.0,585.0,1490.0,8320.0,3526.0,43148.0,10291.0,193808.0,161310.0,133282.0,843.0,3454.0,511.0,10973.0,1351.0,4371.0,5408.0,374.0,3131.0
/mnt/aix22308/data/ADNI_delta_lfm/processed/023_S_0058/I229512/I229512_synthseg_1.5mm.nii.gz,575326.0,510.0,1420.0,8080.0,3383.0,40815.0,10566.0,181017.0,157018.0,141221.0,901.0,3278.0,594.0,12496.0,1281.0,4150.0,5251.0,366.0,2979.0
/mnt/aix22308/data/ADNI_delta_lfm/processed/023_S_0058/I294600/I294600_synthseg_1.5mm.nii.gz,579519.0,504.0,1415.0,8160.0,3321.0,41642.0,10412.0,185814.0,156539.0,139573.0,911.0,3318.0,640.0,13279.0,1253.0,4152.0,5182.0,374.0,3030.0
/mnt/aix22308/data/ADNI_delta_lfm/processed/023_S_0058/I33743/I33743_synthseg_1.5mm.nii.gz,573833.0,503.0,1405.0,8315.0,3331.0,42549.0,10840.0,185802.0,158291.0,133589.0,851.0,3337.0,519.0,10631.0,1229.0,4084.0,5169.0,308.0,3080.0
/mnt/aix22308/data/ADNI_delta_lfm/processed/023_S_0058/I400300/I400300_synthseg_1.5mm.nii.gz,578000.0,484.0,1452.0,8297.0,3454.0,40925.0,10391.0,181840.0,156773.0,140228.0,922.0,3211.0,741.0,15035.0,1310.0,4315.0,5088.0,410.0,3124.0
/mnt/aix22308/data/ADNI_delta_lfm/processed/023_S_0058/I84250/I84250_synthseg_1.5mm.nii.gz,582515.0,533.0,1425.0,8339.0,3366.0,42670.0,11148.0,186113.0,161334.0,136885.0,915.0,3416.0,567.0,11479.0,1332.0,4169.0,5316.0,356.0,3152.0
/mnt/aix22308/data/ADNI_delta_lfm/processed/023_S_0058/I9078/I9078_synthseg_1.5mm.nii.gz,585732.0,575.0,1482.0,8664.0,3430.0,44106.0,11320.0,190532.0,163847.0,131818.0,834.0,3447.0,503.0,10748.0,1311.0,4246.0,5338.0,320.0,3211.0
/mnt/aix22308/data/ADNI_delta_lfm/processed/023_S_0604/I114830/I114830_synthseg_1.5mm.nii.gz,583422.0,490.0,1335.0,7899.0,3560.0,36436.0,10272.0,178476.0,147240.0,149996.0,1027.0,2729.0,1466.0,28380.0,1346.0,4504.0,4652.0,689.0,2925.0
/mnt/aix22308/data/ADNI_delta_lfm/processed/023_S_0604/I148533/I148533_synthseg_1.5mm.nii.gz,583911.0,450.0,1282.0,7791.0,3540.0,35771.0,9998.0,175065.0,146247.0,153877.0,1024.0,2661.0,1670.0,30724.0,1282.0,4402.0,4551.0,725.0,2851.0
/mnt/aix22308/data/ADNI_delta_lfm/processed/023_S_0604/I16451/I16451_synthseg_1.5mm.nii.gz,587790.0,522.0,1349.0,8163.0,3572.0,38044.0,10549.0,182474.0,148740.0,148793.0,1019.0,2774.0,1228.0,26368.0,1368.0,4409.0,4749.0,715.0,2954.0
/mnt/aix22308/data/ADNI_delta_lfm/processed/023_S_0604/I32972/I32972_synthseg_1.5mm.nii.gz,588163.0,509.0,1456.0,7780.0,3650.0,37264.0,10020.0,182253.0,147067.0,151491.0,969.0,2801.0,1309.0,27031.0,1414.0,4567.0,4898.0,785.0,2899.0
/mnt/aix22308/data/ADNI_delta_lfm/processed/023_S_0604/I56614/I56614_synthseg_1.5mm.nii.gz,584989.0,484.0,1339.0,8020.0,3518.0,37275.0,10134.0,180833.0,147399.0,149051.0,1001.0,2761.0,1390.0,27601.0,1363.0,4466.0,4715.0,703.0,2936.0
/mnt/aix22308/data/ADNI_delta_lfm/processed/023_S_0604/I84641/I84641_synthseg_1.5mm.nii.gz,584724.0,477.0,1357.0,8002.0,3596.0,37537.0,10123.0,180573.0,147376.0,148781.0,979.0,2777.0,1409.0,27776.0,1357.0,4523.0,4698.0,421.0,2962.0
/mnt/aix22308/data/ADNI_delta_lfm/processed/023_S_1046/I107901/I107901_synthseg_1.5mm.nii.gz,594082.0,377.0,867.0,7977.0,3212.0,41327.0,10811.0,180703.0,160293.0,136633.0,1021.0,2451.0,2152.0,33384.0,1223.0,3333.0,4340.0,1211.0,2767.0
/mnt/aix22308/data/ADNI_delta_lfm/processed/023_S_1046/I134247/I134247_synthseg_1.5mm.nii.gz,592388.0,401.0,782.0,8088.0,3254.0,41096.0,11166.0,181067.0,160153.0,134106.0,1022.0,2406.0,2234.0,33902.0,1195.0,3282.0,4353.0,1196.0,2685.0
/mnt/aix22308/data/ADNI_delta_lfm/processed/023_S_1046/I158300/I158300_synthseg_1.5mm.nii.gz,589297.0,362.0,719.0,8093.0,3312.0,40712.0,10936.0,176908.0,156915.0,136571.0,1079.0,2329.0,2528.0,36416.0,1136.0,3224.0,4182.0,1188.0,2687.0
/mnt/aix22308/data/ADNI_delta_lfm/processed/023_S_1046/I217505/I217505_synthseg_1.5mm.nii.gz,592153.0,331.0,698.0,8138.0,3308.0,40516.0,10996.0,177171.0,155917.0,138244.0,1104.0,2418.0,2600.0,38637.0,1045.0,3067.0,4271.0,1146.0,2546.0
/mnt/aix22308/data/ADNI_delta_lfm/processed/023_S_1046/I274043/I274043_synthseg_1.5mm.nii.gz,588719.0,364.0,617.0,7844.0,3163.0,39908.0,10567.0,173127.0,153107.0,141385.0,1117.0,2408.0,2819.0,40572.0,1103.0,2964.0,4019.0,1136.0,2499.0
/mnt/aix22308/data/ADNI_delta_lfm/processed/023_S_1046/I29027/I29027_synthseg_1.5mm.nii.gz,596259.0,386.0,846.0,8452.0,3166.0,41767.0,11496.0,184137.0,164010.0,131216.0,993.0,2343.0,2187.0,32107.0,1204.0,3401.0,4340.0,1180.0,3028.0
/mnt/aix22308/data/ADNI_delta_lfm/processed/023_S_1046/I55383/I55383_synthseg_1.5mm.nii.gz,595257.0,398.0,913.0,7986.0,3213.0,41623.0,10948.0,180671.0,160078.0,138427.0,1004.0,2448.0,2064.0,32591.0,1197.0,3339.0,4313.0,1196.0,2848.0
/mnt/aix22308/data/ADNI_delta_lfm/processed/023_S_1046/I81058/I81058_synthseg_1.5mm.nii.gz,593082.0,386.0,808.0,8194.0,3184.0,41159.0,11283.0,181937.0,160033.0,134590.0,979.0,2354.0,2272.0,33174.0,1208.0,3274.0,4396.0,1188.0,2663.0
/mnt/aix22308/data/ADNI_delta_lfm/processed/023_S_1104/I29738/I29738_synthseg_1.5mm.nii.gz,601016.0,619.0,1375.0,9199.0,3661.0,48726.0,13663.0,200152.0,166775.0,131298.0,816.0,3214.0,368.0,6320.0,1381.0,4433.0,5460.0,274.0,3282.0
/mnt/aix22308/data/ADNI_delta_lfm/processed/023_S_1104/I56978/I56978_synthseg_1.5mm.nii.gz,592072.0,592.0,1262.0,8813.0,3579.0,49328.0,12942.0,203033.0,161590.0,126418.0,790.0,3261.0,336.0,5483.0,1337.0,4308.0,5473.0,248.0,3279.0
/mnt/aix22308/data/ADNI_delta_lfm/processed/023_S_4122/I308172/I308172_synthseg_1.5mm.nii.gz,615812.0,528.0,1450.0,7641.0,3773.0,41957.0,10828.0,211478.0,162620.0,144281.0,972.0,2772.0,439.0,13065.0,1376.0,4256.0,5050.0,481.0,2845.0
/mnt/aix22308/data/ADNI_delta_lfm/processed/023_S_4122/I362085/I362085_synthseg_1.5mm.nii.gz,612510.0,530.0,1398.0,7567.0,3696.0,41635.0,10259.0,205269.0,159853.0,150852.0,1001.0,2727.0,454.0,13571.0,1323.0,4176.0,4908.0,489.0,2802.0
/mnt/aix22308/data/ADNI_delta_lfm/processed/023_S_4122/I451520/I451520_synthseg_1.5mm.nii.gz,609659.0,532.0,1377.0,7603.0,3731.0,41174.0,10670.0,203848.0,158853.0,148275.0,1000.0,2631.0,604.0,15532.0,1326.0,4128.0,5062.0,534.0,2779.0
/mnt/aix22308/data/ADNI_delta_lfm/processed/023_S_6547/I1032282/I1032282_synthseg_1.5mm.nii.gz,591180.0,480.0,1416.0,7869.0,2624.0,41066.0,11873.0,191419.0,153742.0,147578.0,972.0,2990.0,442.0,15788.0,1145.0,3491.0,4738.0,698.0,2849.0
/mnt/aix22308/data/ADNI_delta_lfm/processed/023_S_6547/I11152569/I11152569_synthseg_1.5mm.nii.gz,595974.0,424.0,1357.0,7816.0,2703.0,40056.0,11654.0,186469.0,149855.0,157188.0,1102.0,2832.0,631.0,21005.0,1202.0,3493.0,4528.0,918.0,2741.0
/mnt/aix22308/data/ADNI_delta_lfm/processed/023_S_6547/I1623763/I1623763_synthseg_1.5mm.nii.gz,593250.0,434.0,1426.0,7906.0,2699.0,40520.0,11821.0,189586.0,152203.0,150476.0,1046.0,2907.0,548.0,18885.0,1116.0,3464.0,4607.0,823.0,2783.0
/mnt/aix22308/data/ADNI_delta_lfm/processed/024_S_6005/I1146857/I1146857_synthseg_1.5mm.nii.gz,607326.0,546.0,1372.0,7337.0,2585.0,42565.0,12531.0,200870.0,172486.0,141202.0,793.0,3273.0,449.0,7912.0,1244.0,3338.0,5267.0,464.0,3092.0
/mnt/aix22308/data/ADNI_delta_lfm/processed/024_S_6005/I1464695/I1464695_synthseg_1.5mm.nii.gz,601464.0,490.0,1363.0,7181.0,2475.0,42352.0,12279.0,194904.0,167066.0,147212.0,793.0,3150.0,455.0,8668.0,1181.0,3194.0,5149.0,500.0,3052.0
/mnt/aix22308/data/ADNI_delta_lfm/processed/024_S_6005/I828694/I828694_synthseg_1.5mm.nii.gz,617635.0,505.0,1386.0,7480.0,2625.0,43708.0,12725.0,203431.0,175641.0,144442.0,804.0,3338.0,452.0,7657.0,1308.0,3274.0,5300.0,444.0,3115.0
/mnt/aix22308/data/ADNI_delta_lfm/processed/027_S_0074/I1120324/I1120324_synthseg_1.5mm.nii.gz,585615.0,231.0,1201.0,7283.0,3038.0,37060.0,9421.0,181418.0,140068.0,148294.0,1344.0,2286.0,1056.0,41393.0,965.0,3077.0,4263.0,673.0,2544.0
/mnt/aix22308/data/ADNI_delta_lfm/processed/027_S_0074/I133523/I133523_synthseg_1.5mm.nii.gz,588539.0,269.0,1321.0,7524.0,2896.0,37126.0,10564.0,182975.0,148130.0,145879.0,1249.0,2436.0,789.0,35295.0,1033.0,3224.0,4589.0,617.0,2623.0
/mnt/aix22308/data/ADNI_delta_lfm/processed/027_S_0074/I1401760/I1401760_synthseg_1.5mm.nii.gz,584120.0,223.0,1239.0,7178.0,3191.0,36299.0,9465.0,180334.0,139290.0,148842.0,1365.0,2171.0,1125.0,42114.0,943.0,3156.0,4087.0,663.0,2435.0
/mnt/aix22308/data/ADNI_delta_lfm/processed/027_S_0074/I162251/I162251_synthseg_1.5mm.nii.gz,588202.0,282.0,1299.0,7499.0,2988.0,35935.0,10076.0,183568.0,147970.0,146733.0,1207.0,2402.0,773.0,35486.0,1032.0,3199.0,4553.0,611.0,2589.0
/mnt/aix22308/data/ADNI_delta_lfm/processed/027_S_0074/I18233/I18233_synthseg_1.5mm.nii.gz,590393.0,295.0,1326.0,7596.0,2869.0,36331.0,10709.0,186150.0,150830.0,143355.0,1218.0,2423.0,750.0,34304.0,1108.0,3296.0,4723.0,579.0,2531.0
/mnt/aix22308/data/ADNI_delta_lfm/processed/027_S_0074/I209535/I209535_synthseg_1.5mm.nii.gz,588021.0,282.0,1304.0,7468.0,3047.0,35425.0,10110.0,183499.0,147655.0,146609.0,1221.0,2370.0,783.0,36318.0,1058.0,3192.0,4528.0,615.0,2537.0
/mnt/aix22308/data/ADNI_delta_lfm/processed/027_S_0074/I275380/I275380_synthseg_1.5mm.nii.gz,590604.0,288.0,1271.0,7479.0,3115.0,36147.0,10106.0,184551.0,148086.0,146627.0,1266.0,2506.0,757.0,36641.0,1040.0,3193.0,4337.0,627.0,2567.0
/mnt/aix22308/data/ADNI_delta_lfm/processed/027_S_0074/I34644/I34644_synthseg_1.5mm.nii.gz,589371.0,285.0,1350.0,7548.0,2935.0,36004.0,10430.0,187759.0,149704.0,142777.0,1202.0,2451.0,704.0,34108.0,1066.0,3214.0,4637.0,592.0,2605.0
/mnt/aix22308/data/ADNI_delta_lfm/processed/027_S_0074/I352141/I352141_synthseg_1.5mm.nii.gz,586813.0,274.0,1261.0,7358.0,3123.0,34883.0,9753.0,181761.0,147442.0,147514.0,1244.0,2372.0,821.0,37300.0,1025.0,3192.0,4347.0,632.0,2511.0
/mnt/aix22308/data/ADNI_delta_lfm/processed/027_S_0074/I415543/I415543_synthseg_1.5mm.nii.gz,590940.0,274.0,1226.0,7341.0,3084.0,35928.0,10032.0,180933.0,146613.0,151189.0,1299.0,2383.0,819.0,38203.0,1014.0,3207.0,4286.0,639.0,2470.0
/mnt/aix22308/data/ADNI_delta_lfm/processed/027_S_0074/I473733/I473733_synthseg_1.5mm.nii.gz,589459.0,259.0,1227.0,7261.0,3175.0,34343.0,9706.0,181415.0,146029.0,150470.0,1325.0,2349.0,922.0,39537.0,988.0,3152.0,4170.0,633.0,2498.0
/mnt/aix22308/data/ADNI_delta_lfm/processed/027_S_0074/I86850/I86850_synthseg_1.5mm.nii.gz,590828.0,284.0,1288.0,7555.0,2992.0,36768.0,10618.0,183013.0,152177.0,145022.0,1206.0,2445.0,697.0,34596.0,1048.0,3267.0,4609.0,596.0,2647.0
/mnt/aix22308/data/ADNI_delta_lfm/processed/027_S_0074/I9487/I9487_synthseg_1.5mm.nii.gz,589419.0,296.0,1327.0,7597.0,2880.0,35251.0,10360.0,189138.0,151487.0,140386.0,1166.0,2489.0,716.0,34062.0,1072.0,3369.0,4595.0,575.0,2653.0
/mnt/aix22308/data/ADNI_delta_lfm/processed/027_S_0404/I105405/I105405_synthseg_1.5mm.nii.gz,560080.0,312.0,790.0,7121.0,2845.0,38042.0,10540.0,164067.0,140061.0,164095.0,1016.0,1923.0,1204.0,16212.0,1044.0,3077.0,4491.0,732.0,2508.0
/mnt/aix22308/data/ADNI_delta_lfm/processed/027_S_0404/I14392/I14392_synthseg_1.5mm.nii.gz,573204.0,333.0,893.0,7151.0,2962.0,38203.0,10656.0,170067.0,142304.0,167816.0,1081.0,2026.0,1121.0,16493.0,1067.0,3183.0,4541.0,735.0,2572.0
/mnt/aix22308/data/ADNI_delta_lfm/processed/027_S_0404/I30249/I30249_synthseg_1.5mm.nii.gz,579655.0,332.0,879.0,7238.0,2939.0,38441.0,10945.0,172083.0,145995.0,167735.0,1063.0,2100.0,1131.0,16510.0,1004.0,3195.0,4742.0,748.0,2575.0
/mnt/aix22308/data/ADNI_delta_lfm/processed/027_S_0404/I54056/I54056_synthseg_1.5mm.nii.gz,559563.0,319.0,833.0,7067.0,2906.0,37217.0,10418.0,165749.0,141703.0,161754.0,1000.0,1953.0,1085.0,15753.0,1032.0,3126.0,4459.0,692.0,2497.0
/mnt/aix22308/data/ADNI_delta_lfm/processed/027_S_0485/I14928/I14928_synthseg_1.5mm.nii.gz,584447.0,419.0,1333.0,7891.0,2987.0,39070.0,10802.0,181666.0,162259.0,142071.0,906.0,2976.0,722.0,17685.0,1339.0,3705.0,4844.0,640.0,3132.0
/mnt/aix22308/data/ADNI_delta_lfm/processed/027_S_0485/I30210/I30210_synthseg_1.5mm.nii.gz,585609.0,423.0,1348.0,7807.0,3146.0,38560.0,10725.0,181328.0,160722.0,145008.0,917.0,2947.0,774.0,18153.0,1333.0,3798.0,4859.0,649.0,3112.0
/mnt/aix22308/data/ADNI_delta_lfm/processed/027_S_0485/I55618/I55618_synthseg_1.5mm.nii.gz,581552.0,436.0,1318.0,7884.0,3153.0,38072.0,10750.0,179311.0,158473.0,145028.0,909.0,2880.0,794.0,18794.0,1255.0,3834.0,4747.0,670.0,3244.0
/mnt/aix22308/data/ADNI_delta_lfm/processed/027_S_0485/I80992/I80992_synthseg_1.5mm.nii.gz,579074.0,425.0,1373.0,8024.0,3036.0,39710.0,10927.0,176417.0,156337.0,145772.0,932.0,2999.0,770.0,18771.0,1297.0,3736.0,4747.0,665.0,3136.0
/mnt/aix22308/data/ADNI_delta_lfm/processed/027_S_2336/I262625/I262625_synthseg_1.5mm.nii.gz,595618.0,406.0,1415.0,7926.0,3065.0,39990.0,11824.0,194276.0,157423.0,146158.0,1263.0,3376.0,467.0,14354.0,1165.0,4402.0,4744.0,435.0,2929.0
/mnt/aix22308/data/ADNI_delta_lfm/processed/027_S_2336/I293862/I293862_synthseg_1.5mm.nii.gz,580408.0,402.0,1379.0,7383.0,2979.0,38199.0,11168.0,189062.0,151720.0,145390.0,1241.0,3248.0,502.0,14467.0,1132.0,4192.0,4616.0,440.0,2888.0
/mnt/aix22308/data/ADNI_delta_lfm/processed/027_S_2336/I369912/I369912_synthseg_1.5mm.nii.gz,570988.0,397.0,1335.0,7530.0,2917.0,38620.0,11051.0,182921.0,149298.0,144331.0,1222.0,3164.0,477.0,14733.0,1042.0,4040.0,4564.0,438.0,2908.0
/mnt/aix22308/data/ADNI_delta_lfm/processed/027_S_2336/I421708/I421708_synthseg_1.5mm.nii.gz,571108.0,374.0,1362.0,7271.0,2894.0,37943.0,10998.0,181995.0,146118.0,147681.0,1254.0,3028.0,585.0,16550.0,1037.0,4079.0,4531.0,490.0,2918.0
/mnt/aix22308/data/ADNI_delta_lfm/processed/027_S_2336/I486884/I486884_synthseg_1.5mm.nii.gz,575448.0,377.0,1291.0,7383.0,2910.0,38390.0,11061.0,179442.0,147349.0,151355.0,1225.0,3015.0,638.0,17939.0,1081.0,4054.0,4501.0,505.0,2932.0
/mnt/aix22308/data/ADNI_delta_lfm/processed/027_S_4964/I368490/I368490_synthseg_1.5mm.nii.gz,586729.0,378.0,991.0,6683.0,3016.0,42483.0,10224.0,180945.0,146850.0,156344.0,1466.0,1961.0,1578.0,20701.0,1177.0,3650.0,4363.0,1168.0,2751.0
/mnt/aix22308/data/ADNI_delta_lfm/processed/027_S_4964/I394005/I394005_synthseg_1.5mm.nii.gz,585476.0,375.0,945.0,6514.0,2991.0,41289.0,10086.0,177038.0,146758.0,159982.0,1458.0,1831.0,1687.0,21541.0,1195.0,3653.0,4240.0,1175.0,2718.0
/mnt/aix22308/data/ADNI_delta_lfm/processed/027_S_5169/I10955631/I10955631_synthseg_1.5mm.nii.gz,599080.0,515.0,1424.0,9012.0,2848.0,43078.0,11940.0,199673.0,168572.0,132264.0,899.0,3252.0,428.0,11179.0,1232.0,3943.0,5450.0,329.0,3042.0
/mnt/aix22308/data/ADNI_delta_lfm/processed/027_S_5169/I1214136/I1214136_synthseg_1.5mm.nii.gz,603439.0,555.0,1600.0,8985.0,2952.0,43963.0,11536.0,211367.0,169752.0,124001.0,841.0,3619.0,348.0,9528.0,1371.0,4054.0,5481.0,275.0,3211.0
/mnt/aix22308/data/ADNI_delta_lfm/processed/027_S_5169/I495956/I495956_synthseg_1.5mm.nii.gz,602405.0,536.0,1523.0,8950.0,2998.0,43958.0,11990.0,210419.0,174177.0,120758.0,794.0,3568.0,382.0,8003.0,1312.0,4119.0,5558.0,236.0,3124.0
/mnt/aix22308/data/ADNI_delta_lfm/processed/027_S_5288/I1251784/I1251784_synthseg_1.5mm.nii.gz,601333.0,346.0,1343.0,7793.0,3127.0,38621.0,10903.0,193845.0,153640.0,147873.0,1198.0,2910.0,1663.0,24035.0,1219.0,4169.0,4747.0,803.0,3098.0
/mnt/aix22308/data/ADNI_delta_lfm/processed/027_S_5288/I1504118/I1504118_synthseg_1.5mm.nii.gz,600470.0,363.0,1244.0,7829.0,3196.0,37696.0,11087.0,193139.0,153819.0,147219.0,1126.0,2792.0,1836.0,25121.0,1230.0,4109.0,4770.0,808.0,3086.0
/mnt/aix22308/data/ADNI_delta_lfm/processed/027_S_5288/I522467/I522467_synthseg_1.5mm.nii.gz,599060.0,407.0,1372.0,7897.0,2952.0,38516.0,11112.0,196980.0,157477.0,142929.0,1136.0,3122.0,1212.0,19833.0,1219.0,4239.0,4791.0,711.0,3155.0
/mnt/aix22308/data/ADNI_delta_lfm/processed/027_S_6643/I10887676/I10887676_synthseg_1.5mm.nii.gz,594559.0,567.0,1591.0,8830.0,3308.0,46959.0,13071.0,207387.0,168948.0,118538.0,982.0,4198.0,404.0,5723.0,1252.0,4251.0,5087.0,205.0,3258.0
/mnt/aix22308/data/ADNI_delta_lfm/processed/027_S_6643/I1100527/I1100527_synthseg_1.5mm.nii.gz,590420.0,560.0,1724.0,8851.0,3331.0,48335.0,12598.0,208569.0,168784.0,113208.0,925.0,4281.0,347.0,4764.0,1236.0,4218.0,5216.0,178.0,3295.0
/mnt/aix22308/data/ADNI_delta_lfm/processed/027_S_6643/I1283746/I1283746_synthseg_1.5mm.nii.gz,592879.0,566.0,1652.0,8820.0,3390.0,48224.0,12657.0,210505.0,170624.0,111804.0,942.0,4280.0,355.0,4677.0,1192.0,4299.0,5286.0,173.0,3433.0
/mnt/aix22308/data/ADNI_delta_lfm/processed/029_S_0845/I120668/I120668_synthseg_1.5mm.nii.gz,584815.0,255.0,895.0,7251.0,2761.0,36907.0,11051.0,158136.0,146324.0,163378.0,1522.0,1987.0,3224.0,39891.0,956.0,2853.0,3838.0,1138.0,2448.0
/mnt/aix22308/data/ADNI_delta_lfm/processed/029_S_0845/I157191/I157191_synthseg_1.5mm.nii.gz,584151.0,269.0,796.0,7254.0,2845.0,37597.0,11088.0,155295.0,146206.0,162144.0,1595.0,2145.0,3531.0,42540.0,887.0,2822.0,3648.0,1000.0,2489.0
/mnt/aix22308/data/ADNI_delta_lfm/processed/029_S_0845/I24249/I24249_synthseg_1.5mm.nii.gz,582192.0,270.0,1052.0,7411.0,2866.0,37950.0,10930.0,160455.0,145801.0,161463.0,1481.0,1976.0,2801.0,36160.0,946.0,2989.0,4017.0,1146.0,2478.0
/mnt/aix22308/data/ADNI_delta_lfm/processed/029_S_0845/I47780/I47780_synthseg_1.5mm.nii.gz,584790.0,284.0,963.0,7321.0,2687.0,37377.0,10978.0,158801.0,146466.0,163983.0,1505.0,1948.0,3014.0,38002.0,940.0,2901.0,3948.0,1164.0,2508.0
/mnt/aix22308/data/ADNI_delta_lfm/processed/029_S_0845/I74852/I74852_synthseg_1.5mm.nii.gz,588792.0,291.0,1033.0,7452.0,3044.0,38070.0,11248.0,161403.0,147301.0,162524.0,1543.0,2019.0,3016.0,38285.0,982.0,2946.0,3962.0,1130.0,2543.0
/mnt/aix22308/data/ADNI_delta_lfm/processed/029_S_4279/I316679/I316679_synthseg_1.5mm.nii.gz,584623.0,396.0,1436.0,6981.0,2706.0,34956.0,9075.0,190975.0,148692.0,154894.0,770.0,2923.0,895.0,17344.0,1021.0,3654.0,4463.0,764.0,2678.0
/mnt/aix22308/data/ADNI_delta_lfm/processed/029_S_4279/I356046/I356046_synthseg_1.5mm.nii.gz,583237.0,408.0,1403.0,7019.0,2744.0,35131.0,9040.0,191548.0,148049.0,153156.0,787.0,2961.0,860.0,17494.0,1002.0,3677.0,4482.0,773.0,2703.0
/mnt/aix22308/data/ADNI_delta_lfm/processed/031_S_0294/I12065/I12065_synthseg_1.5mm.nii.gz,590371.0,371.0,1192.0,6960.0,2435.0,31447.0,9915.0,171772.0,163102.0,169357.0,1132.0,2517.0,703.0,17591.0,1198.0,3411.0,3938.0,651.0,2679.0
/mnt/aix22308/data/ADNI_delta_lfm/processed/031_S_0294/I140388/I140388_synthseg_1.5mm.nii.gz,592090.0,333.0,1137.0,6858.0,2462.0,31488.0,9422.0,169618.0,157471.0,175831.0,1122.0,2523.0,833.0,21522.0,1024.0,3211.0,3825.0,749.0,2661.0
/mnt/aix22308/data/ADNI_delta_lfm/processed/031_S_0294/I25629/I25629_synthseg_1.5mm.nii.gz,595309.0,371.0,1172.0,6980.0,2450.0,31641.0,9695.0,174110.0,163787.0,171187.0,1129.0,2563.0,670.0,17568.0,1151.0,3438.0,3970.0,670.0,2757.0
/mnt/aix22308/data/ADNI_delta_lfm/processed/031_S_0294/I49057/I49057_synthseg_1.5mm.nii.gz,589018.0,389.0,1190.0,6818.0,2429.0,30892.0,9385.0,172267.0,160607.0,170642.0,1097.0,2556.0,697.0,18134.0,1181.0,3453.0,3929.0,681.0,2671.0
/mnt/aix22308/data/ADNI_delta_lfm/processed/031_S_0294/I75543/I75543_synthseg_1.5mm.nii.gz,592269.0,410.0,1144.0,6792.0,2418.0,30579.0,9508.0,172827.0,163105.0,171064.0,1074.0,2578.0,722.0,18221.0,1126.0,3357.0,3889.0,693.0,2762.0
/mnt/aix22308/data/ADNI_delta_lfm/processed/031_S_0294/I99822/I99822_synthseg_1.5mm.nii.gz,591160.0,362.0,1127.0,6863.0,2391.0,32295.0,9660.0,171650.0,160128.0,171714.0,1139.0,2568.0,772.0,18674.0,1108.0,3365.0,3877.0,697.0,2770.0
/mnt/aix22308/data/ADNI_delta_lfm/processed/031_S_0351/I103450/I103450_synthseg_1.5mm.nii.gz,600963.0,486.0,830.0,8537.0,2595.0,44236.0,12279.0,183654.0,170660.0,148117.0,1074.0,2341.0,631.0,12673.0,1242.0,3767.0,4441.0,489.0,2911.0
/mnt/aix22308/data/ADNI_delta_lfm/processed/031_S_0351/I13783/I13783_synthseg_1.5mm.nii.gz,597504.0,450.0,902.0,8649.0,2527.0,43673.0,12339.0,182158.0,170713.0,147681.0,1051.0,2385.0,601.0,11778.0,1203.0,3702.0,4377.0,458.0,2857.0
/mnt/aix22308/data/ADNI_delta_lfm/processed/031_S_0351/I142787/I142787_synthseg_1.5mm.nii.gz,596461.0,453.0,844.0,8493.0,2564.0,43566.0,11889.0,182162.0,167591.0,149692.0,1033.0,2280.0,631.0,12881.0,1173.0,3635.0,4343.0,499.0,2732.0
/mnt/aix22308/data/ADNI_delta_lfm/processed/031_S_0351/I28618/I28618_synthseg_1.5mm.nii.gz,600562.0,453.0,841.0,8553.0,2566.0,44145.0,12392.0,183004.0,171285.0,148745.0,1061.0,2333.0,621.0,11958.0,1203.0,3669.0,4426.0,473.0,2834.0
/mnt/aix22308/data/ADNI_delta_lfm/processed/031_S_0351/I54354/I54354_synthseg_1.5mm.nii.gz,601168.0,452.0,873.0,8666.0,2579.0,43912.0,12216.0,182553.0,170898.0,150070.0,1057.0,2363.0,613.0,12196.0,1261.0,3715.0,4450.0,479.0,2815.0
/mnt/aix22308/data/ADNI_delta_lfm/processed/031_S_0351/I81692/I81692_synthseg_1.5mm.nii.gz,602126.0,457.0,847.0,8603.0,2609.0,43030.0,12093.0,183242.0,171933.0,150479.0,1002.0,2320.0,623.0,12350.0,1204.0,3614.0,4407.0,471.0,2842.0
/mnt/aix22308/data/ADNI_delta_lfm/processed/031_S_0830/I118457/I118457_synthseg_1.5mm.nii.gz,594054.0,413.0,743.0,7681.0,2805.0,39199.0,11674.0,183083.0,163645.0,152558.0,674.0,2167.0,1690.0,14478.0,1180.0,3725.0,4733.0,712.0,2894.0
/mnt/aix22308/data/ADNI_delta_lfm/processed/031_S_0830/I155595/I155595_synthseg_1.5mm.nii.gz,597327.0,443.0,738.0,7493.0,2755.0,40633.0,11210.0,185768.0,160657.0,153209.0,704.0,2216.0,1897.0,16151.0,1228.0,3710.0,4759.0,851.0,2905.0
/mnt/aix22308/data/ADNI_delta_lfm/processed/031_S_0830/I24281/I24281_synthseg_1.5mm.nii.gz,602195.0,466.0,815.0,7884.0,2961.0,40329.0,11928.0,184853.0,171025.0,150472.0,659.0,2353.0,1624.0,13083.0,1309.0,4035.0,4800.0,633.0,2966.0
/mnt/aix22308/data/ADNI_delta_lfm/processed/031_S_0830/I257622/I257622_synthseg_1.5mm.nii.gz,600179.0,383.0,677.0,7683.0,2719.0,38943.0,11703.0,177495.0,163797.0,161257.0,721.0,2060.0,1985.0,17670.0,1155.0,3502.0,4692.0,884.0,2853.0
/mnt/aix22308/data/ADNI_delta_lfm/processed/031_S_0830/I48137/I48137_synthseg_1.5mm.nii.gz,600460.0,443.0,796.0,7703.0,2899.0,39653.0,11773.0,184769.0,168956.0,151647.0,626.0,2276.0,1677.0,13496.0,1298.0,3938.0,4802.0,677.0,3031.0
/mnt/aix22308/data/ADNI_delta_lfm/processed/031_S_0830/I73739/I73739_synthseg_1.5mm.nii.gz,598309.0,438.0,754.0,7546.0,2803.0,40715.0,11348.0,183251.0,165345.0,153965.0,672.0,2282.0,1702.0,13861.0,1270.0,3909.0,4821.0,737.0,2890.0
/mnt/aix22308/data/ADNI_delta_lfm/processed/031_S_0830/I99392/I99392_synthseg_1.5mm.nii.gz,593740.0,400.0,724.0,7828.0,2791.0,38921.0,11564.0,184047.0,165167.0,149958.0,661.0,2235.0,1772.0,14303.0,1232.0,3761.0,4716.0,712.0,2948.0
/mnt/aix22308/data/ADNI_delta_lfm/processed/031_S_4029/I265965/I265965_synthseg_1.5mm.nii.gz,599812.0,523.0,1429.0,7867.0,3085.0,34417.0,11260.0,200317.0,185021.0,129250.0,720.0,3289.0,444.0,8282.0,1231.0,4152.0,5147.0,290.0,3088.0
/mnt/aix22308/data/ADNI_delta_lfm/processed/031_S_4029/I305272/I305272_synthseg_1.5mm.nii.gz,598790.0,500.0,1463.0,7824.0,3081.0,34419.0,11622.0,198220.0,186071.0,128730.0,727.0,3248.0,444.0,8498.0,1186.0,4184.0,5191.0,269.0,3113.0
/mnt/aix22308/data/ADNI_delta_lfm/processed/031_S_4029/I368904/I368904_synthseg_1.5mm.nii.gz,601699.0,501.0,1407.0,7851.0,3082.0,35191.0,10929.0,205377.0,183325.0,127036.0,728.0,3244.0,438.0,8690.0,1234.0,4152.0,5052.0,283.0,3179.0
/mnt/aix22308/data/ADNI_delta_lfm/processed/033_S_4176/I11043981/I11043981_synthseg_1.5mm.nii.gz,580031.0,326.0,817.0,7563.0,2790.0,37437.0,10327.0,180297.0,156471.0,148278.0,929.0,2433.0,1655.0,18270.0,1056.0,3078.0,4497.0,689.0,3118.0
/mnt/aix22308/data/ADNI_delta_lfm/processed/033_S_4176/I1117701/I1117701_synthseg_1.5mm.nii.gz,584195.0,462.0,1131.0,7832.0,2845.0,38072.0,10719.0,187314.0,156880.0,145118.0,813.0,2741.0,1233.0,15839.0,1052.0,3551.0,4917.0,629.0,3047.0
/mnt/aix22308/data/ADNI_delta_lfm/processed/033_S_4176/I1285188/I1285188_synthseg_1.5mm.nii.gz,582113.0,449.0,1099.0,7798.0,2933.0,37088.0,10810.0,182126.0,156987.0,148563.0,893.0,2608.0,1313.0,16450.0,1000.0,3549.0,4828.0,642.0,2977.0
/mnt/aix22308/data/ADNI_delta_lfm/processed/033_S_4176/I287617/I287617_synthseg_1.5mm.nii.gz,594516.0,499.0,1422.0,8230.0,2768.0,39410.0,10717.0,189453.0,162892.0,148353.0,791.0,3255.0,655.0,12073.0,1188.0,3998.0,5204.0,478.0,3130.0
/mnt/aix22308/data/ADNI_delta_lfm/processed/033_S_4176/I332313/I332313_synthseg_1.5mm.nii.gz,595415.0,490.0,1378.0,8074.0,2755.0,38795.0,10772.0,191075.0,162193.0,148583.0,838.0,3232.0,736.0,12692.0,1148.0,3875.0,5167.0,512.0,3100.0
/mnt/aix22308/data/ADNI_delta_lfm/processed/033_S_4176/I388333/I388333_synthseg_1.5mm.nii.gz,595571.0,477.0,1400.0,8041.0,2843.0,38296.0,11091.0,192405.0,162272.0,146812.0,824.0,3232.0,763.0,13057.0,1209.0,3983.0,5230.0,514.0,3122.0
/mnt/aix22308/data/ADNI_delta_lfm/processed/033_S_4176/I598190/I598190_synthseg_1.5mm.nii.gz,593959.0,455.0,1306.0,8100.0,2886.0,38912.0,10639.0,187939.0,159551.0,152011.0,843.0,3046.0,861.0,13679.0,1137.0,3871.0,5074.0,529.0,3120.0
/mnt/aix22308/data/ADNI_delta_lfm/processed/033_S_4176/I955473/I955473_synthseg_1.5mm.nii.gz,590175.0,476.0,1146.0,7813.0,2839.0,37714.0,10652.0,182829.0,156001.0,155812.0,868.0,2725.0,1213.0,16629.0,1071.0,3653.0,4979.0,639.0,3116.0
/mnt/aix22308/data/ADNI_delta_lfm/processed/033_S_4179/I1281495/I1281495_synthseg_1.5mm.nii.gz,592349.0,427.0,1073.0,7448.0,3645.0,38105.0,10560.0,182549.0,157468.0,143339.0,844.0,2206.0,1643.0,29243.0,1152.0,3765.0,4927.0,963.0,2992.0
/mnt/aix22308/data/ADNI_delta_lfm/processed/033_S_4179/I287718/I287718_synthseg_1.5mm.nii.gz,590673.0,443.0,1340.0,7773.0,3220.0,39689.0,10783.0,187936.0,159982.0,138549.0,839.0,2788.0,1123.0,22456.0,1208.0,3752.0,4993.0,790.0,3009.0
/mnt/aix22308/data/ADNI_delta_lfm/processed/033_S_4179/I330801/I330801_synthseg_1.5mm.nii.gz,592945.0,463.0,1287.0,7714.0,3273.0,39094.0,10793.0,191183.0,159068.0,138481.0,833.0,2766.0,1132.0,22890.0,1213.0,3730.0,5129.0,806.0,3090.0
/mnt/aix22308/data/ADNI_delta_lfm/processed/033_S_4179/I390143/I390143_synthseg_1.5mm.nii.gz,594793.0,452.0,1304.0,7717.0,3336.0,39584.0,10713.0,192801.0,160061.0,136446.0,830.0,2783.0,1175.0,23457.0,1218.0,3814.0,5177.0,821.0,3104.0
/mnt/aix22308/data/ADNI_delta_lfm/processed/033_S_4179/I589764/I589764_synthseg_1.5mm.nii.gz,594355.0,430.0,1217.0,7660.0,3459.0,39348.0,10883.0,190323.0,158729.0,139206.0,828.0,2637.0,1263.0,24369.0,1178.0,3850.0,5046.0,850.0,3079.0
/mnt/aix22308/data/ADNI_delta_lfm/processed/033_S_4179/I957065/I957065_synthseg_1.5mm.nii.gz,590440.0,423.0,1188.0,7423.0,3523.0,38559.0,10387.0,186974.0,156498.0,140078.0,835.0,2366.0,1456.0,26924.0,1141.0,3663.0,5007.0,889.0,3106.0
/mnt/aix22308/data/ADNI_delta_lfm/processed/033_S_6572/I10332420/I10332420_synthseg_1.5mm.nii.gz,599429.0,507.0,1432.0,8730.0,3932.0,46034.0,13227.0,191108.0,166754.0,133871.0,923.0,3464.0,549.0,13941.0,1541.0,4300.0,5206.0,452.0,3458.0
/mnt/aix22308/data/ADNI_delta_lfm/processed/033_S_6572/I1045204/I1045204_synthseg_1.5mm.nii.gz,600019.0,547.0,1440.0,8641.0,4060.0,46530.0,13102.0,197778.0,173618.0,124574.0,899.0,3549.0,470.0,9841.0,1498.0,4403.0,5313.0,282.0,3474.0
/mnt/aix22308/data/ADNI_delta_lfm/processed/033_S_6572/I1233828/I1233828_synthseg_1.5mm.nii.gz,605884.0,539.0,1488.0,8668.0,4089.0,48418.0,13270.0,200867.0,174160.0,123930.0,901.0,3678.0,487.0,10270.0,1558.0,4439.0,5282.0,313.0,3527.0
/mnt/aix22308/data/ADNI_delta_lfm/processed/033_S_6572/I1345109/I1345109_synthseg_1.5mm.nii.gz,601029.0,512.0,1392.0,8582.0,4039.0,46763.0,13444.0,194856.0,172256.0,128222.0,905.0,3569.0,504.0,11108.0,1462.0,4376.0,5243.0,348.0,3448.0
/mnt/aix22308/data/ADNI_delta_lfm/processed/033_S_6572/I1637423/I1637423_synthseg_1.5mm.nii.gz,602592.0,529.0,1465.0,8699.0,4040.0,46308.0,13466.0,196517.0,170493.0,128690.0,903.0,3539.0,513.0,12431.0,1545.0,4395.0,5132.0,401.0,3526.0
/mnt/aix22308/data/ADNI_delta_lfm/processed/035_S_7121/I10932457/I10932457_synthseg_1.5mm.nii.gz,597783.0,547.0,1399.0,7832.0,3117.0,46801.0,11571.0,201357.0,159290.0,131608.0,632.0,2762.0,413.0,16995.0,1275.0,3929.0,4905.0,508.0,2842.0
/mnt/aix22308/data/ADNI_delta_lfm/processed/035_S_7121/I11149266/I11149266_synthseg_1.5mm.nii.gz,598713.0,527.0,1298.0,7836.0,3141.0,47203.0,11761.0,200602.0,159614.0,132070.0,596.0,2663.0,429.0,17450.0,1283.0,3913.0,4938.0,504.0,2885.0
/mnt/aix22308/data/ADNI_delta_lfm/processed/035_S_7121/I11617867/I11617867_synthseg_1.5mm.nii.gz,598946.0,514.0,1239.0,7756.0,3104.0,46700.0,11666.0,200095.0,158292.0,134261.0,647.0,2544.0,470.0,18280.0,1277.0,3814.0,4931.0,538.0,2818.0
/mnt/aix22308/data/ADNI_delta_lfm/processed/036_S_5063/I385316/I385316_synthseg_1.5mm.nii.gz,587485.0,347.0,1097.0,7482.0,2672.0,39381.0,10972.0,165921.0,142372.0,181501.0,907.0,2480.0,1518.0,17655.0,1245.0,3292.0,4976.0,730.0,2937.0
/mnt/aix22308/data/ADNI_delta_lfm/processed/036_S_5063/I415463/I415463_synthseg_1.5mm.nii.gz,589772.0,360.0,1061.0,7371.0,2640.0,39444.0,10994.0,164995.0,142885.0,183126.0,894.0,2432.0,1679.0,18612.0,1273.0,3213.0,5058.0,762.0,2973.0
/mnt/aix22308/data/ADNI_delta_lfm/processed/037_S_4071/I315460/I315460_synthseg_1.5mm.nii.gz,595202.0,316.0,1331.0,8066.0,3862.0,33336.0,9625.0,179764.0,150991.0,151700.0,934.0,2714.0,1847.0,37507.0,1178.0,3642.0,4549.0,893.0,2947.0
/mnt/aix22308/data/ADNI_delta_lfm/processed/037_S_4071/I384196/I384196_synthseg_1.5mm.nii.gz,596278.0,345.0,1274.0,8115.0,3954.0,34732.0,10504.0,178403.0,150363.0,150678.0,964.0,2667.0,1998.0,39110.0,1153.0,3643.0,4617.0,878.0,2880.0
/mnt/aix22308/data/ADNI_delta_lfm/processed/037_S_4071/I412219/I412219_synthseg_1.5mm.nii.gz,593554.0,311.0,1320.0,8220.0,3895.0,34197.0,10352.0,177157.0,150909.0,149773.0,943.0,2713.0,1966.0,38475.0,1209.0,3805.0,4631.0,835.0,2843.0
/mnt/aix22308/data/ADNI_delta_lfm/processed/037_S_4071/I549804/I549804_synthseg_1.5mm.nii.gz,591648.0,289.0,1186.0,7893.0,3730.0,33629.0,9649.0,169264.0,145826.0,159700.0,1078.0,2536.0,2284.0,42637.0,993.0,3360.0,4219.0,757.0,2618.0
/mnt/aix22308/data/ADNI_delta_lfm/processed/037_S_4071/I833977/I833977_synthseg_1.5mm.nii.gz,586696.0,216.0,1170.0,7961.0,3704.0,33083.0,9617.0,168861.0,145790.0,155339.0,1014.0,2491.0,2367.0,43189.0,965.0,3199.0,4045.0,844.0,2841.0
/mnt/aix22308/data/ADNI_delta_lfm/processed/037_S_5222/I1229918/I1229918_synthseg_1.5mm.nii.gz,604354.0,610.0,1472.0,8389.0,3275.0,43344.0,12079.0,201826.0,161646.0,143291.0,807.0,3536.0,998.0,8947.0,1380.0,4088.0,5160.0,307.0,3199.0
/mnt/aix22308/data/ADNI_delta_lfm/processed/037_S_5222/I1456644/I1456644_synthseg_1.5mm.nii.gz,601277.0,598.0,1436.0,8325.0,3319.0,42876.0,12025.0,202386.0,160492.0,141638.0,794.0,3506.0,910.0,8721.0,1302.0,4254.0,5115.0,302.0,3278.0
/mnt/aix22308/data/ADNI_delta_lfm/processed/037_S_5222/I723941/I723941_synthseg_1.5mm.nii.gz,606910.0,635.0,1435.0,8304.0,3283.0,43099.0,12307.0,203978.0,165336.0,141243.0,791.0,3549.0,933.0,7799.0,1385.0,4132.0,5270.0,289.0,3142.0
/mnt/aix22308/data/ADNI_delta_lfm/processed/041_S_0314/I102583/I102583_synthseg_1.5mm.nii.gz,580289.0,365.0,1009.0,7843.0,2436.0,38461.0,11936.0,181984.0,161193.0,142786.0,505.0,2499.0,1151.0,14874.0,1222.0,3493.0,4917.0,687.0,2928.0
/mnt/aix22308/data/ADNI_delta_lfm/processed/041_S_0314/I12475/I12475_synthseg_1.5mm.nii.gz,582552.0,414.0,1063.0,7882.0,2507.0,38162.0,12107.0,186539.0,166542.0,136981.0,485.0,2649.0,891.0,12692.0,1235.0,3668.0,5141.0,631.0,2963.0
/mnt/aix22308/data/ADNI_delta_lfm/processed/041_S_0314/I141930/I141930_synthseg_1.5mm.nii.gz,574380.0,345.0,996.0,7676.0,2441.0,37704.0,11670.0,174962.0,156637.0,148511.0,512.0,2376.0,1330.0,16187.0,1155.0,3434.0,4816.0,712.0,2916.0
/mnt/aix22308/data/ADNI_delta_lfm/processed/041_S_0314/I174182/I174182_synthseg_1.5mm.nii.gz,577835.0,334.0,941.0,7844.0,2534.0,38018.0,11836.0,176900.0,157675.0,146034.0,531.0,2365.0,1615.0,17980.0,1180.0,3502.0,4888.0,776.0,2882.0
/mnt/aix22308/data/ADNI_delta_lfm/processed/041_S_0314/I41647/I41647_synthseg_1.5mm.nii.gz,580180.0,395.0,1065.0,7818.0,2453.0,37921.0,12022.0,181947.0,163280.0,142351.0,494.0,2605.0,974.0,13426.0,1220.0,3616.0,4994.0,661.0,2938.0
/mnt/aix22308/data/ADNI_delta_lfm/processed/041_S_0314/I53290/I53290_synthseg_1.5mm.nii.gz,573850.0,383.0,1051.0,7710.0,2406.0,38262.0,11928.0,178138.0,159837.0,143719.0,492.0,2561.0,953.0,13172.0,1179.0,3553.0,4889.0,644.0,2973.0
/mnt/aix22308/data/ADNI_delta_lfm/processed/041_S_0314/I83882/I83882_synthseg_1.5mm.nii.gz,582648.0,383.0,1044.0,7940.0,2454.0,38791.0,12193.0,182522.0,162098.0,142757.0,525.0,2527.0,1123.0,14858.0,1225.0,3569.0,5010.0,694.0,2935.0
/mnt/aix22308/data/ADNI_delta_lfm/processed/041_S_1010/I111060/I111060_synthseg_1.5mm.nii.gz,577606.0,360.0,661.0,6965.0,2670.0,34520.0,10107.0,174351.0,161044.0,148227.0,953.0,1731.0,1953.0,22269.0,1063.0,3150.0,4152.0,867.0,2563.0
/mnt/aix22308/data/ADNI_delta_lfm/processed/041_S_1010/I133432/I133432_synthseg_1.5mm.nii.gz,578364.0,351.0,628.0,7068.0,2644.0,35598.0,10208.0,176422.0,160868.0,145583.0,888.0,1722.0,1987.0,22654.0,1022.0,3186.0,4112.0,817.0,2606.0
/mnt/aix22308/data/ADNI_delta_lfm/processed/041_S_1010/I161111/I161111_synthseg_1.5mm.nii.gz,575334.0,336.0,548.0,7509.0,2587.0,38788.0,10862.0,174613.0,155539.0,144092.0,946.0,1764.0,2371.0,23607.0,1022.0,3140.0,4140.0,851.0,2619.0
/mnt/aix22308/data/ADNI_delta_lfm/processed/041_S_1010/I32831/I32831_synthseg_1.5mm.nii.gz,580181.0,357.0,818.0,7160.0,2488.0,36557.0,10359.0,181470.0,162389.0,143497.0,872.0,1977.0,1447.0,18808.0,1087.0,3189.0,4322.0,759.0,2625.0
/mnt/aix22308/data/ADNI_delta_lfm/processed/041_S_1010/I55847/I55847_synthseg_1.5mm.nii.gz,581192.0,361.0,766.0,7179.0,2503.0,36194.0,10260.0,182590.0,162639.0,143393.0,834.0,1925.0,1463.0,19080.0,1110.0,3173.0,4362.0,764.0,2596.0
/mnt/aix22308/data/ADNI_delta_lfm/processed/041_S_1010/I84151/I84151_synthseg_1.5mm.nii.gz,578677.0,342.0,766.0,7263.0,2487.0,37541.0,10362.0,181287.0,161583.0,141213.0,887.0,1892.0,1607.0,19493.0,1070.0,3183.0,4312.0,761.0,2628.0
/mnt/aix22308/data/ADNI_delta_lfm/processed/041_S_1260/I118425/I118425_synthseg_1.5mm.nii.gz,584573.0,523.0,1416.0,8144.0,3165.0,39540.0,11245.0,186669.0,166300.0,136845.0,1023.0,3061.0,662.0,11826.0,1247.0,3923.0,5257.0,588.0,3139.0
/mnt/aix22308/data/ADNI_delta_lfm/processed/041_S_1260/I137971/I137971_synthseg_1.5mm.nii.gz,583459.0,509.0,1433.0,8026.0,3126.0,39316.0,11386.0,185358.0,166495.0,136838.0,1049.0,3037.0,689.0,12021.0,1283.0,3927.0,5182.0,605.0,3179.0
/mnt/aix22308/data/ADNI_delta_lfm/processed/041_S_1260/I187656/I187656_synthseg_1.5mm.nii.gz,583182.0,515.0,1481.0,8022.0,3173.0,39038.0,10986.0,184969.0,166267.0,137081.0,980.0,2980.0,714.0,12807.0,1221.0,3918.0,5245.0,635.0,3150.0
/mnt/aix22308/data/ADNI_delta_lfm/processed/041_S_1260/I37970/I37970_synthseg_1.5mm.nii.gz,587129.0,523.0,1456.0,8076.0,3144.0,38465.0,11051.0,187160.0,169447.0,137501.0,1037.0,3023.0,621.0,11390.0,1267.0,3929.0,5317.0,595.0,3127.0
/mnt/aix22308/data/ADNI_delta_lfm/processed/041_S_1260/I76936/I76936_synthseg_1.5mm.nii.gz,584910.0,538.0,1440.0,8082.0,3180.0,38654.0,11157.0,188235.0,168711.0,134376.0,985.0,3002.0,656.0,11584.0,1262.0,3994.0,5301.0,598.0,3155.0
/mnt/aix22308/data/ADNI_delta_lfm/processed/041_S_1260/I95081/I95081_synthseg_1.5mm.nii.gz,584939.0,527.0,1472.0,8242.0,3165.0,40177.0,11522.0,186274.0,164986.0,137697.0,1059.0,3037.0,707.0,11988.0,1251.0,3927.0,5184.0,619.0,3105.0
/mnt/aix22308/data/ADNI_delta_lfm/processed/041_S_4014/I269652/I269652_synthseg_1.5mm.nii.gz,597110.0,447.0,1295.0,6936.0,2515.0,39006.0,9421.0,187719.0,156455.0,155047.0,1284.0,2963.0,470.0,21199.0,1134.0,3632.0,4280.0,636.0,2671.0
/mnt/aix22308/data/ADNI_delta_lfm/processed/041_S_4014/I307077/I307077_synthseg_1.5mm.nii.gz,598854.0,429.0,1236.0,6956.0,2502.0,39134.0,9699.0,186185.0,159288.0,155289.0,1287.0,2976.0,448.0,21024.0,1184.0,3630.0,4287.0,626.0,2674.0
/mnt/aix22308/data/ADNI_delta_lfm/processed/041_S_4014/I375277/I375277_synthseg_1.5mm.nii.gz,591903.0,425.0,1247.0,6789.0,2516.0,37873.0,9428.0,186979.0,151826.0,156648.0,1266.0,2929.0,421.0,21470.0,1148.0,3591.0,4128.0,635.0,2584.0
/mnt/aix22308/data/ADNI_delta_lfm/processed/041_S_4014/I492666/I492666_synthseg_1.5mm.nii.gz,600918.0,406.0,1265.0,6955.0,2592.0,38299.0,9578.0,189019.0,153632.0,159201.0,1311.0,2865.0,488.0,22956.0,1162.0,3680.0,4244.0,685.0,2580.0
/mnt/aix22308/data/ADNI_delta_lfm/processed/041_S_4877/I364562/I364562_synthseg_1.5mm.nii.gz,593504.0,438.0,1414.0,8019.0,2783.0,38244.0,10289.0,188660.0,147824.0,161419.0,718.0,2845.0,1271.0,16769.0,1217.0,3973.0,4198.0,632.0,2791.0
/mnt/aix22308/data/ADNI_delta_lfm/processed/041_S_4877/I389035/I389035_synthseg_1.5mm.nii.gz,592313.0,432.0,1380.0,7950.0,2742.0,37791.0,10405.0,188431.0,146660.0,162289.0,753.0,2742.0,1254.0,16855.0,1129.0,3982.0,4129.0,621.0,2768.0
/mnt/aix22308/data/ADNI_delta_lfm/processed/041_S_4877/I446512/I446512_synthseg_1.5mm.nii.gz,595588.0,436.0,1359.0,8005.0,2760.0,38059.0,10437.0,188618.0,146556.0,163205.0,744.0,2828.0,1414.0,18299.0,1203.0,4043.0,4183.0,652.0,2787.0
/mnt/aix22308/data/ADNI_delta_lfm/processed/041_S_4989/I368911/I368911_synthseg_1.5mm.nii.gz,609975.0,533.0,1458.0,9882.0,3271.0,43671.0,14184.0,203115.0,183729.0,123197.0,871.0,3442.0,453.0,7239.0,1344.0,4765.0,5187.0,233.0,3401.0
/mnt/aix22308/data/ADNI_delta_lfm/processed/041_S_4989/I396058/I396058_synthseg_1.5mm.nii.gz,608551.0,526.0,1468.0,9894.0,3281.0,43188.0,14609.0,200423.0,183407.0,124925.0,911.0,3441.0,423.0,7151.0,1307.0,4711.0,5297.0,230.0,3359.0
/mnt/aix22308/data/ADNI_delta_lfm/processed/041_S_4989/I453212/I453212_synthseg_1.5mm.nii.gz,607122.0,505.0,1418.0,9851.0,3229.0,43015.0,14126.0,202334.0,181733.0,123946.0,901.0,3370.0,424.0,7436.0,1329.0,4740.0,5181.0,234.0,3350.0
/mnt/aix22308/data/ADNI_delta_lfm/processed/051_S_4929/I374647/I374647_synthseg_1.5mm.nii.gz,595339.0,339.0,1076.0,8567.0,2712.0,45316.0,12375.0,174504.0,148641.0,158647.0,845.0,2322.0,949.0,25730.0,1256.0,3373.0,4873.0,743.0,3071.0
/mnt/aix22308/data/ADNI_delta_lfm/processed/051_S_4929/I393108/I393108_synthseg_1.5mm.nii.gz,592912.0,331.0,1071.0,8507.0,2671.0,45280.0,12100.0,172662.0,146498.0,160428.0,830.0,2322.0,948.0,26114.0,1275.0,3339.0,4836.0,739.0,2961.0
/mnt/aix22308/data/ADNI_delta_lfm/processed/052_S_0671/I117573/I117573_synthseg_1.5mm.nii.gz,586102.0,455.0,1097.0,9415.0,2749.0,41480.0,13435.0,183957.0,161125.0,146152.0,895.0,2745.0,536.0,7774.0,1215.0,3992.0,5336.0,462.0,3282.0
/mnt/aix22308/data/ADNI_delta_lfm/processed/052_S_0671/I161313/I161313_synthseg_1.5mm.nii.gz,580330.0,416.0,1013.0,9328.0,2668.0,41082.0,13426.0,178186.0,156518.0,150489.0,910.0,2539.0,620.0,9027.0,1227.0,3868.0,5217.0,513.0,3283.0
/mnt/aix22308/data/ADNI_delta_lfm/processed/052_S_0671/I17849/I17849_synthseg_1.5mm.nii.gz,589456.0,484.0,1105.0,9447.0,2806.0,42003.0,13727.0,188985.0,166076.0,139915.0,890.0,3151.0,412.0,5847.0,1161.0,4049.0,5606.0,369.0,3423.0
/mnt/aix22308/data/ADNI_delta_lfm/processed/052_S_0671/I241982/I241982_synthseg_1.5mm.nii.gz,565012.0,375.0,917.0,9079.0,2629.0,40331.0,13411.0,167219.0,150431.0,151959.0,905.0,2236.0,843.0,10787.0,1207.0,3722.0,5112.0,599.0,3250.0
/mnt/aix22308/data/ADNI_delta_lfm/processed/052_S_0671/I315607/I315607_synthseg_1.5mm.nii.gz,581061.0,382.0,830.0,9384.0,2667.0,41717.0,13821.0,166267.0,152371.0,161885.0,975.0,2205.0,1118.0,13180.0,1214.0,3796.0,5225.0,707.0,3317.0
/mnt/aix22308/data/ADNI_delta_lfm/processed/052_S_0671/I36832/I36832_synthseg_1.5mm.nii.gz,586516.0,440.0,1141.0,9203.0,2815.0,41241.0,13706.0,184000.0,165731.0,143162.0,897.0,3037.0,460.0,6309.0,1159.0,3979.0,5471.0,405.0,3360.0
/mnt/aix22308/data/ADNI_delta_lfm/processed/052_S_0671/I501922/I501922_synthseg_1.5mm.nii.gz,572474.0,351.0,652.0,9159.0,2594.0,41660.0,13202.0,157468.0,145742.0,161093.0,1023.0,1996.0,2044.0,21940.0,1192.0,3598.0,4562.0,967.0,3231.0
/mnt/aix22308/data/ADNI_delta_lfm/processed/052_S_0671/I58496/I58496_synthseg_1.5mm.nii.gz,586297.0,433.0,1139.0,9288.0,2822.0,41389.0,13537.0,185903.0,162906.0,143729.0,892.0,2889.0,452.0,6634.0,1212.0,3993.0,5386.0,395.0,3298.0
/mnt/aix22308/data/ADNI_delta_lfm/processed/052_S_0671/I87423/I87423_synthseg_1.5mm.nii.gz,587030.0,459.0,1137.0,9465.0,2827.0,41486.0,13656.0,185560.0,162843.0,144014.0,852.0,2830.0,496.0,6985.0,1199.0,4058.0,5376.0,425.0,3362.0
/mnt/aix22308/data/ADNI_delta_lfm/processed/052_S_4945/I379678/I379678_synthseg_1.5mm.nii.gz,590024.0,465.0,1349.0,7758.0,3236.0,42929.0,11964.0,194231.0,168454.0,128159.0,722.0,2871.0,675.0,13254.0,1266.0,4028.0,4834.0,687.0,3142.0
/mnt/aix22308/data/ADNI_delta_lfm/processed/052_S_4945/I404950/I404950_synthseg_1.5mm.nii.gz,592000.0,468.0,1315.0,7785.0,3227.0,42887.0,11937.0,198897.0,166899.0,126351.0,730.0,2851.0,739.0,13843.0,1337.0,4056.0,4851.0,708.0,3119.0
/mnt/aix22308/data/ADNI_delta_lfm/processed/052_S_4945/I467905/I467905_synthseg_1.5mm.nii.gz,587626.0,420.0,1293.0,7796.0,3270.0,42644.0,11664.0,193148.0,164408.0,129881.0,741.0,2692.0,820.0,15091.0,1269.0,3893.0,4724.0,758.0,3114.0
/mnt/aix22308/data/ADNI_delta_lfm/processed/053_S_4557/I337181/I337181_synthseg_1.5mm.nii.gz,611426.0,671.0,1518.0,9894.0,3768.0,45455.0,14004.0,195454.0,170673.0,139470.0,688.0,3801.0,477.0,8063.0,1486.0,5553.0,6308.0,314.0,3829.0
/mnt/aix22308/data/ADNI_delta_lfm/processed/053_S_4557/I416205/I416205_synthseg_1.5mm.nii.gz,608887.0,639.0,1425.0,9660.0,3664.0,44161.0,13786.0,189724.0,166784.0,149117.0,709.0,3600.0,514.0,8252.0,1421.0,5276.0,6156.0,334.0,3665.0
/mnt/aix22308/data/ADNI_delta_lfm/processed/053_S_4557/I745753/I745753_synthseg_1.5mm.nii.gz,612441.0,644.0,1455.0,9974.0,3652.0,45034.0,14252.0,193137.0,172231.0,142231.0,639.0,3736.0,506.0,8006.0,1395.0,5065.0,6320.0,289.0,3875.0
/mnt/aix22308/data/ADNI_delta_lfm/processed/053_S_5070/I389298/I389298_synthseg_1.5mm.nii.gz,606177.0,343.0,1251.0,7330.0,3343.0,36484.0,10461.0,168374.0,154282.0,165328.0,1168.0,2707.0,1277.0,40854.0,1144.0,3582.0,4302.0,1190.0,2757.0
/mnt/aix22308/data/ADNI_delta_lfm/processed/053_S_5070/I415180/I415180_synthseg_1.5mm.nii.gz,603092.0,344.0,1282.0,7281.0,3426.0,37069.0,10282.0,167438.0,150915.0,163878.0,1149.0,2709.0,1325.0,42899.0,1134.0,3599.0,4372.0,1144.0,2846.0
/mnt/aix22308/data/ADNI_delta_lfm/processed/053_S_6598/I1058963/I1058963_synthseg_1.5mm.nii.gz,598054.0,428.0,1376.0,8122.0,3550.0,44905.0,10950.0,200224.0,161834.0,138594.0,693.0,3202.0,386.0,9035.0,1279.0,4583.0,5409.0,439.0,3045.0
/mnt/aix22308/data/ADNI_delta_lfm/processed/053_S_6598/I1249519/I1249519_synthseg_1.5mm.nii.gz,601414.0,435.0,1341.0,8161.0,3515.0,44585.0,11089.0,198945.0,162307.0,142134.0,728.0,3126.0,418.0,9941.0,1249.0,4534.0,5344.0,487.0,3075.0
/mnt/aix22308/data/ADNI_delta_lfm/processed/053_S_6598/I1592642/I1592642_synthseg_1.5mm.nii.gz,592996.0,449.0,1333.0,8041.0,3710.0,44475.0,11141.0,196652.0,159948.0,138326.0,686.0,2933.0,401.0,10000.0,1269.0,4672.0,5377.0,494.0,3089.0
/mnt/aix22308/data/ADNI_delta_lfm/processed/057_S_0643/I113265/I113265_synthseg_1.5mm.nii.gz,595762.0,489.0,1313.0,8729.0,2767.0,45102.0,14237.0,195547.0,175855.0,124770.0,538.0,3370.0,408.0,9129.0,1271.0,3461.0,5143.0,283.0,3350.0
/mnt/aix22308/data/ADNI_delta_lfm/processed/057_S_0643/I150035/I150035_synthseg_1.5mm.nii.gz,596757.0,503.0,1321.0,8826.0,2750.0,44707.0,14278.0,192364.0,177012.0,127902.0,569.0,3278.0,418.0,9331.0,1357.0,3472.0,5142.0,272.0,3255.0
/mnt/aix22308/data/ADNI_delta_lfm/processed/057_S_0643/I17388/I17388_synthseg_1.5mm.nii.gz,596501.0,523.0,1316.0,8815.0,2817.0,44896.0,14139.0,195728.0,176917.0,124629.0,535.0,3365.0,393.0,8900.0,1373.0,3469.0,5184.0,276.0,3226.0
/mnt/aix22308/data/ADNI_delta_lfm/processed/057_S_0643/I38208/I38208_synthseg_1.5mm.nii.gz,597097.0,513.0,1297.0,8794.0,2812.0,45298.0,14183.0,197399.0,177561.0,122313.0,535.0,3385.0,387.0,8963.0,1386.0,3476.0,5186.0,283.0,3326.0
/mnt/aix22308/data/ADNI_delta_lfm/processed/057_S_0643/I60850/I60850_synthseg_1.5mm.nii.gz,595162.0,509.0,1336.0,8748.0,2743.0,45109.0,14297.0,195132.0,175930.0,124570.0,551.0,3370.0,377.0,9081.0,1334.0,3431.0,5111.0,272.0,3261.0
/mnt/aix22308/data/ADNI_delta_lfm/processed/057_S_0779/I118511/I118511_synthseg_1.5mm.nii.gz,581608.0,380.0,1237.0,7699.0,2501.0,39429.0,11474.0,176192.0,151226.0,155733.0,745.0,2798.0,925.0,18555.0,1093.0,3217.0,4790.0,768.0,2846.0
/mnt/aix22308/data/ADNI_delta_lfm/processed/057_S_0779/I154122/I154122_synthseg_1.5mm.nii.gz,582292.0,404.0,1262.0,7617.0,2538.0,39029.0,11124.0,176144.0,148549.0,158801.0,724.0,2792.0,1017.0,19592.0,1132.0,3270.0,4726.0,797.0,2774.0
/mnt/aix22308/data/ADNI_delta_lfm/processed/057_S_0779/I23159/I23159_synthseg_1.5mm.nii.gz,584551.0,397.0,1307.0,7808.0,2653.0,39700.0,11619.0,177677.0,153875.0,157286.0,710.0,2872.0,743.0,15225.0,1122.0,3287.0,4801.0,663.0,2806.0
/mnt/aix22308/data/ADNI_delta_lfm/processed/057_S_0779/I44810/I44810_synthseg_1.5mm.nii.gz,583978.0,382.0,1233.0,7639.0,2597.0,39813.0,11237.0,178003.0,151969.0,156330.0,742.0,2867.0,888.0,17487.0,1127.0,3276.0,4758.0,746.0,2884.0
/mnt/aix22308/data/ADNI_delta_lfm/processed/057_S_0779/I72730/I72730_synthseg_1.5mm.nii.gz,582172.0,412.0,1199.0,7712.0,2552.0,39306.0,11153.0,176532.0,152241.0,156548.0,728.0,2862.0,896.0,17413.0,1120.0,3183.0,4741.0,722.0,2852.0
/mnt/aix22308/data/ADNI_delta_lfm/processed/057_S_0818/I118558/I118558_synthseg_1.5mm.nii.gz,591876.0,443.0,1262.0,9136.0,2978.0,44675.0,13339.0,187229.0,162772.0,143716.0,801.0,3447.0,462.0,7211.0,1162.0,3643.0,5819.0,451.0,3330.0
/mnt/aix22308/data/ADNI_delta_lfm/processed/057_S_0818/I155902/I155902_synthseg_1.5mm.nii.gz,592711.0,467.0,1314.0,9223.0,2960.0,44655.0,13329.0,187495.0,161943.0,144852.0,841.0,3586.0,444.0,7237.0,1151.0,3641.0,5825.0,477.0,3271.0
/mnt/aix22308/data/ADNI_delta_lfm/processed/057_S_0818/I23927/I23927_synthseg_1.5mm.nii.gz,592252.0,472.0,1307.0,9289.0,3004.0,44902.0,13608.0,186281.0,164642.0,142856.0,802.0,3562.0,452.0,6664.0,1187.0,3667.0,5780.0,404.0,3373.0
/mnt/aix22308/data/ADNI_delta_lfm/processed/057_S_0818/I47351/I47351_synthseg_1.5mm.nii.gz,590836.0,461.0,1268.0,9273.0,2959.0,45173.0,13207.0,187377.0,162821.0,142225.0,829.0,3524.0,452.0,6871.0,1168.0,3700.0,5792.0,425.0,3311.0
/mnt/aix22308/data/ADNI_delta_lfm/processed/057_S_0818/I75356/I75356_synthseg_1.5mm.nii.gz,592995.0,474.0,1295.0,9257.0,2963.0,44854.0,13183.0,187401.0,163993.0,143486.0,826.0,3473.0,433.0,7016.0,1181.0,3663.0,5762.0,439.0,3296.0
/mnt/aix22308/data/ADNI_delta_lfm/processed/057_S_0839/I101826/I101826_synthseg_1.5mm.nii.gz,586242.0,473.0,1421.0,7828.0,2702.0,40602.0,11402.0,179995.0,154916.0,152952.0,689.0,3143.0,885.0,16079.0,1222.0,3685.0,4642.0,589.0,3017.0
/mnt/aix22308/data/ADNI_delta_lfm/processed/057_S_0839/I121209/I121209_synthseg_1.5mm.nii.gz,589410.0,506.0,1413.0,7945.0,2720.0,40586.0,11615.0,183392.0,156163.0,150934.0,664.0,3180.0,868.0,16176.0,1182.0,3687.0,4706.0,605.0,3068.0
/mnt/aix22308/data/ADNI_delta_lfm/processed/057_S_0839/I157161/I157161_synthseg_1.5mm.nii.gz,585857.0,478.0,1456.0,7924.0,2739.0,40213.0,11510.0,179994.0,153318.0,152920.0,692.0,3159.0,986.0,17380.0,1179.0,3645.0,4533.0,635.0,3096.0
/mnt/aix22308/data/ADNI_delta_lfm/processed/057_S_0839/I24850/I24850_synthseg_1.5mm.nii.gz,589683.0,511.0,1416.0,7974.0,2714.0,40088.0,11732.0,184426.0,158612.0,149786.0,644.0,3271.0,790.0,14534.0,1207.0,3714.0,4701.0,545.0,3018.0
/mnt/aix22308/data/ADNI_delta_lfm/processed/057_S_0839/I49581/I49581_synthseg_1.5mm.nii.gz,588445.0,484.0,1419.0,7872.0,2769.0,40652.0,11546.0,183695.0,157901.0,148841.0,687.0,3244.0,809.0,15116.0,1241.0,3777.0,4706.0,564.0,3122.0
/mnt/aix22308/data/ADNI_delta_lfm/processed/057_S_0839/I76732/I76732_synthseg_1.5mm.nii.gz,586676.0,470.0,1413.0,7839.0,2706.0,40293.0,11584.0,182631.0,156195.0,149878.0,691.0,3199.0,872.0,15844.0,1202.0,3618.0,4609.0,577.0,3055.0
/mnt/aix22308/data/ADNI_delta_lfm/processed/057_S_1379/I101861/I101861_synthseg_1.5mm.nii.gz,579710.0,316.0,572.0,6578.0,2719.0,36643.0,9382.0,168273.0,143896.0,148916.0,701.0,1558.0,1999.0,47506.0,793.0,3077.0,3933.0,689.0,2159.0
/mnt/aix22308/data/ADNI_delta_lfm/processed/057_S_1379/I141907/I141907_synthseg_1.5mm.nii.gz,583034.0,330.0,506.0,6591.0,2713.0,36151.0,9425.0,165640.0,145146.0,152810.0,704.0,1536.0,2172.0,48815.0,833.0,3082.0,3844.0,684.0,2052.0
/mnt/aix22308/data/ADNI_delta_lfm/processed/057_S_1379/I46340/I46340_synthseg_1.5mm.nii.gz,582269.0,321.0,608.0,6655.0,2796.0,36949.0,9541.0,167789.0,145521.0,150742.0,729.0,1560.0,1941.0,46464.0,843.0,3077.0,3904.0,688.0,2141.0
/mnt/aix22308/data/ADNI_delta_lfm/processed/057_S_1379/I76760/I76760_synthseg_1.5mm.nii.gz,579611.0,344.0,591.0,6588.0,2937.0,36881.0,9442.0,167852.0,145812.0,148262.0,739.0,1569.0,1920.0,46228.0,810.0,2988.0,3783.0,705.0,2160.0
/mnt/aix22308/data/ADNI_delta_lfm/processed/062_S_0535/I109989/I109989_synthseg_1.5mm.nii.gz,578393.0,329.0,782.0,6878.0,2743.0,37003.0,10749.0,171480.0,145892.0,164429.0,848.0,1854.0,990.0,21880.0,1046.0,3330.0,4322.0,1012.0,2826.0
/mnt/aix22308/data/ADNI_delta_lfm/processed/062_S_0535/I15656/I15656_synthseg_1.5mm.nii.gz,579546.0,333.0,850.0,6928.0,2594.0,37003.0,10961.0,173913.0,146940.0,164147.0,816.0,1932.0,780.0,19624.0,1080.0,3396.0,4442.0,943.0,2864.0
/mnt/aix22308/data/ADNI_delta_lfm/processed/062_S_0535/I33235/I33235_synthseg_1.5mm.nii.gz,577219.0,300.0,816.0,6934.0,2620.0,37166.0,10878.0,173409.0,146549.0,162497.0,802.0,1950.0,816.0,19854.0,1040.0,3430.0,4424.0,951.0,2783.0
/mnt/aix22308/data/ADNI_delta_lfm/processed/062_S_0535/I55885/I55885_synthseg_1.5mm.nii.gz,577993.0,315.0,789.0,6818.0,2592.0,36697.0,10944.0,170669.0,145430.0,166760.0,846.0,1886.0,913.0,20755.0,1036.0,3349.0,4415.0,979.0,2800.0
/mnt/aix22308/data/ADNI_delta_lfm/processed/067_S_1185/I35153/I35153_synthseg_1.5mm.nii.gz,585789.0,459.0,1154.0,7409.0,2985.0,38131.0,11279.0,167766.0,155808.0,168039.0,713.0,2381.0,1133.0,14862.0,1257.0,4316.0,4722.0,555.0,2820.0
/mnt/aix22308/data/ADNI_delta_lfm/processed/067_S_1185/I65946/I65946_synthseg_1.5mm.nii.gz,584811.0,461.0,1167.0,7636.0,2904.0,42155.0,11350.0,163671.0,148866.0,173548.0,733.0,2298.0,1177.0,15410.0,1295.0,4248.0,4588.0,564.0,2740.0
/mnt/aix22308/data/ADNI_delta_lfm/processed/068_S_0210/I11236/I11236_synthseg_1.5mm.nii.gz,606029.0,467.0,1391.0,8315.0,2836.0,45574.0,13740.0,195457.0,164995.0,147836.0,725.0,3587.0,415.0,6891.0,1114.0,4018.0,5354.0,281.0,3033.0
/mnt/aix22308/data/ADNI_delta_lfm/processed/068_S_0210/I114293/I114293_synthseg_1.5mm.nii.gz,598864.0,464.0,1395.0,8270.0,2689.0,44763.0,13327.0,192087.0,161220.0,149543.0,676.0,3466.0,405.0,6996.0,1053.0,3915.0,5307.0,264.0,3024.0
/mnt/aix22308/data/ADNI_delta_lfm/processed/068_S_0210/I144391/I144391_synthseg_1.5mm.nii.gz,601047.0,472.0,1379.0,8234.0,2726.0,44813.0,13511.0,191780.0,160340.0,152166.0,697.0,3458.0,411.0,7377.0,1155.0,3918.0,5265.0,283.0,3062.0
/mnt/aix22308/data/ADNI_delta_lfm/processed/068_S_0210/I174904/I174904_synthseg_1.5mm.nii.gz,604457.0,485.0,1432.0,8311.0,2757.0,45410.0,13482.0,194536.0,162804.0,149230.0,711.0,3515.0,419.0,7494.0,1137.0,3981.0,5501.0,292.0,2960.0
/mnt/aix22308/data/ADNI_delta_lfm/processed/068_S_0210/I25192/I25192_synthseg_1.5mm.nii.gz,605424.0,492.0,1400.0,8310.0,2777.0,46021.0,13549.0,196811.0,165381.0,145304.0,693.0,3588.0,409.0,6729.0,1078.0,4075.0,5461.0,273.0,3073.0
/mnt/aix22308/data/ADNI_delta_lfm/processed/068_S_0210/I292479/I292479_synthseg_1.5mm.nii.gz,603770.0,455.0,1404.0,8319.0,2731.0,44955.0,13637.0,192129.0,159924.0,154121.0,742.0,3460.0,428.0,7884.0,1068.0,3874.0,5417.0,290.0,2932.0
/mnt/aix22308/data/ADNI_delta_lfm/processed/068_S_0210/I791888/I791888_synthseg_1.5mm.nii.gz,611932.0,477.0,1424.0,8374.0,2841.0,46197.0,13343.0,195683.0,157308.0,158414.0,767.0,3573.0,445.0,8927.0,1265.0,4159.0,5311.0,330.0,3094.0
/mnt/aix22308/data/ADNI_delta_lfm/processed/068_S_0210/I939835/I939835_synthseg_1.5mm.nii.gz,608241.0,517.0,1575.0,8372.0,2909.0,46239.0,13247.0,195822.0,157388.0,154164.0,723.0,3565.0,426.0,8894.0,1295.0,4252.0,5462.0,322.0,3069.0
/mnt/aix22308/data/ADNI_delta_lfm/processed/072_S_1211/I136685/I136685_synthseg_1.5mm.nii.gz,594879.0,295.0,1115.0,8046.0,2895.0,38378.0,11960.0,166520.0,159160.0,154128.0,858.0,2398.0,1811.0,34588.0,1041.0,3385.0,4464.0,985.0,2852.0
/mnt/aix22308/data/ADNI_delta_lfm/processed/072_S_1211/I167364/I167364_synthseg_1.5mm.nii.gz,599849.0,313.0,1130.0,7992.0,2935.0,37901.0,11920.0,168057.0,158715.0,157892.0,895.0,2398.0,1873.0,34998.0,1040.0,3494.0,4492.0,970.0,2834.0
/mnt/aix22308/data/ADNI_delta_lfm/processed/072_S_1211/I44137/I44137_synthseg_1.5mm.nii.gz,592351.0,341.0,1154.0,8122.0,2704.0,37445.0,12258.0,167334.0,162187.0,152116.0,835.0,2552.0,1416.0,30501.0,1017.0,3590.0,4728.0,938.0,3113.0
/mnt/aix22308/data/ADNI_delta_lfm/processed/072_S_1211/I71984/I71984_synthseg_1.5mm.nii.gz,592512.0,331.0,1155.0,8097.0,2705.0,37730.0,12116.0,166633.0,161336.0,152982.0,844.0,2464.0,1617.0,31315.0,1095.0,3465.0,4749.0,945.0,2933.0
/mnt/aix22308/data/ADNI_delta_lfm/processed/072_S_4063/I273334/I273334_synthseg_1.5mm.nii.gz,590630.0,568.0,1332.0,8517.0,2799.0,48958.0,13778.0,188901.0,163886.0,137577.0,855.0,3410.0,373.0,3979.0,1480.0,4828.0,5668.0,261.0,3460.0
/mnt/aix22308/data/ADNI_delta_lfm/processed/072_S_4063/I313063/I313063_synthseg_1.5mm.nii.gz,603347.0,582.0,1450.0,8817.0,2863.0,49261.0,13811.0,196492.0,165625.0,139569.0,885.0,3463.0,382.0,4263.0,1498.0,4887.0,5669.0,276.0,3554.0
/mnt/aix22308/data/ADNI_delta_lfm/processed/072_S_4063/I378184/I378184_synthseg_1.5mm.nii.gz,604414.0,579.0,1367.0,8742.0,2870.0,49576.0,13969.0,197356.0,166600.0,138421.0,864.0,3508.0,378.0,4137.0,1542.0,4930.0,5780.0,233.0,3562.0
/mnt/aix22308/data/ADNI_delta_lfm/processed/072_S_4063/I489820/I489820_synthseg_1.5mm.nii.gz,608013.0,619.0,1440.0,9074.0,2887.0,51640.0,14428.0,197669.0,166251.0,139133.0,843.0,3547.0,368.0,3975.0,1527.0,5009.0,5816.0,235.0,3552.0
/mnt/aix22308/data/ADNI_delta_lfm/processed/072_S_4226/I299100/I299100_synthseg_1.5mm.nii.gz,606568.0,523.0,1682.0,8857.0,3513.0,48223.0,13250.0,194054.0,181629.0,130191.0,864.0,4192.0,454.0,3767.0,1431.0,4538.0,5750.0,213.0,3437.0
/mnt/aix22308/data/ADNI_delta_lfm/processed/072_S_4226/I491341/I491341_synthseg_1.5mm.nii.gz,615246.0,566.0,1683.0,9247.0,3529.0,50312.0,13569.0,195787.0,182311.0,133037.0,891.0,4331.0,488.0,3827.0,1496.0,4603.0,5877.0,229.0,3463.0
/mnt/aix22308/data/ADNI_delta_lfm/processed/072_S_4226/I491351/I491351_synthseg_1.5mm.nii.gz,608132.0,541.0,1694.0,8730.0,3546.0,47469.0,12933.0,193279.0,181125.0,134012.0,850.0,4129.0,484.0,4025.0,1466.0,4556.0,5728.0,216.0,3349.0
/mnt/aix22308/data/ADNI_delta_lfm/processed/072_S_4390/I310548/I310548_synthseg_1.5mm.nii.gz,606514.0,521.0,1387.0,7934.0,2954.0,42063.0,12047.0,199378.0,164803.0,147404.0,760.0,3317.0,632.0,9283.0,1269.0,4295.0,5056.0,411.0,3000.0
/mnt/aix22308/data/ADNI_delta_lfm/processed/072_S_4390/I348734/I348734_synthseg_1.5mm.nii.gz,607092.0,522.0,1392.0,7644.0,2993.0,40467.0,11691.0,202412.0,167504.0,144838.0,681.0,3254.0,553.0,9127.0,1233.0,4354.0,5064.0,406.0,2957.0
/mnt/aix22308/data/ADNI_delta_lfm/processed/072_S_4390/I491163/I491163_synthseg_1.5mm.nii.gz,594025.0,527.0,1400.0,8000.0,2940.0,42793.0,12223.0,196111.0,160906.0,141644.0,740.0,3153.0,642.0,8871.0,1230.0,4390.0,5025.0,388.0,3042.0
/mnt/aix22308/data/ADNI_delta_lfm/processed/072_S_4390/I491181/I491181_synthseg_1.5mm.nii.gz,605950.0,556.0,1443.0,8064.0,2976.0,42659.0,12226.0,201182.0,163326.0,145363.0,779.0,3244.0,639.0,9193.0,1253.0,4413.0,5109.0,408.0,3117.0
/mnt/aix22308/data/ADNI_delta_lfm/processed/073_S_2153/I203126/I203126_synthseg_1.5mm.nii.gz,580180.0,582.0,1373.0,7972.0,2538.0,38271.0,10248.0,185164.0,145502.0,154220.0,1199.0,3844.0,515.0,14567.0,1330.0,4430.0,4828.0,700.0,2897.0
/mnt/aix22308/data/ADNI_delta_lfm/processed/073_S_2153/I286535/I286535_synthseg_1.5mm.nii.gz,595747.0,576.0,1401.0,8280.0,2633.0,39312.0,10650.0,192455.0,147883.0,156242.0,1240.0,3965.0,557.0,15728.0,1355.0,4642.0,5030.0,790.0,3008.0
/mnt/aix22308/data/ADNI_delta_lfm/processed/073_S_2153/I365124/I365124_synthseg_1.5mm.nii.gz,575089.0,582.0,1318.0,7981.0,2558.0,38291.0,10139.0,187698.0,142156.0,150012.0,1184.0,3780.0,488.0,14662.0,1298.0,4451.0,4877.0,716.0,2898.0
/mnt/aix22308/data/ADNI_delta_lfm/processed/073_S_2153/I415780/I415780_synthseg_1.5mm.nii.gz,573588.0,547.0,1308.0,7805.0,2525.0,37648.0,10153.0,181995.0,140023.0,156354.0,1249.0,3654.0,583.0,15797.0,1292.0,4335.0,4707.0,768.0,2845.0
/mnt/aix22308/data/ADNI_delta_lfm/processed/073_S_4259/I260209/I260209_synthseg_1.5mm.nii.gz,598679.0,490.0,1357.0,8952.0,2831.0,47231.0,12179.0,203226.0,168317.0,127704.0,744.0,3088.0,484.0,7687.0,1320.0,4310.0,4902.0,594.0,3263.0
/mnt/aix22308/data/ADNI_delta_lfm/processed/073_S_4259/I305665/I305665_synthseg_1.5mm.nii.gz,599539.0,489.0,1362.0,8815.0,2833.0,46785.0,12076.0,201312.0,168643.0,129928.0,737.0,3068.0,553.0,8536.0,1347.0,4237.0,4834.0,679.0,3305.0
/mnt/aix22308/data/ADNI_delta_lfm/processed/073_S_4259/I350413/I350413_synthseg_1.5mm.nii.gz,592963.0,471.0,1303.0,8611.0,2745.0,46253.0,11986.0,196988.0,163087.0,133591.0,798.0,2904.0,642.0,9495.0,1317.0,4175.0,4670.0,736.0,3191.0
/mnt/aix22308/data/ADNI_delta_lfm/processed/073_S_4259/I397160/I397160_synthseg_1.5mm.nii.gz,590436.0,478.0,1323.0,8625.0,2849.0,45998.0,11883.0,194568.0,162578.0,133884.0,763.0,2915.0,599.0,9521.0,1375.0,4242.0,4870.0,733.0,3232.0
/mnt/aix22308/data/ADNI_delta_lfm/processed/094_S_0531/I15431/I15431_synthseg_1.5mm.nii.gz,584545.0,370.0,748.0,8688.0,2788.0,42941.0,14341.0,166776.0,155338.0,152067.0,684.0,2106.0,1229.0,22989.0,1416.0,3747.0,4622.0,876.0,2819.0
/mnt/aix22308/data/ADNI_delta_lfm/processed/094_S_0531/I434637/I434637_synthseg_1.5mm.nii.gz,579975.0,343.0,637.0,8741.0,2849.0,42841.0,14124.0,164471.0,149125.0,150848.0,682.0,1990.0,1711.0,28352.0,1396.0,3665.0,4429.0,1023.0,2748.0
/mnt/aix22308/data/ADNI_delta_lfm/processed/094_S_0531/I45672/I45672_synthseg_1.5mm.nii.gz,585933.0,363.0,684.0,8759.0,2902.0,42983.0,14320.0,169394.0,153659.0,148351.0,698.0,2091.0,1502.0,26614.0,1372.0,3777.0,4573.0,996.0,2895.0
/mnt/aix22308/data/ADNI_delta_lfm/processed/094_S_0531/I57797/I57797_synthseg_1.5mm.nii.gz,584810.0,376.0,676.0,8782.0,2888.0,42997.0,14271.0,168761.0,152708.0,149399.0,663.0,2054.0,1495.0,26252.0,1409.0,3803.0,4447.0,973.0,2856.0
/mnt/aix22308/data/ADNI_delta_lfm/processed/094_S_4162/I294153/I294153_synthseg_1.5mm.nii.gz,602103.0,476.0,1287.0,9280.0,3024.0,46998.0,13771.0,200171.0,159473.0,130140.0,790.0,2729.0,1268.0,18340.0,1195.0,4143.0,5093.0,668.0,3257.0
/mnt/aix22308/data/ADNI_delta_lfm/processed/094_S_4162/I326431/I326431_synthseg_1.5mm.nii.gz,594842.0,478.0,1246.0,9036.0,2957.0,46819.0,13272.0,197836.0,155592.0,130246.0,758.0,2633.0,1355.0,18693.0,1191.0,3982.0,4906.0,661.0,3181.0
/mnt/aix22308/data/ADNI_delta_lfm/processed/094_S_4162/I392542/I392542_synthseg_1.5mm.nii.gz,601308.0,491.0,1223.0,9083.0,2996.0,47232.0,13449.0,196872.0,156471.0,134320.0,792.0,2486.0,1554.0,20245.0,1155.0,4026.0,4984.0,719.0,3210.0
/mnt/aix22308/data/ADNI_delta_lfm/processed/094_S_4162/I522998/I522998_synthseg_1.5mm.nii.gz,604823.0,469.0,1089.0,9260.0,3064.0,47493.0,13547.0,195477.0,154531.0,136720.0,846.0,2287.0,2041.0,23715.0,1141.0,4072.0,5021.0,787.0,3263.0
/mnt/aix22308/data/ADNI_delta_lfm/processed/098_S_0160/I10466/I10466_synthseg_1.5mm.nii.gz,580627.0,337.0,849.0,8282.0,2778.0,39658.0,10520.0,177558.0,156362.0,142858.0,1409.0,1953.0,1076.0,23984.0,1084.0,3239.0,4834.0,890.0,2956.0
/mnt/aix22308/data/ADNI_delta_lfm/processed/098_S_0160/I138215/I138215_synthseg_1.5mm.nii.gz,582673.0,304.0,739.0,8321.0,2843.0,38623.0,10133.0,172737.0,153704.0,150734.0,1397.0,1751.0,1387.0,27231.0,1050.0,3217.0,4612.0,952.0,2938.0
/mnt/aix22308/data/ADNI_delta_lfm/processed/098_S_0160/I166625/I166625_synthseg_1.5mm.nii.gz,579552.0,313.0,661.0,8148.0,2710.0,38483.0,10281.0,169999.0,151624.0,151613.0,1408.0,1714.0,1495.0,28528.0,1018.0,3138.0,4574.0,978.0,2867.0
/mnt/aix22308/data/ADNI_delta_lfm/processed/098_S_0160/I224658/I224658_synthseg_1.5mm.nii.gz,581505.0,288.0,584.0,8319.0,2743.0,38024.0,9961.0,170215.0,151734.0,151822.0,1393.0,1664.0,1715.0,30539.0,949.0,3089.0,4559.0,986.0,2921.0
/mnt/aix22308/data/ADNI_delta_lfm/processed/098_S_0160/I287107/I287107_synthseg_1.5mm.nii.gz,579760.0,290.0,557.0,8245.0,2764.0,38253.0,10118.0,167261.0,149852.0,152675.0,1436.0,1647.0,1867.0,32403.0,952.0,3148.0,4445.0,1016.0,2831.0
/mnt/aix22308/data/ADNI_delta_lfm/processed/098_S_0160/I70072/I70072_synthseg_1.5mm.nii.gz,582404.0,326.0,789.0,8382.0,2703.0,39821.0,10476.0,175006.0,154720.0,146891.0,1407.0,1888.0,1258.0,25902.0,1068.0,3231.0,4648.0,942.0,2946.0
/mnt/aix22308/data/ADNI_delta_lfm/processed/098_S_0160/I92801/I92801_synthseg_1.5mm.nii.gz,582682.0,318.0,738.0,8249.0,2745.0,38436.0,10312.0,171694.0,154133.0,152177.0,1415.0,1805.0,1313.0,26723.0,1021.0,3173.0,4574.0,945.0,2911.0
/mnt/aix22308/data/ADNI_delta_lfm/processed/098_S_0171/I10818/I10818_synthseg_1.5mm.nii.gz,581120.0,387.0,1308.0,7159.0,3504.0,41207.0,11481.0,177000.0,147714.0,144186.0,2007.0,2987.0,1108.0,26785.0,1258.0,3978.0,4978.0,1118.0,2955.0
/mnt/aix22308/data/ADNI_delta_lfm/processed/098_S_0171/I138224/I138224_synthseg_1.5mm.nii.gz,561463.0,335.0,1196.0,6807.0,3369.0,38276.0,10851.0,164922.0,141924.0,143779.0,1993.0,2771.0,1417.0,30422.0,1205.0,3700.0,4625.0,1151.0,2720.0
/mnt/aix22308/data/ADNI_delta_lfm/processed/098_S_0171/I166653/I166653_synthseg_1.5mm.nii.gz,577301.0,369.0,1294.0,7014.0,3526.0,40563.0,11338.0,168973.0,145138.0,147021.0,2055.0,2776.0,1375.0,31887.0,1250.0,3833.0,4804.0,1202.0,2883.0
/mnt/aix22308/data/ADNI_delta_lfm/processed/098_S_0171/I20035/I20035_synthseg_1.5mm.nii.gz,579161.0,371.0,1325.0,7199.0,3531.0,41883.0,11328.0,175123.0,147455.0,143152.0,2028.0,2974.0,1153.0,27301.0,1291.0,3977.0,4947.0,1161.0,2962.0
/mnt/aix22308/data/ADNI_delta_lfm/processed/098_S_0171/I229358/I229358_synthseg_1.5mm.nii.gz,572373.0,381.0,1007.0,6806.0,3469.0,40119.0,11361.0,167088.0,145895.0,142783.0,2071.0,2628.0,1559.0,33479.0,1170.0,3766.0,4683.0,1246.0,2862.0
/mnt/aix22308/data/ADNI_delta_lfm/processed/098_S_0171/I305993/I305993_synthseg_1.5mm.nii.gz,568155.0,395.0,1201.0,6781.0,3310.0,38562.0,10963.0,163898.0,144498.0,143895.0,2068.0,2586.0,1704.0,35140.0,1179.0,3695.0,4377.0,1202.0,2701.0
/mnt/aix22308/data/ADNI_delta_lfm/processed/098_S_0171/I42634/I42634_synthseg_1.5mm.nii.gz,576257.0,383.0,1274.0,7086.0,3458.0,40701.0,11285.0,171521.0,145846.0,145028.0,2052.0,2857.0,1304.0,29395.0,1239.0,3857.0,4842.0,1201.0,2928.0
/mnt/aix22308/data/ADNI_delta_lfm/processed/098_S_0171/I92792/I92792_synthseg_1.5mm.nii.gz,572654.0,339.0,1140.0,7069.0,3334.0,39979.0,11111.0,167423.0,147128.0,144242.0,2099.0,2802.0,1415.0,30661.0,1235.0,3753.0,4852.0,1212.0,2860.0
/mnt/aix22308/data/ADNI_delta_lfm/processed/100_S_0015/I14056/I14056_synthseg_1.5mm.nii.gz,599386.0,510.0,1309.0,9547.0,2599.0,45860.0,15615.0,182050.0,166881.0,142313.0,727.0,3225.0,553.0,13987.0,1182.0,3767.0,5510.0,493.0,3258.0
/mnt/aix22308/data/ADNI_delta_lfm/processed/100_S_0015/I26572/I26572_synthseg_1.5mm.nii.gz,612334.0,500.0,1459.0,9618.0,2603.0,47537.0,15245.0,183058.0,170213.0,147803.0,855.0,3284.0,569.0,15254.0,1172.0,3909.0,5456.0,550.0,3249.0
/mnt/aix22308/data/ADNI_delta_lfm/processed/100_S_0015/I7294/I7294_synthseg_1.5mm.nii.gz,597092.0,476.0,1279.0,9375.0,2571.0,44386.0,14848.0,179680.0,166034.0,145596.0,794.0,3151.0,599.0,14402.0,1190.0,3654.0,5246.0,532.0,3279.0
/mnt/aix22308/data/ADNI_delta_lfm/processed/100_S_0015/I77748/I77748_synthseg_1.5mm.nii.gz,612857.0,532.0,1437.0,9691.0,2645.0,48025.0,14991.0,188871.0,164692.0,147282.0,869.0,3289.0,564.0,15570.0,1147.0,3923.0,5461.0,550.0,3318.0
/mnt/aix22308/data/ADNI_delta_lfm/processed/100_S_0015/I8390/I8390_synthseg_1.5mm.nii.gz,603213.0,505.0,1419.0,9457.0,2660.0,47439.0,14694.0,188107.0,165063.0,140152.0,792.0,3236.0,561.0,14614.0,1238.0,3905.0,5493.0,524.0,3354.0
/mnt/aix22308/data/ADNI_delta_lfm/processed/109_S_4455/I339948/I339948_synthseg_1.5mm.nii.gz,589995.0,470.0,1294.0,8340.0,2449.0,44806.0,12580.0,190027.0,168879.0,132893.0,580.0,3130.0,452.0,10104.0,1230.0,3982.0,4927.0,635.0,3217.0
/mnt/aix22308/data/ADNI_delta_lfm/processed/109_S_4455/I414666/I414666_synthseg_1.5mm.nii.gz,595948.0,460.0,1310.0,8266.0,2505.0,43680.0,12322.0,192561.0,171248.0,134732.0,578.0,3135.0,447.0,10500.0,1206.0,4126.0,5035.0,661.0,3176.0
/mnt/aix22308/data/ADNI_delta_lfm/processed/109_S_4455/I487829/I487829_synthseg_1.5mm.nii.gz,591016.0,471.0,1270.0,7929.0,2391.0,41140.0,11967.0,186640.0,170881.0,139165.0,600.0,2986.0,493.0,11228.0,1211.0,3984.0,4841.0,704.0,3115.0
/mnt/aix22308/data/ADNI_delta_lfm/processed/114_S_0378/I12868/I12868_synthseg_1.5mm.nii.gz,597907.0,422.0,1171.0,7617.0,2935.0,41313.0,12161.0,190331.0,159570.0,147029.0,973.0,2880.0,675.0,16348.0,1334.0,4162.0,5023.0,921.0,3042.0
/mnt/aix22308/data/ADNI_delta_lfm/processed/114_S_0378/I142821/I142821_synthseg_1.5mm.nii.gz,597565.0,397.0,1102.0,7623.0,2982.0,40686.0,12319.0,186608.0,155148.0,152098.0,976.0,2511.0,929.0,20045.0,1229.0,4084.0,4885.0,1019.0,2924.0
/mnt/aix22308/data/ADNI_delta_lfm/processed/114_S_0378/I28134/I28134_synthseg_1.5mm.nii.gz,599992.0,401.0,1140.0,7636.0,2904.0,41276.0,12260.0,189692.0,159469.0,149013.0,982.0,2798.0,759.0,17343.0,1291.0,4116.0,4955.0,963.0,2994.0
/mnt/aix22308/data/ADNI_delta_lfm/processed/114_S_0378/I54710/I54710_synthseg_1.5mm.nii.gz,597909.0,416.0,1162.0,7585.0,2921.0,40970.0,12214.0,190951.0,158987.0,146429.0,974.0,2785.0,738.0,17250.0,1325.0,4153.0,5067.0,958.0,3024.0
/mnt/aix22308/data/ADNI_delta_lfm/processed/114_S_0378/I82406/I82406_synthseg_1.5mm.nii.gz,594927.0,397.0,1142.0,7573.0,2891.0,40586.0,12383.0,186711.0,157324.0,149004.0,974.0,2704.0,801.0,18248.0,1219.0,4081.0,4908.0,979.0,3002.0
/mnt/aix22308/data/ADNI_delta_lfm/processed/114_S_5234/I1130063/I1130063_synthseg_1.5mm.nii.gz,594023.0,426.0,1274.0,7900.0,4342.0,39137.0,10861.0,170062.0,160559.0,129218.0,738.0,2942.0,2457.0,48245.0,1401.0,4365.0,5311.0,1403.0,3382.0
/mnt/aix22308/data/ADNI_delta_lfm/processed/114_S_5234/I502415/I502415_synthseg_1.5mm.nii.gz,593588.0,428.0,1278.0,7867.0,4203.0,40712.0,10734.0,177962.0,160423.0,129286.0,710.0,3102.0,1453.0,39900.0,1373.0,4364.0,5139.0,1286.0,3368.0
/mnt/aix22308/data/ADNI_delta_lfm/processed/123_S_0106/I10126/I10126_synthseg_1.5mm.nii.gz,593899.0,424.0,1349.0,7511.0,3136.0,35539.0,10920.0,191708.0,165014.0,145143.0,1338.0,2968.0,620.0,15463.0,1165.0,3755.0,4666.0,464.0,2716.0
/mnt/aix22308/data/ADNI_delta_lfm/processed/123_S_0106/I1058747/I1058747_synthseg_1.5mm.nii.gz,604245.0,328.0,792.0,7386.0,4348.0,34136.0,11093.0,165584.0,159725.0,166905.0,1541.0,2252.0,2555.0,35476.0,1136.0,3577.0,4197.0,833.0,2381.0
/mnt/aix22308/data/ADNI_delta_lfm/processed/123_S_0106/I138532/I138532_synthseg_1.5mm.nii.gz,593809.0,424.0,1245.0,7455.0,3157.0,34720.0,10673.0,185820.0,159449.0,154505.0,1391.0,2721.0,861.0,18939.0,1155.0,3600.0,4472.0,592.0,2630.0
/mnt/aix22308/data/ADNI_delta_lfm/processed/123_S_0106/I165499/I165499_synthseg_1.5mm.nii.gz,594359.0,402.0,1213.0,7389.0,3337.0,34742.0,10759.0,182990.0,157853.0,158224.0,1431.0,2627.0,985.0,19952.0,1150.0,3643.0,4447.0,621.0,2594.0
/mnt/aix22308/data/ADNI_delta_lfm/processed/123_S_0106/I20041/I20041_synthseg_1.5mm.nii.gz,594176.0,422.0,1324.0,7508.0,3138.0,34482.0,10827.0,189797.0,164003.0,148662.0,1379.0,2945.0,629.0,16483.0,1131.0,3728.0,4567.0,504.0,2647.0
/mnt/aix22308/data/ADNI_delta_lfm/processed/123_S_0106/I213947/I213947_synthseg_1.5mm.nii.gz,588588.0,371.0,1211.0,7323.0,3311.0,33871.0,10448.0,178450.0,157496.0,158116.0,1351.0,2443.0,1099.0,20907.0,1127.0,3616.0,4372.0,632.0,2444.0
/mnt/aix22308/data/ADNI_delta_lfm/processed/123_S_0106/I280631/I280631_synthseg_1.5mm.nii.gz,591122.0,387.0,1119.0,7241.0,3409.0,34247.0,10856.0,177603.0,156140.0,161310.0,1380.0,2455.0,1157.0,21560.0,1125.0,3588.0,4292.0,667.0,2586.0
/mnt/aix22308/data/ADNI_delta_lfm/processed/123_S_0106/I358155/I358155_synthseg_1.5mm.nii.gz,598107.0,356.0,1091.0,7245.0,3681.0,34653.0,10803.0,178313.0,156503.0,164651.0,1416.0,2454.0,1316.0,23384.0,1080.0,3588.0,4391.0,710.0,2472.0
/mnt/aix22308/data/ADNI_delta_lfm/processed/123_S_0106/I37456/I37456_synthseg_1.5mm.nii.gz,592419.0,412.0,1299.0,7422.0,3171.0,34634.0,10774.0,187803.0,162155.0,150143.0,1360.0,2894.0,691.0,17112.0,1131.0,3754.0,4540.0,526.0,2598.0
/mnt/aix22308/data/ADNI_delta_lfm/processed/123_S_0106/I409515/I409515_synthseg_1.5mm.nii.gz,593239.0,346.0,1060.0,7196.0,3745.0,33991.0,10494.0,174543.0,156070.0,163565.0,1390.0,2420.0,1377.0,24983.0,1104.0,3523.0,4255.0,738.0,2439.0
/mnt/aix22308/data/ADNI_delta_lfm/processed/123_S_0106/I472156/I472156_synthseg_1.5mm.nii.gz,594339.0,356.0,1055.0,7236.0,3845.0,33715.0,10501.0,174204.0,155300.0,164286.0,1376.0,2418.0,1540.0,26393.0,1095.0,3590.0,4165.0,755.0,2509.0
/mnt/aix22308/data/ADNI_delta_lfm/processed/123_S_0106/I865961/I865961_synthseg_1.5mm.nii.gz,608417.0,318.0,934.0,7328.0,4233.0,33952.0,10807.0,171480.0,158389.0,169390.0,1574.0,2338.0,2240.0,33194.0,1150.0,3632.0,4187.0,853.0,2418.0
/mnt/aix22308/data/ADNI_delta_lfm/processed/123_S_0106/I89359/I89359_synthseg_1.5mm.nii.gz,596762.0,429.0,1310.0,7549.0,3180.0,34424.0,10795.0,187328.0,161384.0,154233.0,1429.0,2801.0,794.0,18549.0,1119.0,3696.0,4600.0,576.0,2566.0
/mnt/aix22308/data/ADNI_delta_lfm/processed/123_S_4096/I283613/I283613_synthseg_1.5mm.nii.gz,600992.0,442.0,1043.0,7332.0,2968.0,36844.0,10594.0,182342.0,148772.0,171477.0,759.0,2365.0,1556.0,21301.0,1132.0,3582.0,4787.0,864.0,2832.0
/mnt/aix22308/data/ADNI_delta_lfm/processed/123_S_4096/I323117/I323117_synthseg_1.5mm.nii.gz,594339.0,441.0,973.0,7032.0,3018.0,34733.0,10072.0,178303.0,147305.0,172777.0,715.0,2221.0,1680.0,22241.0,1103.0,3573.0,4601.0,848.0,2703.0
/mnt/aix22308/data/ADNI_delta_lfm/processed/123_S_6118/I1274735/I1274735_synthseg_1.5mm.nii.gz,592304.0,421.0,1381.0,8294.0,3093.0,39375.0,12590.0,176386.0,165190.0,148372.0,1128.0,3196.0,669.0,18374.0,1312.0,3931.0,5053.0,519.0,3020.0
/mnt/aix22308/data/ADNI_delta_lfm/processed/123_S_6118/I1561905/I1561905_synthseg_1.5mm.nii.gz,593167.0,442.0,1378.0,8374.0,3174.0,39661.0,12736.0,176448.0,164332.0,148185.0,1108.0,3201.0,699.0,19474.0,1328.0,3951.0,5167.0,532.0,2977.0
/mnt/aix22308/data/ADNI_delta_lfm/processed/123_S_6118/I927419/I927419_synthseg_1.5mm.nii.gz,584022.0,414.0,1341.0,8123.0,3029.0,39153.0,12494.0,174159.0,163624.0,146402.0,1086.0,3165.0,600.0,16849.0,1296.0,3921.0,4961.0,472.0,2933.0
/mnt/aix22308/data/ADNI_delta_lfm/processed/126_S_4507/I1003342/I1003342_synthseg_1.5mm.nii.gz,593588.0,445.0,1112.0,7997.0,3811.0,40825.0,11725.0,182785.0,156367.0,139752.0,1083.0,2221.0,1779.0,30417.0,1181.0,3763.0,4698.0,745.0,2882.0
/mnt/aix22308/data/ADNI_delta_lfm/processed/126_S_4507/I1165186/I1165186_synthseg_1.5mm.nii.gz,590591.0,412.0,1070.0,7825.0,3740.0,40337.0,11639.0,178256.0,157102.0,139328.0,1119.0,2180.0,1968.0,32530.0,1186.0,3725.0,4505.0,768.0,2901.0
/mnt/aix22308/data/ADNI_delta_lfm/processed/126_S_4507/I322490/I322490_synthseg_1.5mm.nii.gz,591823.0,473.0,1242.0,8170.0,3141.0,41638.0,12153.0,190529.0,165154.0,129762.0,1037.0,2477.0,988.0,21772.0,1261.0,3747.0,4688.0,553.0,3038.0
/mnt/aix22308/data/ADNI_delta_lfm/processed/126_S_4507/I364331/I364331_synthseg_1.5mm.nii.gz,590691.0,465.0,1186.0,8039.0,3294.0,40784.0,11974.0,185735.0,163770.0,133973.0,1086.0,2397.0,1155.0,23575.0,1231.0,3800.0,4552.0,627.0,3048.0
/mnt/aix22308/data/ADNI_delta_lfm/processed/126_S_4507/I404757/I404757_synthseg_1.5mm.nii.gz,591735.0,486.0,1186.0,8120.0,3356.0,41304.0,11971.0,187719.0,163459.0,131825.0,1075.0,2369.0,1182.0,24316.0,1230.0,3801.0,4705.0,630.0,3001.0
/mnt/aix22308/data/ADNI_delta_lfm/processed/126_S_4675/I343483/I343483_synthseg_1.5mm.nii.gz,589305.0,408.0,1228.0,7987.0,2584.0,41275.0,10913.0,169526.0,158989.0,159581.0,834.0,2666.0,1145.0,19315.0,1078.0,3394.0,4412.0,912.0,3058.0
/mnt/aix22308/data/ADNI_delta_lfm/processed/126_S_4675/I368435/I368435_synthseg_1.5mm.nii.gz,584309.0,402.0,1218.0,7897.0,2584.0,41078.0,10718.0,169602.0,155462.0,158217.0,811.0,2462.0,1294.0,19897.0,1089.0,3386.0,4332.0,921.0,2939.0
/mnt/aix22308/data/ADNI_delta_lfm/processed/126_S_4675/I422767/I422767_synthseg_1.5mm.nii.gz,585943.0,374.0,1100.0,7954.0,2587.0,41262.0,10915.0,166216.0,156651.0,160914.0,794.0,2412.0,1494.0,20669.0,999.0,3376.0,4347.0,966.0,2913.0
/mnt/aix22308/data/ADNI_delta_lfm/processed/126_S_4891/I360650/I360650_synthseg_1.5mm.nii.gz,591739.0,466.0,1402.0,8152.0,2823.0,48196.0,12259.0,200531.0,172207.0,116395.0,594.0,3155.0,301.0,11820.0,1313.0,4071.0,4709.0,394.0,2951.0
/mnt/aix22308/data/ADNI_delta_lfm/processed/126_S_4891/I387644/I387644_synthseg_1.5mm.nii.gz,592421.0,444.0,1388.0,8114.0,2792.0,48017.0,12395.0,197869.0,171331.0,120398.0,616.0,3157.0,300.0,12355.0,1283.0,4037.0,4574.0,432.0,2919.0
/mnt/aix22308/data/ADNI_delta_lfm/processed/126_S_4891/I439276/I439276_synthseg_1.5mm.nii.gz,591444.0,430.0,1417.0,8090.0,2746.0,47519.0,12549.0,194652.0,169589.0,124525.0,553.0,3146.0,313.0,12756.0,1258.0,4021.0,4570.0,451.0,2859.0
/mnt/aix22308/data/ADNI_delta_lfm/processed/126_S_4891/I764391/I764391_synthseg_1.5mm.nii.gz,590763.0,425.0,1347.0,7971.0,2661.0,46805.0,12128.0,194397.0,163313.0,129999.0,572.0,3035.0,379.0,14647.0,1277.0,3963.0,4493.0,518.0,2833.0
/mnt/aix22308/data/ADNI_delta_lfm/processed/126_S_6721/I1157965/I1157965_synthseg_1.5mm.nii.gz,600790.0,449.0,1313.0,7708.0,3901.0,43358.0,11878.0,186144.0,145676.0,160053.0,1290.0,1894.0,1511.0,22164.0,1066.0,3982.0,4453.0,977.0,2973.0
/mnt/aix22308/data/ADNI_delta_lfm/processed/126_S_6721/I1439611/I1439611_synthseg_1.5mm.nii.gz,589388.0,354.0,1208.0,7427.0,3898.0,43787.0,12051.0,179878.0,147929.0,150258.0,1291.0,1840.0,1755.0,24860.0,1098.0,3810.0,4075.0,1045.0,2824.0
/mnt/aix22308/data/ADNI_delta_lfm/processed/127_S_0397/I15388/I15388_synthseg_1.5mm.nii.gz,580792.0,460.0,1057.0,7720.0,2620.0,38147.0,10895.0,173273.0,162981.0,158328.0,885.0,2527.0,589.0,9431.0,1046.0,3138.0,4431.0,579.0,2685.0
/mnt/aix22308/data/ADNI_delta_lfm/processed/127_S_0397/I32084/I32084_synthseg_1.5mm.nii.gz,588533.0,473.0,1105.0,7873.0,2667.0,40587.0,10934.0,176606.0,166946.0,155582.0,936.0,2597.0,619.0,9488.0,1124.0,3140.0,4540.0,593.0,2723.0
/mnt/aix22308/data/ADNI_delta_lfm/processed/127_S_0925/I108733/I108733_synthseg_1.5mm.nii.gz,589263.0,368.0,1052.0,7653.0,3210.0,39723.0,11648.0,180654.0,155712.0,141619.0,870.0,2711.0,744.0,29329.0,1298.0,3891.0,4780.0,990.0,3011.0
/mnt/aix22308/data/ADNI_delta_lfm/processed/127_S_0925/I128444/I128444_synthseg_1.5mm.nii.gz,583634.0,369.0,1075.0,7372.0,2897.0,39197.0,10968.0,176868.0,155322.0,141496.0,779.0,2600.0,848.0,30472.0,1185.0,3584.0,4662.0,976.0,2964.0
/mnt/aix22308/data/ADNI_delta_lfm/processed/127_S_0925/I158276/I158276_synthseg_1.5mm.nii.gz,588701.0,400.0,1106.0,7740.0,3215.0,39717.0,11599.0,178760.0,156276.0,141092.0,854.0,2603.0,802.0,30653.0,1252.0,3906.0,4880.0,971.0,2875.0
/mnt/aix22308/data/ADNI_delta_lfm/processed/127_S_0925/I265520/I265520_synthseg_1.5mm.nii.gz,584932.0,379.0,987.0,7568.0,3240.0,39875.0,11474.0,177869.0,155091.0,138113.0,996.0,2419.0,907.0,32682.0,1268.0,3779.0,4360.0,1023.0,2902.0
/mnt/aix22308/data/ADNI_delta_lfm/processed/127_S_0925/I28165/I28165_synthseg_1.5mm.nii.gz,587789.0,382.0,1187.0,7555.0,3224.0,39314.0,11298.0,181049.0,158911.0,137227.0,860.0,2768.0,751.0,29013.0,1196.0,3911.0,5104.0,969.0,3070.0
/mnt/aix22308/data/ADNI_delta_lfm/processed/127_S_0925/I346498/I346498_synthseg_1.5mm.nii.gz,591527.0,322.0,978.0,7425.0,3536.0,39599.0,11470.0,176747.0,154328.0,143539.0,991.0,2372.0,1066.0,35436.0,1273.0,3832.0,4639.0,1046.0,2928.0
/mnt/aix22308/data/ADNI_delta_lfm/processed/127_S_0925/I398220/I398220_synthseg_1.5mm.nii.gz,579718.0,327.0,826.0,7353.0,3312.0,39168.0,11715.0,173347.0,153415.0,136645.0,1013.0,2327.0,1078.0,36004.0,1263.0,3624.0,4451.0,1052.0,2798.0
/mnt/aix22308/data/ADNI_delta_lfm/processed/127_S_0925/I454271/I454271_synthseg_1.5mm.nii.gz,587737.0,328.0,797.0,7417.0,3634.0,39433.0,11332.0,174285.0,153087.0,141813.0,1001.0,2226.0,1294.0,38088.0,1201.0,3597.0,4386.0,1043.0,2775.0
/mnt/aix22308/data/ADNI_delta_lfm/processed/127_S_0925/I542411/I542411_synthseg_1.5mm.nii.gz,587669.0,326.0,864.0,7387.0,3473.0,39141.0,11403.0,170020.0,152488.0,143882.0,1053.0,2167.0,1300.0,40917.0,1223.0,3701.0,4459.0,1102.0,2763.0
/mnt/aix22308/data/ADNI_delta_lfm/processed/127_S_0925/I54972/I54972_synthseg_1.5mm.nii.gz,587720.0,402.0,1084.0,7560.0,2938.0,39341.0,11418.0,181303.0,161210.0,135950.0,856.0,2711.0,809.0,29420.0,781.0,3074.0,4543.0,962.0,3358.0
/mnt/aix22308/data/ADNI_delta_lfm/processed/127_S_0925/I793600/I793600_synthseg_1.5mm.nii.gz,589010.0,288.0,726.0,7434.0,3949.0,38105.0,10804.0,171964.0,152589.0,141644.0,1014.0,2098.0,1407.0,43941.0,1158.0,3660.0,4368.0,1066.0,2795.0
/mnt/aix22308/data/ADNI_delta_lfm/processed/127_S_0925/I83305/I83305_synthseg_1.5mm.nii.gz,588629.0,372.0,1071.0,7637.0,3133.0,39052.0,11301.0,184162.0,158620.0,135402.0,850.0,2635.0,815.0,29572.0,1181.0,3793.0,4811.0,977.0,3245.0
/mnt/aix22308/data/ADNI_delta_lfm/processed/127_S_4198/I293910/I293910_synthseg_1.5mm.nii.gz,589597.0,414.0,1322.0,8090.0,2761.0,40801.0,11846.0,186970.0,155981.0,145961.0,953.0,2983.0,627.0,17770.0,1205.0,3805.0,4610.0,571.0,2927.0
/mnt/aix22308/data/ADNI_delta_lfm/processed/127_S_4198/I331277/I331277_synthseg_1.5mm.nii.gz,591906.0,410.0,1337.0,8177.0,2756.0,41651.0,11879.0,188119.0,156527.0,145287.0,934.0,3032.0,618.0,17859.0,1239.0,3885.0,4610.0,577.0,3009.0
/mnt/aix22308/data/ADNI_delta_lfm/processed/127_S_4198/I391647/I391647_synthseg_1.5mm.nii.gz,588162.0,408.0,1272.0,8129.0,2700.0,41139.0,11567.0,187389.0,154846.0,144965.0,887.0,2994.0,612.0,18090.0,1220.0,3876.0,4567.0,589.0,2912.0
/mnt/aix22308/data/ADNI_delta_lfm/processed/127_S_4198/I520149/I520149_synthseg_1.5mm.nii.gz,588844.0,397.0,1234.0,8014.0,2694.0,40605.0,11727.0,183170.0,152935.0,150627.0,914.0,2767.0,694.0,20004.0,1191.0,3738.0,4489.0,681.0,2963.0
/mnt/aix22308/data/ADNI_delta_lfm/processed/127_S_4198/I914038/I914038_synthseg_1.5mm.nii.gz,592739.0,365.0,1129.0,8073.0,2775.0,39887.0,11789.0,182959.0,152157.0,153562.0,984.0,2658.0,859.0,22261.0,1235.0,3826.0,4583.0,747.0,2890.0
/mnt/aix22308/data/ADNI_delta_lfm/processed/127_S_4624/I350988/I350988_synthseg_1.5mm.nii.gz,589512.0,439.0,1266.0,8208.0,3411.0,41244.0,11138.0,186703.0,153878.0,149872.0,1142.0,2985.0,764.0,14398.0,1284.0,4162.0,4765.0,804.0,3049.0
/mnt/aix22308/data/ADNI_delta_lfm/processed/127_S_4624/I379453/I379453_synthseg_1.5mm.nii.gz,585556.0,404.0,1268.0,8172.0,3367.0,40487.0,11097.0,180208.0,153986.0,153112.0,1126.0,2913.0,781.0,14782.0,1336.0,4023.0,4609.0,808.0,3077.0
/mnt/aix22308/data/ADNI_delta_lfm/processed/127_S_4624/I440008/I440008_synthseg_1.5mm.nii.gz,588985.0,422.0,1184.0,8167.0,3440.0,40827.0,10988.0,186830.0,150880.0,151954.0,1145.0,2819.0,917.0,15452.0,1316.0,4044.0,4715.0,848.0,3037.0
/mnt/aix22308/data/ADNI_delta_lfm/processed/127_S_4624/I751311/I751311_synthseg_1.5mm.nii.gz,586166.0,390.0,1111.0,7939.0,3432.0,40544.0,10995.0,182948.0,148037.0,155122.0,1116.0,2583.0,1119.0,17032.0,1320.0,3970.0,4696.0,889.0,2923.0
/mnt/aix22308/data/ADNI_delta_lfm/processed/127_S_4940/I364431/I364431_synthseg_1.5mm.nii.gz,582915.0,336.0,892.0,8309.0,2711.0,41361.0,11207.0,174939.0,144368.0,160048.0,855.0,2016.0,1908.0,20886.0,1159.0,3557.0,4472.0,910.0,2981.0
/mnt/aix22308/data/ADNI_delta_lfm/processed/127_S_4940/I393246/I393246_synthseg_1.5mm.nii.gz,583223.0,302.0,841.0,8256.0,2755.0,41367.0,10860.0,176916.0,143088.0,159651.0,881.0,1901.0,2029.0,21433.0,1186.0,3536.0,4408.0,939.0,2874.0
/mnt/aix22308/data/ADNI_delta_lfm/processed/127_S_5028/I375181/I375181_synthseg_1.5mm.nii.gz,591215.0,518.0,1192.0,8713.0,2289.0,43301.0,13024.0,190920.0,177599.0,126665.0,611.0,2955.0,515.0,9939.0,1119.0,3593.0,4938.0,317.0,3007.0
/mnt/aix22308/data/ADNI_delta_lfm/processed/127_S_5028/I401530/I401530_synthseg_1.5mm.nii.gz,582487.0,467.0,1184.0,8507.0,2186.0,42335.0,12863.0,187480.0,171790.0,128993.0,588.0,2862.0,524.0,10264.0,1112.0,3404.0,4711.0,329.0,2888.0
/mnt/aix22308/data/ADNI_delta_lfm/processed/127_S_6357/I1025037/I1025037_synthseg_1.5mm.nii.gz,595650.0,538.0,1436.0,8785.0,2843.0,46303.0,12408.0,203453.0,178158.0,115349.0,601.0,3501.0,409.0,8074.0,1311.0,3812.0,4975.0,374.0,3320.0
/mnt/aix22308/data/ADNI_delta_lfm/processed/127_S_6357/I11141826/I11141826_synthseg_1.5mm.nii.gz,603994.0,496.0,1443.0,8768.0,2797.0,45660.0,12444.0,197684.0,173180.0,131467.0,658.0,3391.0,425.0,11850.0,1261.0,3712.0,5024.0,510.0,3224.0
/mnt/aix22308/data/ADNI_delta_lfm/processed/127_S_6357/I1337907/I1337907_synthseg_1.5mm.nii.gz,596583.0,532.0,1400.0,8687.0,2771.0,46556.0,12257.0,202605.0,175609.0,118677.0,611.0,3460.0,416.0,9148.0,1288.0,3816.0,5046.0,425.0,3279.0
/mnt/aix22308/data/ADNI_delta_lfm/processed/127_S_6357/I1629185/I1629185_synthseg_1.5mm.nii.gz,597164.0,535.0,1404.0,8637.0,2731.0,45711.0,12235.0,201673.0,172614.0,123680.0,601.0,3375.0,400.0,9997.0,1237.0,3759.0,4868.0,449.0,3258.0
/mnt/aix22308/data/ADNI_delta_lfm/processed/128_S_0135/I10431/I10431_synthseg_1.5mm.nii.gz,586832.0,453.0,1253.0,8185.0,3253.0,38604.0,11792.0,181280.0,153798.0,159610.0,936.0,2934.0,481.0,11298.0,1129.0,3953.0,4589.0,388.0,2896.0
/mnt/aix22308/data/ADNI_delta_lfm/processed/128_S_0135/I286721/I286721_synthseg_1.5mm.nii.gz,583405.0,433.0,1227.0,7958.0,3132.0,36865.0,10895.0,173917.0,150514.0,167476.0,1003.0,2707.0,626.0,13952.0,1100.0,3917.0,4396.0,473.0,2814.0
/mnt/aix22308/data/ADNI_delta_lfm/processed/128_S_0135/I39077/I39077_synthseg_1.5mm.nii.gz,586157.0,472.0,1258.0,8119.0,3246.0,38768.0,11660.0,181435.0,158553.0,153391.0,973.0,3033.0,499.0,11480.0,1065.0,4017.0,4802.0,400.0,2986.0
/mnt/aix22308/data/ADNI_delta_lfm/processed/128_S_0135/I487355/I487355_synthseg_1.5mm.nii.gz,580802.0,400.0,1187.0,8121.0,3142.0,37811.0,11633.0,173404.0,151725.0,161865.0,1042.0,2617.0,719.0,14407.0,1076.0,3929.0,4426.0,481.0,2817.0
/mnt/aix22308/data/ADNI_delta_lfm/processed/128_S_0135/I70242/I70242_synthseg_1.5mm.nii.gz,579250.0,430.0,1316.0,8077.0,3189.0,37825.0,11779.0,174888.0,154932.0,158106.0,957.0,2927.0,511.0,11522.0,1103.0,3954.0,4497.0,403.0,2834.0
/mnt/aix22308/data/ADNI_delta_lfm/processed/128_S_0135/I96187/I96187_synthseg_1.5mm.nii.gz,583575.0,472.0,1328.0,8040.0,3242.0,37810.0,11189.0,179684.0,152820.0,159361.0,973.0,2900.0,502.0,12286.0,1142.0,4007.0,4533.0,422.0,2864.0
/mnt/aix22308/data/ADNI_delta_lfm/processed/128_S_0200/I11112/I11112_synthseg_1.5mm.nii.gz,591152.0,512.0,1388.0,8824.0,3156.0,38602.0,12243.0,196204.0,176011.0,129337.0,789.0,3372.0,374.0,5437.0,1335.0,4268.0,5647.0,285.0,3368.0
/mnt/aix22308/data/ADNI_delta_lfm/processed/128_S_0200/I11484001/I11484001_synthseg_1.5mm.nii.gz,576296.0,533.0,1337.0,8502.0,2922.0,35102.0,11052.0,185559.0,159560.0,143162.0,928.0,2962.0,438.0,10095.0,1301.0,3963.0,5264.0,497.0,3119.0
/mnt/aix22308/data/ADNI_delta_lfm/processed/128_S_0200/I1278867/I1278867_synthseg_1.5mm.nii.gz,584353.0,552.0,1424.0,8810.0,3062.0,37821.0,11395.0,191342.0,169889.0,132975.0,909.0,3288.0,376.0,7777.0,1380.0,4271.0,5304.0,376.0,3402.0
/mnt/aix22308/data/ADNI_delta_lfm/processed/128_S_0200/I24431/I24431_synthseg_1.5mm.nii.gz,588600.0,528.0,1431.0,8983.0,3215.0,39076.0,11988.0,197462.0,176994.0,123738.0,794.0,3451.0,350.0,5505.0,1369.0,4321.0,5662.0,256.0,3477.0
/mnt/aix22308/data/ADNI_delta_lfm/processed/128_S_0200/I286031/I286031_synthseg_1.5mm.nii.gz,583994.0,537.0,1372.0,8714.0,3134.0,38032.0,11877.0,192140.0,172151.0,130504.0,846.0,3335.0,356.0,6260.0,1348.0,4241.0,5474.0,315.0,3358.0
/mnt/aix22308/data/ADNI_delta_lfm/processed/128_S_0200/I363392/I363392_synthseg_1.5mm.nii.gz,583656.0,566.0,1436.0,8734.0,3145.0,37783.0,11825.0,192290.0,171399.0,130657.0,863.0,3255.0,356.0,6671.0,1323.0,4227.0,5447.0,329.0,3350.0
/mnt/aix22308/data/ADNI_delta_lfm/processed/128_S_0200/I416506/I416506_synthseg_1.5mm.nii.gz,582100.0,531.0,1427.0,8714.0,3095.0,37858.0,11822.0,192629.0,169625.0,130363.0,882.0,3319.0,361.0,6849.0,1337.0,4162.0,5373.0,342.0,3411.0
/mnt/aix22308/data/ADNI_delta_lfm/processed/128_S_0200/I43091/I43091_synthseg_1.5mm.nii.gz,583543.0,535.0,1464.0,8855.0,3177.0,38489.0,11953.0,196319.0,174886.0,122536.0,864.0,3398.0,331.0,5626.0,1389.0,4295.0,5722.0,284.0,3420.0
/mnt/aix22308/data/ADNI_delta_lfm/processed/128_S_0200/I664623/I664623_synthseg_1.5mm.nii.gz,583424.0,553.0,1379.0,8782.0,3099.0,37892.0,11576.0,192307.0,169707.0,131743.0,882.0,3306.0,358.0,7024.0,1334.0,4239.0,5507.0,353.0,3383.0
/mnt/aix22308/data/ADNI_delta_lfm/processed/128_S_0200/I73077/I73077_synthseg_1.5mm.nii.gz,589277.0,572.0,1461.0,8872.0,3114.0,39008.0,11967.0,193479.0,176907.0,128643.0,812.0,3428.0,355.0,5627.0,1356.0,4329.0,5630.0,275.0,3442.0
/mnt/aix22308/data/ADNI_delta_lfm/processed/128_S_0200/I97355/I97355_synthseg_1.5mm.nii.gz,584075.0,558.0,1433.0,8836.0,3142.0,38098.0,11962.0,193553.0,173755.0,127694.0,811.0,3418.0,335.0,5576.0,1340.0,4268.0,5615.0,266.0,3415.0
/mnt/aix22308/data/ADNI_delta_lfm/processed/128_S_0225/I11179/I11179_synthseg_1.5mm.nii.gz,590874.0,450.0,1281.0,7380.0,2744.0,41398.0,11545.0,190124.0,153533.0,147620.0,587.0,3044.0,1072.0,15927.0,1313.0,4075.0,4873.0,812.0,3096.0
/mnt/aix22308/data/ADNI_delta_lfm/processed/128_S_0225/I153745/I153745_synthseg_1.5mm.nii.gz,581879.0,445.0,1259.0,7277.0,2765.0,39991.0,11067.0,188583.0,150173.0,143419.0,601.0,2820.0,1322.0,18018.0,1275.0,4108.0,4882.0,876.0,2998.0
/mnt/aix22308/data/ADNI_delta_lfm/processed/128_S_0225/I24721/I24721_synthseg_1.5mm.nii.gz,582162.0,445.0,1317.0,7278.0,2660.0,39951.0,11225.0,189236.0,152517.0,142334.0,608.0,3012.0,1105.0,16340.0,1183.0,4084.0,4861.0,819.0,3187.0
/mnt/aix22308/data/ADNI_delta_lfm/processed/128_S_0225/I286098/I286098_synthseg_1.5mm.nii.gz,579127.0,424.0,1277.0,6945.0,2847.0,38995.0,10902.0,186741.0,151260.0,141824.0,598.0,2572.0,1543.0,18986.0,1239.0,4109.0,4860.0,888.0,3117.0
/mnt/aix22308/data/ADNI_delta_lfm/processed/128_S_0225/I416399/I416399_synthseg_1.5mm.nii.gz,581276.0,400.0,1201.0,7162.0,2891.0,40051.0,11102.0,179130.0,150979.0,149482.0,683.0,2385.0,1721.0,20398.0,1262.0,3844.0,4682.0,935.0,2968.0
/mnt/aix22308/data/ADNI_delta_lfm/processed/128_S_0225/I41783/I41783_synthseg_1.5mm.nii.gz,581374.0,436.0,1321.0,7426.0,2769.0,40429.0,11404.0,187604.0,151883.0,142237.0,590.0,2947.0,1150.0,16937.0,1244.0,4118.0,4974.0,841.0,3064.0
/mnt/aix22308/data/ADNI_delta_lfm/processed/128_S_0225/I487337/I487337_synthseg_1.5mm.nii.gz,580660.0,438.0,1215.0,7256.0,2805.0,40027.0,10956.0,186159.0,149411.0,143640.0,670.0,2497.0,1694.0,19857.0,1260.0,3974.0,4721.0,963.0,3117.0
/mnt/aix22308/data/ADNI_delta_lfm/processed/128_S_0225/I664607/I664607_synthseg_1.5mm.nii.gz,581570.0,426.0,1161.0,7130.0,2936.0,39731.0,10914.0,180888.0,148862.0,148169.0,692.0,2250.0,2096.0,22457.0,1209.0,3967.0,4721.0,1021.0,2940.0
/mnt/aix22308/data/ADNI_delta_lfm/processed/128_S_0225/I72706/I72706_synthseg_1.5mm.nii.gz,580199.0,441.0,1313.0,7179.0,2684.0,39710.0,11237.0,189692.0,150456.0,141998.0,580.0,2837.0,1221.0,16801.0,1288.0,4004.0,4924.0,848.0,2986.0
/mnt/aix22308/data/ADNI_delta_lfm/processed/128_S_0225/I99006/I99006_synthseg_1.5mm.nii.gz,583525.0,457.0,1295.0,7315.0,2740.0,41103.0,11050.0,188491.0,152217.0,142812.0,567.0,2852.0,1188.0,17135.0,1294.0,4145.0,4918.0,850.0,3096.0
/mnt/aix22308/data/ADNI_delta_lfm/processed/128_S_0229/I100573/I100573_synthseg_1.5mm.nii.gz,597285.0,464.0,1366.0,8114.0,2361.0,39771.0,12056.0,197425.0,162357.0,148191.0,853.0,3248.0,753.0,6459.0,1189.0,3822.0,5571.0,293.0,2992.0
/mnt/aix22308/data/ADNI_delta_lfm/processed/128_S_0229/I12459/I12459_synthseg_1.5mm.nii.gz,605450.0,503.0,1412.0,8219.0,2391.0,39749.0,12292.0,199202.0,167554.0,149231.0,867.0,3330.0,708.0,6073.0,1194.0,3849.0,5487.0,247.0,3142.0
/mnt/aix22308/data/ADNI_delta_lfm/processed/128_S_0229/I153934/I153934_synthseg_1.5mm.nii.gz,593917.0,466.0,1354.0,8168.0,2359.0,40213.0,11962.0,193467.0,160204.0,150517.0,805.0,3202.0,706.0,6579.0,1046.0,3944.0,5486.0,278.0,3161.0
/mnt/aix22308/data/ADNI_delta_lfm/processed/128_S_0229/I26467/I26467_synthseg_1.5mm.nii.gz,590426.0,489.0,1357.0,7983.0,2365.0,39348.0,11880.0,194879.0,161871.0,146245.0,775.0,3210.0,703.0,5732.0,1084.0,3792.0,5406.0,249.0,3058.0
/mnt/aix22308/data/ADNI_delta_lfm/processed/128_S_0229/I289700/I289700_synthseg_1.5mm.nii.gz,593434.0,466.0,1351.0,8256.0,2319.0,40145.0,11870.0,190730.0,157769.0,155046.0,764.0,3065.0,779.0,7192.0,1109.0,3830.0,5331.0,331.0,3081.0
/mnt/aix22308/data/ADNI_delta_lfm/processed/128_S_0229/I419765/I419765_synthseg_1.5mm.nii.gz,588001.0,427.0,1294.0,8135.0,2298.0,39698.0,11509.0,187103.0,153215.0,158130.0,815.0,2789.0,847.0,8149.0,1131.0,3795.0,5315.0,357.0,2994.0
/mnt/aix22308/data/ADNI_delta_lfm/processed/128_S_0229/I46515/I46515_synthseg_1.5mm.nii.gz,591233.0,475.0,1374.0,8153.0,2303.0,39414.0,12176.0,195164.0,161249.0,146771.0,802.0,3191.0,715.0,5671.0,1096.0,3915.0,5299.0,245.0,3220.0
/mnt/aix22308/data/ADNI_delta_lfm/processed/128_S_0229/I487344/I487344_synthseg_1.5mm.nii.gz,587726.0,407.0,1230.0,8152.0,2286.0,39137.0,11605.0,186027.0,153936.0,158898.0,841.0,2899.0,873.0,7962.0,1120.0,3675.0,5289.0,364.0,3025.0
/mnt/aix22308/data/ADNI_delta_lfm/processed/128_S_0229/I665378/I665378_synthseg_1.5mm.nii.gz,591259.0,450.0,1224.0,8196.0,2238.0,39972.0,11823.0,185209.0,153662.0,162694.0,762.0,2845.0,799.0,7983.0,1044.0,3639.0,5268.0,366.0,3085.0
/mnt/aix22308/data/ADNI_delta_lfm/processed/128_S_0272/I1001504/I1001504_synthseg_1.5mm.nii.gz,598681.0,496.0,1332.0,7179.0,3118.0,37863.0,10880.0,199526.0,158658.0,141220.0,732.0,2823.0,918.0,19979.0,1305.0,4060.0,4824.0,833.0,2935.0
/mnt/aix22308/data/ADNI_delta_lfm/processed/128_S_0272/I104413/I104413_synthseg_1.5mm.nii.gz,591685.0,541.0,1381.0,7365.0,2973.0,37626.0,11433.0,198023.0,170683.0,132860.0,654.0,3241.0,459.0,10869.0,1253.0,3955.0,4942.0,499.0,2928.0
/mnt/aix22308/data/ADNI_delta_lfm/processed/128_S_0272/I12313/I12313_synthseg_1.5mm.nii.gz,605367.0,528.0,1429.0,7654.0,3052.0,38857.0,11707.0,201768.0,177056.0,134495.0,699.0,3358.0,498.0,10528.0,1282.0,4088.0,4940.0,468.0,2960.0
/mnt/aix22308/data/ADNI_delta_lfm/processed/128_S_0272/I146224/I146224_synthseg_1.5mm.nii.gz,590509.0,518.0,1426.0,7225.0,2949.0,37435.0,11372.0,196109.0,168505.0,135904.0,658.0,3219.0,461.0,11307.0,1154.0,3891.0,4965.0,521.0,2890.0
/mnt/aix22308/data/ADNI_delta_lfm/processed/128_S_0272/I26217/I26217_synthseg_1.5mm.nii.gz,591786.0,503.0,1396.0,7413.0,3012.0,37845.0,11487.0,198274.0,172397.0,131432.0,646.0,3235.0,458.0,10109.0,1267.0,3997.0,4944.0,457.0,2914.0
/mnt/aix22308/data/ADNI_delta_lfm/processed/128_S_0272/I300603/I300603_synthseg_1.5mm.nii.gz,587055.0,497.0,1337.0,7151.0,2940.0,37640.0,11048.0,192442.0,163849.0,139204.0,687.0,3052.0,543.0,13203.0,1235.0,3899.0,4867.0,582.0,2879.0
/mnt/aix22308/data/ADNI_delta_lfm/processed/128_S_0272/I377692/I377692_synthseg_1.5mm.nii.gz,584919.0,489.0,1348.0,7059.0,2935.0,36940.0,11031.0,190851.0,163636.0,139123.0,643.0,3021.0,568.0,13922.0,1235.0,3913.0,4801.0,592.0,2812.0
/mnt/aix22308/data/ADNI_delta_lfm/processed/128_S_0272/I428012/I428012_synthseg_1.5mm.nii.gz,585415.0,505.0,1307.0,7060.0,2974.0,36997.0,10897.0,190928.0,161622.0,140858.0,660.0,2952.0,584.0,14627.0,1222.0,3961.0,4757.0,625.0,2879.0
/mnt/aix22308/data/ADNI_delta_lfm/processed/128_S_0272/I53270/I53270_synthseg_1.5mm.nii.gz,590199.0,525.0,1378.0,7320.0,3032.0,37337.0,11364.0,196380.0,171261.0,132682.0,644.0,3229.0,506.0,10928.0,1291.0,3988.0,4913.0,498.0,2923.0
/mnt/aix22308/data/ADNI_delta_lfm/processed/128_S_0272/I705633/I705633_synthseg_1.5mm.nii.gz,586337.0,474.0,1302.0,6990.0,2973.0,36096.0,10730.0,187299.0,157920.0,146502.0,723.0,2784.0,837.0,18355.0,1222.0,3774.0,4778.0,754.0,2824.0
/mnt/aix22308/data/ADNI_delta_lfm/processed/130_S_0886/I119253/I119253_synthseg_1.5mm.nii.gz,617485.0,537.0,1455.0,8410.0,3160.0,42168.0,12450.0,201488.0,166923.0,151310.0,951.0,3403.0,411.0,10223.0,1386.0,4274.0,5197.0,570.0,3169.0
/mnt/aix22308/data/ADNI_delta_lfm/processed/130_S_0886/I25455/I25455_synthseg_1.5mm.nii.gz,585640.0,521.0,1343.0,7783.0,2943.0,42239.0,11651.0,189479.0,157487.0,145680.0,848.0,3183.0,388.0,8772.0,1263.0,3855.0,4822.0,488.0,2895.0
/mnt/aix22308/data/ADNI_delta_lfm/processed/130_S_0886/I48730/I48730_synthseg_1.5mm.nii.gz,619445.0,560.0,1432.0,8551.0,3263.0,42019.0,12449.0,202881.0,169584.0,148993.0,971.0,3460.0,415.0,10082.0,1438.0,4295.0,5267.0,554.0,3231.0
/mnt/aix22308/data/ADNI_delta_lfm/processed/130_S_0886/I77144/I77144_synthseg_1.5mm.nii.gz,582569.0,520.0,1341.0,7801.0,2921.0,40301.0,11491.0,189684.0,156608.0,145237.0,831.0,3147.0,385.0,8849.0,1353.0,3855.0,4798.0,507.0,2940.0
/mnt/aix22308/data/ADNI_delta_lfm/processed/130_S_1201/I36269/I36269_synthseg_1.5mm.nii.gz,575619.0,306.0,805.0,7308.0,2820.0,35191.0,11117.0,165801.0,142373.0,165648.0,740.0,1957.0,1516.0,28090.0,1115.0,3397.0,3851.0,1042.0,2542.0
/mnt/aix22308/data/ADNI_delta_lfm/processed/130_S_1201/I66933/I66933_synthseg_1.5mm.nii.gz,565277.0,313.0,790.0,7215.0,2839.0,34983.0,10394.0,162196.0,139638.0,164201.0,713.0,1896.0,1527.0,26753.0,995.0,3405.0,3959.0,998.0,2462.0
/mnt/aix22308/data/ADNI_delta_lfm/processed/130_S_1201/I89355/I89355_synthseg_1.5mm.nii.gz,581996.0,332.0,818.0,7484.0,3005.0,36337.0,10995.0,170495.0,144795.0,162903.0,699.0,2005.0,1514.0,28141.0,1084.0,3554.0,4164.0,1078.0,2593.0
/mnt/aix22308/data/ADNI_delta_lfm/processed/130_S_1290/I38395/I38395_synthseg_1.5mm.nii.gz,574437.0,441.0,1163.0,8170.0,3023.0,42462.0,12668.0,168301.0,149293.0,153205.0,638.0,2589.0,701.0,17992.0,1220.0,4497.0,4671.0,467.0,2936.0
/mnt/aix22308/data/ADNI_delta_lfm/processed/130_S_1290/I72063/I72063_synthseg_1.5mm.nii.gz,568985.0,415.0,1154.0,8140.0,2899.0,42030.0,12639.0,165684.0,146128.0,153467.0,682.0,2528.0,760.0,18699.0,1223.0,4392.0,4703.0,496.0,2946.0
/mnt/aix22308/data/ADNI_delta_lfm/processed/130_S_1290/I92815/I92815_synthseg_1.5mm.nii.gz,553182.0,400.0,1135.0,7988.0,2833.0,41118.0,12419.0,161571.0,140480.0,149415.0,656.0,2384.0,727.0,18673.0,1193.0,4348.0,4523.0,502.0,2817.0
/mnt/aix22308/data/ADNI_delta_lfm/processed/130_S_4730/I352404/I352404_synthseg_1.5mm.nii.gz,592433.0,274.0,983.0,8183.0,3380.0,40428.0,11988.0,175511.0,158544.0,136932.0,1021.0,2351.0,2876.0,37455.0,1050.0,3391.0,4180.0,1034.0,2852.0
/mnt/aix22308/data/ADNI_delta_lfm/processed/130_S_4730/I376250/I376250_synthseg_1.5mm.nii.gz,594717.0,273.0,944.0,8201.0,3417.0,40009.0,12043.0,173797.0,157759.0,139413.0,1056.0,2439.0,2999.0,40131.0,973.0,3330.0,4059.0,1016.0,2858.0
/mnt/aix22308/data/ADNI_delta_lfm/processed/130_S_5258/I1177143/I1177143_synthseg_1.5mm.nii.gz,594484.0,460.0,1559.0,7862.0,3521.0,45932.0,12003.0,180706.0,150168.0,151375.0,1328.0,3554.0,1198.0,20335.0,1217.0,4363.0,4928.0,857.0,3118.0
/mnt/aix22308/data/ADNI_delta_lfm/processed/130_S_5258/I1460948/I1460948_synthseg_1.5mm.nii.gz,590047.0,438.0,1460.0,7847.0,3475.0,45479.0,11717.0,177812.0,147694.0,152999.0,1270.0,3365.0,1304.0,20787.0,1221.0,4430.0,4911.0,870.0,2968.0
/mnt/aix22308/data/ADNI_delta_lfm/processed/130_S_5258/I743631/I743631_synthseg_1.5mm.nii.gz,595426.0,507.0,1473.0,7945.0,3254.0,45817.0,12054.0,183824.0,153782.0,150104.0,1342.0,3701.0,807.0,16732.0,1138.0,4254.0,4777.0,739.0,3176.0
/mnt/aix22308/data/ADNI_delta_lfm/processed/130_S_6037/I1189614/I1189614_synthseg_1.5mm.nii.gz,600206.0,482.0,1507.0,8746.0,2652.0,43129.0,12910.0,202934.0,175474.0,126255.0,771.0,3579.0,345.0,7151.0,1214.0,3965.0,5186.0,421.0,3485.0
/mnt/aix22308/data/ADNI_delta_lfm/processed/130_S_6037/I1472002/I1472002_synthseg_1.5mm.nii.gz,609675.0,496.0,1539.0,8836.0,2619.0,43013.0,13129.0,204049.0,176195.0,133069.0,811.0,3631.0,352.0,7624.0,1263.0,3983.0,5174.0,443.0,3449.0
/mnt/aix22308/data/ADNI_delta_lfm/processed/130_S_6037/I873168/I873168_synthseg_1.5mm.nii.gz,599792.0,497.0,1440.0,8729.0,2565.0,41369.0,13027.0,195260.0,176679.0,133830.0,873.0,3527.0,352.0,7289.0,1237.0,4036.0,5150.0,457.0,3475.0
/mnt/aix22308/data/ADNI_delta_lfm/processed/130_S_6611/I1062918/I1062918_synthseg_1.5mm.nii.gz,601008.0,386.0,1420.0,6824.0,2344.0,34322.0,9376.0,203490.0,162279.0,149736.0,955.0,3273.0,397.0,14111.0,947.0,3312.0,4402.0,881.0,2553.0
/mnt/aix22308/data/ADNI_delta_lfm/processed/130_S_6611/I1304673/I1304673_synthseg_1.5mm.nii.gz,605369.0,380.0,1434.0,6885.0,2373.0,34699.0,9330.0,205586.0,161999.0,151388.0,938.0,3316.0,413.0,14446.0,1034.0,3323.0,4355.0,868.0,2602.0
/mnt/aix22308/data/ADNI_delta_lfm/processed/131_S_0409/I14240/I14240_synthseg_1.5mm.nii.gz,576576.0,308.0,981.0,6658.0,3047.0,35033.0,10243.0,164627.0,155098.0,153666.0,597.0,2154.0,958.0,31272.0,1013.0,3481.0,4094.0,833.0,2513.0
/mnt/aix22308/data/ADNI_delta_lfm/processed/131_S_0409/I38686/I38686_synthseg_1.5mm.nii.gz,579750.0,275.0,964.0,6653.0,3292.0,34854.0,10534.0,161458.0,156053.0,156765.0,647.0,2099.0,1021.0,33418.0,976.0,3410.0,3998.0,869.0,2464.0
/mnt/aix22308/data/ADNI_delta_lfm/processed/131_S_0497/I113517/I113517_synthseg_1.5mm.nii.gz,584433.0,309.0,983.0,7169.0,3330.0,36526.0,11092.0,167008.0,146498.0,156849.0,965.0,2212.0,2123.0,36027.0,1107.0,3857.0,4474.0,1191.0,2713.0
/mnt/aix22308/data/ADNI_delta_lfm/processed/131_S_0497/I16666/I16666_synthseg_1.5mm.nii.gz,587314.0,330.0,1051.0,7347.0,3268.0,37089.0,11345.0,175073.0,148616.0,153040.0,908.0,2314.0,1649.0,31405.0,1214.0,3965.0,4648.0,1163.0,2889.0
/mnt/aix22308/data/ADNI_delta_lfm/processed/131_S_0497/I35969/I35969_synthseg_1.5mm.nii.gz,582385.0,329.0,1054.0,7268.0,3218.0,36780.0,11374.0,169604.0,147479.0,154831.0,922.0,2285.0,1748.0,31904.0,1178.0,3958.0,4519.0,1151.0,2783.0
/mnt/aix22308/data/ADNI_delta_lfm/processed/131_S_0497/I57297/I57297_synthseg_1.5mm.nii.gz,584027.0,327.0,1017.0,7321.0,3238.0,36913.0,11373.0,169811.0,149199.0,153768.0,963.0,2261.0,1776.0,32352.0,1172.0,3958.0,4661.0,1150.0,2767.0
/mnt/aix22308/data/ADNI_delta_lfm/processed/131_S_6519/I1032569/I1032569_synthseg_1.5mm.nii.gz,592750.0,358.0,1395.0,8841.0,3364.0,40049.0,12217.0,185907.0,158335.0,135625.0,661.0,3133.0,918.0,27594.0,1259.0,3912.0,5181.0,890.0,3111.0
/mnt/aix22308/data/ADNI_delta_lfm/processed/131_S_6519/I1346089/I1346089_synthseg_1.5mm.nii.gz,611734.0,378.0,1428.0,9175.0,3614.0,41507.0,12561.0,191546.0,164072.0,138942.0,720.0,3210.0,980.0,28932.0,1258.0,4034.0,5280.0,921.0,3176.0
/mnt/aix22308/data/ADNI_delta_lfm/processed/131_S_6805/I1228298/I1228298_synthseg_1.5mm.nii.gz,586867.0,413.0,1380.0,8404.0,3224.0,40462.0,12987.0,172046.0,159501.0,143230.0,835.0,2946.0,1101.0,26153.0,1191.0,3680.0,5404.0,631.0,3279.0
/mnt/aix22308/data/ADNI_delta_lfm/processed/131_S_6805/I1525978/I1525978_synthseg_1.5mm.nii.gz,580619.0,403.0,1286.0,8193.0,3538.0,38647.0,12407.0,163278.0,153437.0,141794.0,877.0,2575.0,1747.0,38643.0,1127.0,3512.0,5215.0,764.0,3176.0
/mnt/aix22308/data/ADNI_delta_lfm/processed/131_S_6805/I1573570/I1573570_synthseg_1.5mm.nii.gz,593044.0,411.0,1315.0,8489.0,3329.0,40287.0,12840.0,171513.0,159410.0,144362.0,856.0,2782.0,1390.0,31964.0,1207.0,3597.0,5271.0,683.0,3338.0
/mnt/aix22308/data/ADNI_delta_lfm/processed/135_S_6110/I1073317/I1073317_synthseg_1.5mm.nii.gz,595879.0,424.0,1267.0,8709.0,3541.0,40450.0,11645.0,198140.0,162642.0,125747.0,887.0,3020.0,875.0,24139.0,1475.0,4217.0,4726.0,756.0,3219.0
/mnt/aix22308/data/ADNI_delta_lfm/processed/135_S_6110/I1256452/I1256452_synthseg_1.5mm.nii.gz,595979.0,439.0,1352.0,8704.0,3635.0,40628.0,11575.0,199781.0,162713.0,123168.0,890.0,3077.0,838.0,24623.0,1480.0,4336.0,4743.0,775.0,3222.0
/mnt/aix22308/data/ADNI_delta_lfm/processed/135_S_6110/I1376876/I1376876_synthseg_1.5mm.nii.gz,595404.0,387.0,1309.0,8859.0,3742.0,40532.0,11625.0,198449.0,162068.0,122534.0,902.0,3086.0,888.0,26368.0,1419.0,4339.0,4824.0,827.0,3246.0
/mnt/aix22308/data/ADNI_delta_lfm/processed/135_S_6110/I931630/I931630_synthseg_1.5mm.nii.gz,594238.0,451.0,1287.0,8849.0,3524.0,39942.0,11673.0,197852.0,162699.0,126594.0,849.0,3044.0,769.0,22367.0,1341.0,4264.0,4773.0,727.0,3233.0
/mnt/aix22308/data/ADNI_delta_lfm/processed/135_S_6586/I1049755/I1049755_synthseg_1.5mm.nii.gz,585875.0,522.0,1368.0,8116.0,3143.0,31605.0,10070.0,192931.0,159567.0,142318.0,843.0,2753.0,1434.0,17719.0,1105.0,3807.0,4651.0,774.0,3149.0
/mnt/aix22308/data/ADNI_delta_lfm/processed/135_S_6586/I1245803/I1245803_synthseg_1.5mm.nii.gz,586995.0,464.0,1312.0,8228.0,2970.0,39986.0,10843.0,183914.0,151891.0,150605.0,924.0,2536.0,1607.0,18896.0,1063.0,3647.0,4314.0,833.0,2962.0
/mnt/aix22308/data/ADNI_delta_lfm/processed/135_S_6586/I1349517/I1349517_synthseg_1.5mm.nii.gz,585548.0,452.0,1236.0,8189.0,2989.0,36749.0,10876.0,187168.0,152825.0,147731.0,893.0,2550.0,1607.0,19342.0,1110.0,3630.0,4323.0,839.0,3039.0
/mnt/aix22308/data/ADNI_delta_lfm/processed/135_S_6586/I1503691/I1503691_synthseg_1.5mm.nii.gz,585842.0,418.0,1201.0,8436.0,3048.0,39807.0,10794.0,182164.0,154740.0,147065.0,937.0,2509.0,1739.0,20203.0,1134.0,3669.0,4273.0,825.0,2880.0
/mnt/aix22308/data/ADNI_delta_lfm/processed/135_S_6586/I1636119/I1636119_synthseg_1.5mm.nii.gz,587418.0,404.0,1048.0,8085.0,2965.0,39453.0,11042.0,181483.0,155406.0,148740.0,970.0,2401.0,1846.0,21091.0,1062.0,3555.0,4191.0,875.0,2801.0
/mnt/aix22308/data/ADNI_delta_lfm/processed/135_S_6703/I10435144/I10435144_synthseg_1.5mm.nii.gz,601171.0,455.0,1049.0,8159.0,2927.0,44841.0,14100.0,191680.0,169372.0,138844.0,578.0,2675.0,448.0,12298.0,1309.0,3468.0,5368.0,422.0,3178.0
/mnt/aix22308/data/ADNI_delta_lfm/processed/135_S_6703/I1147711/I1147711_synthseg_1.5mm.nii.gz,597684.0,481.0,1249.0,7974.0,2966.0,43630.0,14557.0,190371.0,176877.0,131631.0,589.0,3065.0,375.0,10093.0,1377.0,3788.0,5165.0,311.0,3185.0
/mnt/aix22308/data/ADNI_delta_lfm/processed/135_S_6703/I1434111/I1434111_synthseg_1.5mm.nii.gz,603926.0,503.0,1185.0,8321.0,3016.0,44663.0,14148.0,199870.0,174288.0,129405.0,608.0,3012.0,338.0,10516.0,1357.0,3739.0,5411.0,327.0,3219.0
/mnt/aix22308/data/ADNI_delta_lfm/processed/135_S_6703/I1574853/I1574853_synthseg_1.5mm.nii.gz,599439.0,480.0,1163.0,8198.0,3034.0,43814.0,13805.0,196642.0,172077.0,131985.0,591.0,2909.0,368.0,10586.0,1349.0,3671.0,5310.0,341.0,3116.0
/mnt/aix22308/data/ADNI_delta_lfm/processed/135_S_6703/I1691098/I1691098_synthseg_1.5mm.nii.gz,604271.0,477.0,1120.0,8246.0,3021.0,44741.0,13941.0,197001.0,172541.0,134000.0,639.0,2862.0,405.0,11425.0,1354.0,3677.0,5306.0,383.0,3132.0
/mnt/aix22308/data/ADNI_delta_lfm/processed/137_S_0158/I11127/I11127_synthseg_1.5mm.nii.gz,609714.0,482.0,1160.0,9488.0,2658.0,43026.0,12619.0,198146.0,162749.0,154357.0,1061.0,3234.0,472.0,7007.0,1230.0,3507.0,4761.0,537.0,3220.0
/mnt/aix22308/data/ADNI_delta_lfm/processed/137_S_0158/I139676/I139676_synthseg_1.5mm.nii.gz,596905.0,458.0,1073.0,9456.0,2624.0,43703.0,12638.0,188729.0,156025.0,157507.0,1086.0,3073.0,498.0,7249.0,1189.0,3379.0,4658.0,557.0,3003.0
/mnt/aix22308/data/ADNI_delta_lfm/processed/137_S_0158/I26439/I26439_synthseg_1.5mm.nii.gz,602000.0,470.0,1148.0,9441.0,2684.0,42802.0,12203.0,196211.0,160849.0,151933.0,1044.0,3241.0,472.0,6574.0,1200.0,3509.0,4684.0,520.0,3015.0
/mnt/aix22308/data/ADNI_delta_lfm/processed/137_S_0158/I47344/I47344_synthseg_1.5mm.nii.gz,598021.0,463.0,1177.0,8976.0,2624.0,40243.0,12013.0,194562.0,160852.0,152546.0,1034.0,3178.0,467.0,7020.0,1211.0,3432.0,4625.0,531.0,3067.0
/mnt/aix22308/data/ADNI_delta_lfm/processed/137_S_0158/I73242/I73242_synthseg_1.5mm.nii.gz,602207.0,479.0,1137.0,9438.0,2703.0,42944.0,12522.0,197042.0,160264.0,151178.0,1067.0,3206.0,455.0,6656.0,1234.0,3530.0,4683.0,528.0,3141.0
/mnt/aix22308/data/ADNI_delta_lfm/processed/137_S_0158/I99459/I99459_synthseg_1.5mm.nii.gz,598289.0,492.0,1084.0,9318.0,2647.0,42627.0,12328.0,194435.0,159706.0,151126.0,1044.0,3107.0,489.0,6924.0,1231.0,3456.0,4696.0,522.0,3057.0
/mnt/aix22308/data/ADNI_delta_lfm/processed/137_S_0459/I104632/I104632_synthseg_1.5mm.nii.gz,593258.0,525.0,1343.0,8612.0,2947.0,38862.0,11207.0,176597.0,155278.0,164480.0,756.0,3110.0,600.0,15028.0,1233.0,3992.0,5093.0,573.0,3022.0
/mnt/aix22308/data/ADNI_delta_lfm/processed/137_S_0459/I14178/I14178_synthseg_1.5mm.nii.gz,601537.0,531.0,1339.0,8584.0,3019.0,38664.0,11374.0,184426.0,157245.0,163048.0,661.0,3263.0,545.0,14501.0,1287.0,4090.0,5314.0,564.0,3082.0
/mnt/aix22308/data/ADNI_delta_lfm/processed/137_S_0459/I143203/I143203_synthseg_1.5mm.nii.gz,594439.0,513.0,1220.0,8429.0,2884.0,37968.0,11114.0,179996.0,151257.0,167090.0,717.0,3126.0,615.0,15665.0,1216.0,3867.0,5137.0,617.0,3008.0
/mnt/aix22308/data/ADNI_delta_lfm/processed/137_S_0459/I29637/I29637_synthseg_1.5mm.nii.gz,601181.0,523.0,1292.0,8633.0,2983.0,38646.0,11167.0,184614.0,156951.0,163051.0,706.0,3342.0,564.0,14519.0,1282.0,4018.0,5230.0,567.0,3093.0
/mnt/aix22308/data/ADNI_delta_lfm/processed/137_S_0459/I54627/I54627_synthseg_1.5mm.nii.gz,593557.0,522.0,1254.0,8517.0,2971.0,38041.0,11077.0,182380.0,154728.0,161296.0,696.0,3165.0,537.0,14364.0,1274.0,4050.0,5194.0,572.0,2919.0
/mnt/aix22308/data/ADNI_delta_lfm/processed/137_S_4211/I298404/I298404_synthseg_1.5mm.nii.gz,594260.0,501.0,1045.0,7140.0,2930.0,42160.0,11383.0,186597.0,146546.0,164319.0,686.0,2610.0,844.0,14298.0,1162.0,4045.0,4749.0,596.0,2649.0
/mnt/aix22308/data/ADNI_delta_lfm/processed/137_S_4211/I339319/I339319_synthseg_1.5mm.nii.gz,597217.0,488.0,991.0,7159.0,2905.0,41397.0,11306.0,186150.0,147008.0,167226.0,746.0,2564.0,907.0,15222.0,1212.0,3908.0,4734.0,602.0,2692.0
/mnt/aix22308/data/ADNI_delta_lfm/processed/137_S_4211/I394287/I394287_synthseg_1.5mm.nii.gz,592406.0,500.0,928.0,7079.0,2860.0,40871.0,11171.0,181274.0,144199.0,170041.0,773.0,2348.0,1074.0,16275.0,1202.0,3893.0,4612.0,633.0,2673.0
/mnt/aix22308/data/ADNI_delta_lfm/processed/137_S_4632/I351746/I351746_synthseg_1.5mm.nii.gz,600782.0,477.0,1633.0,7943.0,3028.0,44959.0,11902.0,193273.0,167858.0,133244.0,1112.0,3212.0,767.0,17049.0,1283.0,4382.0,4880.0,718.0,3062.0
/mnt/aix22308/data/ADNI_delta_lfm/processed/137_S_4632/I377601/I377601_synthseg_1.5mm.nii.gz,600030.0,508.0,1583.0,7965.0,2934.0,44709.0,12033.0,193493.0,166675.0,133673.0,1123.0,3178.0,769.0,17053.0,1288.0,4489.0,4738.0,739.0,3080.0
/mnt/aix22308/data/ADNI_delta_lfm/processed/137_S_4632/I435040/I435040_synthseg_1.5mm.nii.gz,597423.0,479.0,1484.0,7898.0,2834.0,43187.0,11714.0,189236.0,164459.0,138228.0,1181.0,3129.0,858.0,18603.0,1264.0,4315.0,4794.0,781.0,2979.0
/mnt/aix22308/data/ADNI_delta_lfm/processed/137_S_4632/I750097/I750097_synthseg_1.5mm.nii.gz,596743.0,473.0,1518.0,7732.0,2875.0,43247.0,11451.0,189941.0,161919.0,139116.0,1182.0,3097.0,888.0,19312.0,1255.0,4321.0,4729.0,794.0,2893.0
/mnt/aix22308/data/ADNI_delta_lfm/processed/141_S_0767/I1152079/I1152079_synthseg_1.5mm.nii.gz,600132.0,473.0,1294.0,8655.0,2583.0,41974.0,11829.0,187791.0,153477.0,157953.0,1202.0,2714.0,772.0,16017.0,1257.0,3894.0,4797.0,543.0,2907.0
/mnt/aix22308/data/ADNI_delta_lfm/processed/141_S_0767/I119448/I119448_synthseg_1.5mm.nii.gz,582251.0,484.0,1281.0,8513.0,2507.0,40151.0,12200.0,185994.0,157866.0,145944.0,1087.0,2889.0,475.0,10028.0,1178.0,3747.0,4695.0,343.0,2869.0
/mnt/aix22308/data/ADNI_delta_lfm/processed/141_S_0767/I1471354/I1471354_synthseg_1.5mm.nii.gz,574761.0,423.0,1195.0,8279.0,2395.0,40450.0,11429.0,169229.0,146260.0,161349.0,1192.0,2450.0,855.0,16718.0,1199.0,3687.0,4341.0,577.0,2733.0
/mnt/aix22308/data/ADNI_delta_lfm/processed/141_S_0767/I23491/I23491_synthseg_1.5mm.nii.gz,591796.0,498.0,1304.0,8645.0,2579.0,40771.0,12575.0,186967.0,164586.0,146443.0,1117.0,2948.0,481.0,9788.0,1155.0,3810.0,4831.0,334.0,2964.0
/mnt/aix22308/data/ADNI_delta_lfm/processed/141_S_0767/I255597/I255597_synthseg_1.5mm.nii.gz,588322.0,448.0,1205.0,8591.0,2481.0,40067.0,12083.0,183813.0,157377.0,153320.0,1152.0,2824.0,580.0,11759.0,1174.0,3631.0,4624.0,407.0,2786.0
/mnt/aix22308/data/ADNI_delta_lfm/processed/141_S_0767/I326373/I326373_synthseg_1.5mm.nii.gz,573802.0,465.0,1208.0,8388.0,2393.0,39064.0,11764.0,179203.0,153041.0,150044.0,1104.0,2798.0,520.0,11235.0,1162.0,3657.0,4562.0,402.0,2792.0
/mnt/aix22308/data/ADNI_delta_lfm/processed/141_S_0767/I401921/I401921_synthseg_1.5mm.nii.gz,601967.0,500.0,1330.0,8765.0,2600.0,41778.0,12160.0,191304.0,159199.0,153638.0,1171.0,2871.0,603.0,12715.0,1228.0,3923.0,4792.0,428.0,2962.0
/mnt/aix22308/data/ADNI_delta_lfm/processed/141_S_0767/I42711/I42711_synthseg_1.5mm.nii.gz,581216.0,477.0,1218.0,8391.0,2498.0,40443.0,12671.0,183732.0,159779.0,145364.0,1108.0,2915.0,447.0,9419.0,1160.0,3659.0,4715.0,328.0,2892.0
/mnt/aix22308/data/ADNI_delta_lfm/processed/141_S_0767/I845574/I845574_synthseg_1.5mm.nii.gz,593120.0,485.0,1338.0,8588.0,2516.0,42547.0,11892.0,185628.0,151971.0,155334.0,1201.0,2760.0,763.0,14779.0,1196.0,3907.0,4796.0,500.0,2919.0
/mnt/aix22308/data/ADNI_delta_lfm/processed/141_S_0767/I99988/I99988_synthseg_1.5mm.nii.gz,587628.0,469.0,1238.0,8536.0,2492.0,40112.0,12269.0,187130.0,161164.0,146882.0,1086.0,2941.0,481.0,9944.0,1206.0,3628.0,4802.0,351.0,2897.0
/mnt/aix22308/data/ADNI_delta_lfm/processed/141_S_1255/I103795/I103795_synthseg_1.5mm.nii.gz,581961.0,445.0,1341.0,7788.0,2924.0,43375.0,12099.0,178070.0,144457.0,159159.0,695.0,2872.0,603.0,14175.0,1288.0,4614.0,4492.0,540.0,3024.0
/mnt/aix22308/data/ADNI_delta_lfm/processed/141_S_1255/I104205/I104205_synthseg_1.5mm.nii.gz,587293.0,477.0,1279.0,7936.0,2941.0,43398.0,12260.0,177289.0,149587.0,159861.0,727.0,2858.0,597.0,14034.0,1281.0,4658.0,4561.0,535.0,3014.0
/mnt/aix22308/data/ADNI_delta_lfm/processed/141_S_1255/I311137/I311137_synthseg_1.5mm.nii.gz,582474.0,383.0,1100.0,7682.0,2957.0,40843.0,11301.0,168311.0,142608.0,168694.0,834.0,2320.0,1240.0,20790.0,1219.0,4266.0,4229.0,701.0,2996.0
/mnt/aix22308/data/ADNI_delta_lfm/processed/141_S_1255/I38117/I38117_synthseg_1.5mm.nii.gz,587311.0,461.0,1362.0,8012.0,2990.0,43450.0,12048.0,183362.0,147307.0,156531.0,690.0,2994.0,554.0,13398.0,1369.0,4661.0,4616.0,534.0,2972.0
/mnt/aix22308/data/ADNI_delta_lfm/processed/153_S_4077/I286974/I286974_synthseg_1.5mm.nii.gz,598629.0,368.0,1216.0,7095.0,2465.0,38524.0,10797.0,190983.0,169516.0,136612.0,880.0,2583.0,986.0,22960.0,1096.0,3515.0,4945.0,1219.0,2869.0
/mnt/aix22308/data/ADNI_delta_lfm/processed/153_S_4077/I314002/I314002_synthseg_1.5mm.nii.gz,599839.0,368.0,1192.0,7196.0,2525.0,39718.0,11349.0,188700.0,171945.0,135826.0,916.0,2661.0,986.0,22738.0,1131.0,3506.0,4900.0,1218.0,2964.0
/mnt/aix22308/data/ADNI_delta_lfm/processed/153_S_4077/I382194/I382194_synthseg_1.5mm.nii.gz,602708.0,345.0,1225.0,7194.0,2438.0,39199.0,11182.0,191964.0,170360.0,136937.0,964.0,2601.0,1027.0,23584.0,1126.0,3526.0,4950.0,1228.0,2858.0
/mnt/aix22308/data/ADNI_delta_lfm/processed/153_S_4077/I501539/I501539_synthseg_1.5mm.nii.gz,597286.0,344.0,1094.0,7078.0,2562.0,39849.0,11152.0,186163.0,167537.0,138430.0,982.0,2496.0,1216.0,24893.0,1112.0,3404.0,4720.0,1315.0,2939.0
/mnt/aix22308/data/ADNI_delta_lfm/processed/153_S_4125/I286185/I286185_synthseg_1.5mm.nii.gz,595053.0,469.0,1598.0,9157.0,3306.0,45188.0,11966.0,196867.0,151178.0,140896.0,1045.0,3246.0,644.0,14361.0,1320.0,4334.0,5530.0,545.0,3403.0
/mnt/aix22308/data/ADNI_delta_lfm/processed/153_S_4125/I316644/I316644_synthseg_1.5mm.nii.gz,597809.0,470.0,1567.0,9130.0,3336.0,45055.0,12185.0,197883.0,152701.0,140246.0,1073.0,3295.0,637.0,14697.0,1372.0,4503.0,5613.0,548.0,3498.0
/mnt/aix22308/data/ADNI_delta_lfm/processed/153_S_4125/I505759/I505759_synthseg_1.5mm.nii.gz,599789.0,429.0,1522.0,9041.0,3367.0,44738.0,12166.0,196628.0,151381.0,144301.0,1083.0,3159.0,679.0,16137.0,1318.0,4389.0,5513.0,622.0,3316.0
/mnt/aix22308/data/ADNI_delta_lfm/processed/153_S_4372/I306339/I306339_synthseg_1.5mm.nii.gz,592200.0,461.0,1392.0,8625.0,2389.0,46653.0,13044.0,188350.0,153494.0,149576.0,687.0,3579.0,432.0,10165.0,1218.0,3555.0,4979.0,440.0,3161.0
/mnt/aix22308/data/ADNI_delta_lfm/processed/153_S_4372/I350812/I350812_synthseg_1.5mm.nii.gz,590058.0,444.0,1325.0,8634.0,2362.0,46406.0,12547.0,186247.0,153038.0,150638.0,717.0,3502.0,453.0,10382.0,1236.0,3536.0,4959.0,459.0,3173.0
/mnt/aix22308/data/ADNI_delta_lfm/processed/153_S_4372/I401195/I401195_synthseg_1.5mm.nii.gz,594710.0,464.0,1367.0,8543.0,2393.0,45918.0,12841.0,189044.0,153716.0,151502.0,702.0,3511.0,445.0,10713.0,1264.0,3616.0,4982.0,466.0,3223.0
/mnt/aix22308/data/ADNI_delta_lfm/processed/153_S_4372/I575681/I575681_synthseg_1.5mm.nii.gz,590108.0,469.0,1386.0,8522.0,2372.0,45463.0,12658.0,186178.0,151197.0,152649.0,705.0,3425.0,445.0,11296.0,1217.0,3563.0,4849.0,500.0,3214.0
/mnt/aix22308/data/ADNI_delta_lfm/processed/153_S_6274/I10396102/I10396102_synthseg_1.5mm.nii.gz,599150.0,521.0,1285.0,8645.0,2486.0,43212.0,12317.0,189130.0,154275.0,159310.0,884.0,2970.0,457.0,10766.0,1092.0,3639.0,4713.0,531.0,2917.0
/mnt/aix22308/data/ADNI_delta_lfm/processed/153_S_6274/I976984/I976984_synthseg_1.5mm.nii.gz,599064.0,511.0,1293.0,8539.0,2481.0,43594.0,12404.0,189760.0,155757.0,157366.0,874.0,3018.0,423.0,10098.0,1099.0,3720.0,4677.0,509.0,2941.0
/mnt/aix22308/data/ADNI_delta_lfm/processed/941_S_1295/I116538/I116538_synthseg_1.5mm.nii.gz,579646.0,386.0,930.0,8540.0,2782.0,33448.0,11942.0,168291.0,151591.0,156617.0,954.0,2166.0,1352.0,28633.0,1064.0,3049.0,3997.0,915.0,2989.0
/mnt/aix22308/data/ADNI_delta_lfm/processed/941_S_1295/I39247/I39247_synthseg_1.5mm.nii.gz,582221.0,391.0,1075.0,8656.0,2715.0,34132.0,11815.0,178121.0,153210.0,150762.0,925.0,2401.0,1097.0,24358.0,1107.0,3136.0,4375.0,826.0,3119.0
/mnt/aix22308/data/ADNI_delta_lfm/processed/941_S_1295/I69872/I69872_synthseg_1.5mm.nii.gz,577393.0,386.0,1022.0,8674.0,2689.0,33552.0,11405.0,175830.0,150527.0,151731.0,913.0,2314.0,1125.0,24801.0,1066.0,3178.0,4260.0,819.0,3101.0
/mnt/aix22308/data/ADNI_delta_lfm/processed/941_S_4292/I1191372/I1191372_synthseg_1.5mm.nii.gz,592032.0,436.0,1588.0,8370.0,2574.0,39692.0,10213.0,188549.0,161541.0,145756.0,1054.0,3165.0,502.0,14136.0,1277.0,4185.0,5361.0,509.0,3124.0
/mnt/aix22308/data/ADNI_delta_lfm/processed/941_S_4292/I1500470/I1500470_synthseg_1.5mm.nii.gz,592525.0,437.0,1567.0,8337.0,2621.0,38904.0,10051.0,187115.0,159419.0,149042.0,1033.0,3171.0,559.0,15862.0,1262.0,4185.0,5313.0,557.0,3090.0
/mnt/aix22308/data/ADNI_delta_lfm/processed/941_S_4292/I311623/I311623_synthseg_1.5mm.nii.gz,604223.0,460.0,1578.0,8743.0,2580.0,40663.0,10566.0,194567.0,171209.0,143136.0,1002.0,3369.0,404.0,11346.0,1322.0,4208.0,5461.0,412.0,3197.0
/mnt/aix22308/data/ADNI_delta_lfm/processed/941_S_4292/I352773/I352773_synthseg_1.5mm.nii.gz,603270.0,450.0,1547.0,8704.0,2573.0,40567.0,10960.0,189962.0,171787.0,146040.0,1017.0,3392.0,441.0,11318.0,1308.0,4129.0,5456.0,402.0,3217.0
/mnt/aix22308/data/ADNI_delta_lfm/processed/941_S_4292/I391682/I391682_synthseg_1.5mm.nii.gz,599996.0,467.0,1529.0,8540.0,2532.0,40382.0,10542.0,193066.0,169943.0,142058.0,1029.0,3389.0,408.0,11580.0,1328.0,4132.0,5446.0,437.0,3188.0
/mnt/aix22308/data/ADNI_delta_lfm/processed/941_S_4292/I763562/I763562_synthseg_1.5mm.nii.gz,598632.0,407.0,1548.0,8531.0,2513.0,39554.0,10694.0,190481.0,167044.0,144923.0,1073.0,3244.0,503.0,13800.0,1219.0,4069.0,5386.0,509.0,3134.0
/mnt/aix22308/data/ADNI_delta_lfm/processed/941_S_4292/I893552/I893552_synthseg_1.5mm.nii.gz,601408.0,438.0,1542.0,8563.0,2589.0,39528.0,10610.0,191714.0,166454.0,147259.0,1085.0,3282.0,469.0,13453.0,1308.0,4114.0,5390.0,493.0,3117.0
/mnt/aix22308/data/ADNI_delta_lfm/processed/941_S_6058/I1209877/I1209877_synthseg_1.5mm.nii.gz,604243.0,550.0,1364.0,8604.0,3116.0,43628.0,11732.0,209625.0,178585.0,121234.0,694.0,3267.0,343.0,6959.0,1268.0,4092.0,5553.0,336.0,3293.0
/mnt/aix22308/data/ADNI_delta_lfm/processed/941_S_6058/I1476589/I1476589_synthseg_1.5mm.nii.gz,606392.0,515.0,1438.0,8521.0,3082.0,43046.0,11614.0,206962.0,176576.0,127915.0,702.0,3211.0,354.0,7976.0,1278.0,4056.0,5517.0,361.0,3268.0
/mnt/aix22308/data/ADNI_delta_lfm/processed/941_S_6058/I884964/I884964_synthseg_1.5mm.nii.gz,610687.0,507.0,1346.0,8569.0,3074.0,43778.0,11979.0,209740.0,180400.0,125630.0,722.0,3280.0,347.0,6874.0,1323.0,4022.0,5524.0,339.0,3233.0
/mnt/aix22308/data/ADNI_delta_lfm/processed/941_S_6422/I1010650/I1010650_synthseg_1.5mm.nii.gz,601233.0,546.0,1546.0,8777.0,3227.0,47429.0,13664.0,200848.0,165207.0,129848.0,1026.0,3644.0,504.0,10105.0,1383.0,4317.0,5525.0,368.0,3269.0
/mnt/aix22308/data/ADNI_delta_lfm/processed/941_S_6422/I11058574/I11058574_synthseg_1.5mm.nii.gz,609909.0,554.0,1617.0,8870.0,3390.0,47396.0,13449.0,204051.0,162465.0,135932.0,1092.0,3787.0,529.0,11531.0,1443.0,4561.0,5572.0,417.0,3253.0
/mnt/aix22308/data/ADNI_delta_lfm/processed/941_S_6422/I1559923/I1559923_synthseg_1.5mm.nii.gz,604815.0,537.0,1531.0,8664.0,3256.0,46781.0,13771.0,199886.0,163361.0,134889.0,1088.0,3612.0,536.0,12007.0,1400.0,4368.0,5388.0,441.0,3299.0
/mnt/aix22308/data/ADNI_delta_lfm/processed/941_S_6422/I1633921/I1633921_synthseg_1.5mm.nii.gz,601204.0,551.0,1550.0,8619.0,3325.0,46993.0,13558.0,200413.0,160480.0,133824.0,1080.0,3668.0,502.0,11738.0,1380.0,4337.0,5518.0,411.0,3257.0
/mnt/aix22308/data/ADNI_delta_lfm/processed/941_S_6499/I1023542/I1023542_synthseg_1.5mm.nii.gz,602700.0,509.0,1502.0,7887.0,3339.0,41272.0,11060.0,201980.0,154848.0,148569.0,796.0,3571.0,497.0,12421.0,1293.0,3916.0,5418.0,716.0,3106.0
/mnt/aix22308/data/ADNI_delta_lfm/processed/941_S_6499/I11048674/I11048674_synthseg_1.5mm.nii.gz,597712.0,464.0,1486.0,7618.0,3304.0,41000.0,10486.0,197876.0,145482.0,154657.0,880.0,3421.0,595.0,16146.0,1282.0,3943.0,5222.0,865.0,2985.0
/mnt/aix22308/data/ADNI_delta_lfm/processed/941_S_6499/I1335865/I1335865_synthseg_1.5mm.nii.gz,600127.0,482.0,1547.0,7729.0,3358.0,41330.0,11005.0,199566.0,151289.0,150560.0,863.0,3504.0,530.0,13980.0,1265.0,3919.0,5356.0,776.0,3068.0
/mnt/aix22308/data/ADNI_delta_lfm/processed/941_S_6499/I1621068/I1621068_synthseg_1.5mm.nii.gz,593490.0,471.0,1427.0,7474.0,3236.0,40104.0,10756.0,196658.0,147259.0,151654.0,867.0,3405.0,605.0,15405.0,1206.0,3845.0,5247.0,839.0,3032.0
/mnt/aix22308/data/ADNI_delta_lfm/processed/941_S_6575/I1045984/I1045984_synthseg_1.5mm.nii.gz,601078.0,424.0,1401.0,7895.0,2974.0,41590.0,11451.0,199415.0,164057.0,133573.0,625.0,3052.0,679.0,19809.0,1134.0,3654.0,5388.0,848.0,3109.0
/mnt/aix22308/data/ADNI_delta_lfm/processed/941_S_6575/I1227239/I1227239_synthseg_1.5mm.nii.gz,596208.0,417.0,1373.0,7884.0,2941.0,40261.0,11342.0,195787.0,161111.0,135513.0,643.0,2976.0,750.0,21358.0,1116.0,3538.0,5270.0,888.0,3040.0
/mnt/aix22308/data/ADNI_delta_lfm/processed/941_S_6575/I1360295/I1360295_synthseg_1.5mm.nii.gz,596629.0,432.0,1364.0,8029.0,3002.0,40806.0,11470.0,197647.0,161945.0,132367.0,616.0,3008.0,714.0,21199.0,1085.0,3698.0,5358.0,877.0,3012.0
